run,raw_file,phase,timestamp_utc,temp_C,throttled,active_low_bits,rss_MiB,ru_maxrss_MiB
HPC,0000-synthetic-n512-full-t2-local.json,telemetry_before,2026-09-15T18:53:25.080651+00:00,50.0,,,21.67578125,106.27734375
HPC,0000-synthetic-n512-full-t2-local.json,telemetry_after,2026-09-15T18:53:28.414161+00:00,50.0,,,22.05078125,106.27734375
HPC,0000-synthetic-n512-full-t2-memory_pressure.json,telemetry_before,2026-09-15T18:53:28.707864+00:00,51.0,,,85.9296875,106.27734375
HPC,0000-synthetic-n512-full-t2-memory_pressure.json,telemetry_after,2026-09-15T18:53:32.037777+00:00,50.0,,,85.9296875,106.27734375
HPC,0001-synthetic-n4096-ext_cached-t1-local.json,telemetry_before,2026-09-15T18:53:51.521076+00:00,52.0,,,21.625,113.71484375
HPC,0001-synthetic-n4096-ext_cached-t1-local.json,telemetry_after,2026-09-15T18:53:54.868967+00:00,49.0,,,21.94140625,113.71484375
HPC,0001-synthetic-n4096-ext_cached-t1-memory_pressure.json,telemetry_before,2026-09-15T18:53:55.142149+00:00,50.0,,,85.7109375,113.71484375
HPC,0001-synthetic-n4096-ext_cached-t1-memory_pressure.json,telemetry_after,2026-09-15T18:53:58.490407+00:00,49.0,,,85.7109375,113.71484375
HPC,0002-ethereum_rpc_finalized_json-n69-full-t3-local.json,telemetry_before,2026-09-15T18:53:59.695279+00:00,49.0,,,21.47265625,137.66796875
HPC,0002-ethereum_rpc_finalized_json-n69-full-t3-local.json,telemetry_after,2026-09-15T18:54:04.198662+00:00,50.0,,,24.625,137.66796875
HPC,0002-ethereum_rpc_finalized_json-n69-full-t3-memory_pressure.json,telemetry_before,2026-09-15T18:54:04.480672+00:00,50.0,,,85.703125,137.66796875
HPC,0002-ethereum_rpc_finalized_json-n69-full-t3-memory_pressure.json,telemetry_after,2026-09-15T18:54:08.967484+00:00,49.0,,,88.671875,137.66796875
HPC,0003-synthetic-n4096-full-t3-local.json,telemetry_before,2026-09-15T18:54:27.584622+00:00,52.0,,,21.7265625,137.66796875
HPC,0003-synthetic-n4096-full-t3-local.json,telemetry_after,2026-09-15T18:54:30.916534+00:00,52.0,,,22.1015625,137.66796875
HPC,0003-synthetic-n4096-full-t3-memory_pressure.json,telemetry_before,2026-09-15T18:54:31.191617+00:00,52.0,,,85.84765625,137.66796875
HPC,0003-synthetic-n4096-full-t3-memory_pressure.json,telemetry_after,2026-09-15T18:54:34.534533+00:00,51.0,,,85.84765625,137.66796875
HPC,0004-ethereum_rpc_finalized_json-n69-ext_cached-t3-local.json,telemetry_before,2026-09-15T18:54:35.695156+00:00,52.0,,,21.625,137.66796875
HPC,0004-ethereum_rpc_finalized_json-n69-ext_cached-t3-local.json,telemetry_after,2026-09-15T18:54:40.203794+00:00,51.0,,,24.78515625,137.66796875
HPC,0004-ethereum_rpc_finalized_json-n69-ext_cached-t3-memory_pressure.json,telemetry_before,2026-09-15T18:54:40.470937+00:00,51.0,,,85.8125,137.66796875
HPC,0004-ethereum_rpc_finalized_json-n69-ext_cached-t3-memory_pressure.json,telemetry_after,2026-09-15T18:54:44.965804+00:00,51.0,,,88.72265625,137.66796875
HPC,0005-ethereum_rpc_finalized_json-n69-ext_cached-t2-local.json,telemetry_before,2026-09-15T18:54:46.126430+00:00,51.0,,,21.62890625,137.66796875
HPC,0005-ethereum_rpc_finalized_json-n69-ext_cached-t2-local.json,telemetry_after,2026-09-15T18:54:50.660245+00:00,47.0,,,24.5703125,137.66796875
HPC,0005-ethereum_rpc_finalized_json-n69-ext_cached-t2-memory_pressure.json,telemetry_before,2026-09-15T18:54:50.932478+00:00,50.0,,,86.01171875,137.66796875
HPC,0005-ethereum_rpc_finalized_json-n69-ext_cached-t2-memory_pressure.json,telemetry_after,2026-09-15T18:54:55.431682+00:00,50.0,,,88.7578125,137.66796875
HPC,0006-ethereum_rpc_finalized_json-n69-ext_rebuild-t1-local.json,telemetry_before,2026-09-15T18:54:59.417885+00:00,47.0,,,21.7109375,138.73046875
HPC,0006-ethereum_rpc_finalized_json-n69-ext_rebuild-t1-local.json,telemetry_after,2026-09-15T18:55:03.823950+00:00,48.0,,,25.140625,138.73046875
HPC,0006-ethereum_rpc_finalized_json-n69-ext_rebuild-t1-memory_pressure.json,telemetry_before,2026-09-15T18:55:04.094330+00:00,46.0,,,86.0234375,138.73046875
HPC,0006-ethereum_rpc_finalized_json-n69-ext_rebuild-t1-memory_pressure.json,telemetry_after,2026-09-15T18:55:08.498882+00:00,49.0,,,89.26171875,138.73046875
HPC,0007-ethereum_rpc_finalized_json-n69-ext_cached-t1-local.json,telemetry_before,2026-09-15T18:55:09.698723+00:00,50.0,,,21.81640625,138.73046875
HPC,0007-ethereum_rpc_finalized_json-n69-ext_cached-t1-local.json,telemetry_after,2026-09-15T18:55:14.111102+00:00,49.0,,,25.2421875,138.73046875
HPC,0007-ethereum_rpc_finalized_json-n69-ext_cached-t1-memory_pressure.json,telemetry_before,2026-09-15T18:55:14.394043+00:00,52.0,,,85.921875,138.73046875
HPC,0007-ethereum_rpc_finalized_json-n69-ext_cached-t1-memory_pressure.json,telemetry_after,2026-09-15T18:55:18.769448+00:00,51.0,,,89.109375,138.73046875
HPC,0008-ethereum_rpc_finalized_json-n69-ext_rebuild-t0-local.json,telemetry_before,2026-09-15T18:55:22.747325+00:00,51.0,,,21.46484375,138.73046875
HPC,0008-ethereum_rpc_finalized_json-n69-ext_rebuild-t0-local.json,telemetry_after,2026-09-15T18:55:27.227066+00:00,51.0,,,24.6875,138.73046875
HPC,0008-ethereum_rpc_finalized_json-n69-ext_rebuild-t0-memory_pressure.json,telemetry_before,2026-09-15T18:55:27.499070+00:00,51.0,,,85.859375,138.73046875
HPC,0008-ethereum_rpc_finalized_json-n69-ext_rebuild-t0-memory_pressure.json,telemetry_after,2026-09-15T18:55:31.945298+00:00,51.0,,,88.76171875,138.73046875
HPC,0009-ethereum_rpc_finalized_json-n69-full-t4-local.json,telemetry_before,2026-09-15T18:55:33.103862+00:00,51.0,,,21.68359375,138.73046875
HPC,0009-ethereum_rpc_finalized_json-n69-full-t4-local.json,telemetry_after,2026-09-15T18:55:37.623411+00:00,51.0,,,26.9140625,138.73046875
HPC,0009-ethereum_rpc_finalized_json-n69-full-t4-memory_pressure.json,telemetry_before,2026-09-15T18:55:37.906319+00:00,51.0,,,85.59765625,138.73046875
HPC,0009-ethereum_rpc_finalized_json-n69-full-t4-memory_pressure.json,telemetry_after,2026-09-15T18:55:42.400054+00:00,53.0,,,90.6875,138.73046875
HPC,0010-ethereum_rpc_finalized_json-n69-leaf-t1-local.json,telemetry_before,2026-09-15T18:55:43.545575+00:00,50.0,,,21.4765625,138.73046875
HPC,0010-ethereum_rpc_finalized_json-n69-leaf-t1-local.json,telemetry_after,2026-09-15T18:55:48.341102+00:00,49.0,,,24.4921875,138.73046875
HPC,0010-ethereum_rpc_finalized_json-n69-leaf-t1-memory_pressure.json,telemetry_before,2026-09-15T18:55:48.611396+00:00,50.0,,,85.84765625,138.73046875
HPC,0010-ethereum_rpc_finalized_json-n69-leaf-t1-memory_pressure.json,telemetry_after,2026-09-15T18:55:53.061874+00:00,50.0,,,88.61328125,138.73046875
HPC,0011-synthetic-n4096-full-t0-local.json,telemetry_before,2026-09-15T18:56:11.178272+00:00,51.0,,,21.6328125,139.9609375
HPC,0011-synthetic-n4096-full-t0-local.json,telemetry_after,2026-09-15T18:56:14.521692+00:00,51.0,,,21.94921875,139.9609375
HPC,0011-synthetic-n4096-full-t0-memory_pressure.json,telemetry_before,2026-09-15T18:56:14.802286+00:00,51.0,,,85.875,139.9609375
HPC,0011-synthetic-n4096-full-t0-memory_pressure.json,telemetry_after,2026-09-15T18:56:18.133116+00:00,51.0,,,85.875,139.9609375
HPC,0012-ethereum_rpc_finalized_json-n69-archive-t0-archive_retrieval.json,telemetry_before,2026-09-15T18:56:24.069852+00:00,51.0,,,21.625,139.9609375
HPC,0012-ethereum_rpc_finalized_json-n69-archive-t0-archive_retrieval.json,telemetry_after,2026-09-15T18:56:29.787794+00:00,52.0,,,25.015625,139.9609375
HPC,0012-ethereum_rpc_finalized_json-n69-archive-t0-local.json,telemetry_before,2026-09-15T18:56:19.287995+00:00,51.0,,,21.6953125,139.9609375
HPC,0012-ethereum_rpc_finalized_json-n69-archive-t0-local.json,telemetry_after,2026-09-15T18:56:23.766569+00:00,52.0,,,24.87890625,139.9609375
HPC,0013-ethereum_rpc_finalized_json-n69-leaf-t3-local.json,telemetry_before,2026-09-15T18:56:30.976220+00:00,51.0,,,21.61328125,139.9609375
HPC,0013-ethereum_rpc_finalized_json-n69-leaf-t3-local.json,telemetry_after,2026-09-15T18:56:35.528849+00:00,51.0,,,24.4140625,139.9609375
HPC,0013-ethereum_rpc_finalized_json-n69-leaf-t3-memory_pressure.json,telemetry_before,2026-09-15T18:56:35.802401+00:00,52.0,,,85.8203125,139.9609375
HPC,0013-ethereum_rpc_finalized_json-n69-leaf-t3-memory_pressure.json,telemetry_after,2026-09-15T18:56:40.338205+00:00,49.0,,,88.41015625,139.9609375
HPC,0014-synthetic-n4096-ext_rebuild-t3-local.json,telemetry_before,2026-09-15T18:58:29.368314+00:00,52.0,,,21.671875,139.9609375
HPC,0014-synthetic-n4096-ext_rebuild-t3-local.json,telemetry_after,2026-09-15T18:58:32.704408+00:00,49.0,,,21.98828125,139.9609375
HPC,0014-synthetic-n4096-ext_rebuild-t3-memory_pressure.json,telemetry_before,2026-09-15T18:58:32.967139+00:00,49.0,,,86.0234375,139.9609375
HPC,0014-synthetic-n4096-ext_rebuild-t3-memory_pressure.json,telemetry_after,2026-09-15T18:58:36.295742+00:00,48.0,,,86.0234375,139.9609375
HPC,0015-synthetic-n4096-leaf-t4-local.json,telemetry_before,2026-09-15T18:58:54.292655+00:00,50.0,,,21.6875,140.6875
HPC,0015-synthetic-n4096-leaf-t4-local.json,telemetry_after,2026-09-15T18:58:58.984890+00:00,51.0,,,24.5,140.6875
HPC,0015-synthetic-n4096-leaf-t4-memory_pressure.json,telemetry_before,2026-09-15T18:58:59.246048+00:00,52.0,,,86.0390625,140.6875
HPC,0015-synthetic-n4096-leaf-t4-memory_pressure.json,telemetry_after,2026-09-15T18:59:03.908516+00:00,51.0,,,88.5234375,140.6875
HPC,0016-synthetic-n512-ext_cached-t1-local.json,telemetry_before,2026-09-15T18:59:06.591239+00:00,52.0,,,21.62109375,140.6875
HPC,0016-synthetic-n512-ext_cached-t1-local.json,telemetry_after,2026-09-15T18:59:09.929300+00:00,51.0,,,21.97265625,140.6875
HPC,0016-synthetic-n512-ext_cached-t1-memory_pressure.json,telemetry_before,2026-09-15T18:59:10.202869+00:00,51.0,,,85.8203125,140.6875
HPC,0016-synthetic-n512-ext_cached-t1-memory_pressure.json,telemetry_after,2026-09-15T18:59:13.539196+00:00,51.0,,,85.8203125,140.6875
HPC,0017-synthetic-n4096-leaf-t3-local.json,telemetry_before,2026-09-15T18:59:32.412898+00:00,48.0,,,21.48828125,140.6875
HPC,0017-synthetic-n4096-leaf-t3-local.json,telemetry_after,2026-09-15T18:59:37.090375+00:00,49.0,,,24.33984375,140.6875
HPC,0017-synthetic-n4096-leaf-t3-memory_pressure.json,telemetry_before,2026-09-15T18:59:37.356226+00:00,48.0,,,85.88671875,140.6875
HPC,0017-synthetic-n4096-leaf-t3-memory_pressure.json,telemetry_after,2026-09-15T18:59:42.009204+00:00,50.0,,,88.44140625,140.6875
HPC,0018-synthetic-n4096-leaf-t0-local.json,telemetry_before,2026-09-15T19:00:02.420495+00:00,52.0,,,21.765625,140.94140625
HPC,0018-synthetic-n4096-leaf-t0-local.json,telemetry_after,2026-09-15T19:00:07.127139+00:00,51.0,,,24.51953125,140.94140625
HPC,0018-synthetic-n4096-leaf-t0-memory_pressure.json,telemetry_before,2026-09-15T19:00:07.400613+00:00,53.0,,,85.88671875,140.94140625
HPC,0018-synthetic-n4096-leaf-t0-memory_pressure.json,telemetry_after,2026-09-15T19:00:12.058086+00:00,52.0,,,88.44140625,140.94140625
HPC,0019-synthetic-n4096-full-t4-local.json,telemetry_before,2026-09-15T19:00:30.649217+00:00,50.0,,,21.82421875,141.05859375
HPC,0019-synthetic-n4096-full-t4-local.json,telemetry_after,2026-09-15T19:00:33.993541+00:00,50.0,,,22.13671875,141.05859375
HPC,0019-synthetic-n4096-full-t4-memory_pressure.json,telemetry_before,2026-09-15T19:00:34.322544+00:00,50.0,,,85.94140625,141.05859375
HPC,0019-synthetic-n4096-full-t4-memory_pressure.json,telemetry_after,2026-09-15T19:00:37.670626+00:00,49.0,,,85.94140625,141.05859375
HPC,0020-synthetic-n4096-ext_rebuild-t2-local.json,telemetry_before,2026-09-15T19:02:27.645136+00:00,49.0,,,21.41796875,141.57421875
HPC,0020-synthetic-n4096-ext_rebuild-t2-local.json,telemetry_after,2026-09-15T19:02:30.995715+00:00,50.0,,,21.77734375,141.57421875
HPC,0020-synthetic-n4096-ext_rebuild-t2-memory_pressure.json,telemetry_before,2026-09-15T19:02:31.256826+00:00,50.0,,,86.01171875,141.57421875
HPC,0020-synthetic-n4096-ext_rebuild-t2-memory_pressure.json,telemetry_after,2026-09-15T19:02:34.596783+00:00,49.0,,,86.01171875,141.57421875
HPC,0021-synthetic-n4096-ext_rebuild-t4-local.json,telemetry_before,2026-09-15T19:04:23.657829+00:00,49.0,,,21.6796875,141.57421875
HPC,0021-synthetic-n4096-ext_rebuild-t4-local.json,telemetry_after,2026-09-15T19:04:27.004577+00:00,48.0,,,22.0546875,141.57421875
HPC,0021-synthetic-n4096-ext_rebuild-t4-memory_pressure.json,telemetry_before,2026-09-15T19:04:27.263002+00:00,50.0,,,85.80859375,141.57421875
HPC,0021-synthetic-n4096-ext_rebuild-t4-memory_pressure.json,telemetry_after,2026-09-15T19:04:30.596812+00:00,50.0,,,85.80859375,141.57421875
HPC,0022-synthetic-n4096-full-t2-local.json,telemetry_before,2026-09-15T19:04:48.869084+00:00,52.0,,,21.7109375,141.57421875
HPC,0022-synthetic-n4096-full-t2-local.json,telemetry_after,2026-09-15T19:04:52.205309+00:00,51.0,,,22.02734375,141.57421875
HPC,0022-synthetic-n4096-full-t2-memory_pressure.json,telemetry_before,2026-09-15T19:04:52.471906+00:00,51.0,,,85.9375,141.57421875
HPC,0022-synthetic-n4096-full-t2-memory_pressure.json,telemetry_after,2026-09-15T19:04:55.811403+00:00,51.0,,,85.9375,141.57421875
HPC,0023-synthetic-n512-ext_cached-t0-energy_workload.json,telemetry_before,2026-09-15T19:05:05.661555+00:00,50.0,,,21.640625,141.57421875
HPC,0023-synthetic-n512-ext_cached-t0-energy_workload.json,telemetry_after,2026-09-15T19:05:18.696579+00:00,49.0,,,24.9609375,141.57421875
HPC,0023-synthetic-n512-ext_cached-t0-local.json,telemetry_before,2026-09-15T19:04:58.455344+00:00,51.0,,,21.41796875,141.57421875
HPC,0023-synthetic-n512-ext_cached-t0-local.json,telemetry_after,2026-09-15T19:05:01.792032+00:00,53.0,,,21.77734375,141.57421875
HPC,0023-synthetic-n512-ext_cached-t0-memory_pressure.json,telemetry_before,2026-09-15T19:05:02.071107+00:00,52.0,,,85.62890625,141.57421875
HPC,0023-synthetic-n512-ext_cached-t0-memory_pressure.json,telemetry_after,2026-09-15T19:05:05.405661+00:00,50.0,,,85.62890625,141.57421875
HPC,0024-ethereum_rpc_finalized_json-n69-ext_rebuild-t4-local.json,telemetry_before,2026-09-15T19:05:22.609511+00:00,49.0,,,21.76953125,141.57421875
HPC,0024-ethereum_rpc_finalized_json-n69-ext_rebuild-t4-local.json,telemetry_after,2026-09-15T19:05:27.130111+00:00,50.0,,,26.9453125,141.57421875
HPC,0024-ethereum_rpc_finalized_json-n69-ext_rebuild-t4-memory_pressure.json,telemetry_before,2026-09-15T19:05:27.468567+00:00,50.0,,,85.9765625,141.57421875
HPC,0024-ethereum_rpc_finalized_json-n69-ext_rebuild-t4-memory_pressure.json,telemetry_after,2026-09-15T19:05:31.946961+00:00,51.0,,,90.953125,141.57421875
HPC,0025-synthetic-n512-leaf-t3-local.json,telemetry_before,2026-09-15T19:05:34.670259+00:00,51.0,,,21.48828125,141.57421875
HPC,0025-synthetic-n512-leaf-t3-local.json,telemetry_after,2026-09-15T19:05:38.172569+00:00,51.0,,,22.27734375,141.57421875
HPC,0025-synthetic-n512-leaf-t3-memory_pressure.json,telemetry_before,2026-09-15T19:05:38.432301+00:00,51.0,,,85.77734375,141.57421875
HPC,0025-synthetic-n512-leaf-t3-memory_pressure.json,telemetry_after,2026-09-15T19:05:41.946336+00:00,51.0,,,86.26953125,141.57421875
HPC,0026-synthetic-n4096-leaf-t2-local.json,telemetry_before,2026-09-15T19:06:01.369983+00:00,50.0,,,21.78515625,141.57421875
HPC,0026-synthetic-n4096-leaf-t2-local.json,telemetry_after,2026-09-15T19:06:06.050151+00:00,50.0,,,24.59765625,141.57421875
HPC,0026-synthetic-n4096-leaf-t2-memory_pressure.json,telemetry_before,2026-09-15T19:06:06.320163+00:00,50.0,,,85.984375,141.57421875
HPC,0026-synthetic-n4096-leaf-t2-memory_pressure.json,telemetry_after,2026-09-15T19:06:10.972299+00:00,48.0,,,88.5390625,141.57421875
HPC,0027-synthetic-n512-leaf-t2-local.json,telemetry_before,2026-09-15T19:06:13.657188+00:00,50.0,,,21.70703125,141.57421875
HPC,0027-synthetic-n512-leaf-t2-local.json,telemetry_after,2026-09-15T19:06:17.175665+00:00,49.0,,,22.515625,141.57421875
HPC,0027-synthetic-n512-leaf-t2-memory_pressure.json,telemetry_before,2026-09-15T19:06:17.461723+00:00,50.0,,,85.66015625,141.57421875
HPC,0027-synthetic-n512-leaf-t2-memory_pressure.json,telemetry_after,2026-09-15T19:06:20.974615+00:00,50.0,,,86.1953125,141.57421875
HPC,0028-synthetic-n512-leaf-t0-energy_workload.json,telemetry_before,2026-09-15T19:06:31.260125+00:00,52.0,,,21.8046875,141.57421875
HPC,0028-synthetic-n512-leaf-t0-energy_workload.json,telemetry_after,2026-09-15T19:06:44.308364+00:00,51.0,,,24.55859375,141.57421875
HPC,0028-synthetic-n512-leaf-t0-local.json,telemetry_before,2026-09-15T19:06:23.666777+00:00,51.0,,,21.625,141.57421875
HPC,0028-synthetic-n512-leaf-t0-local.json,telemetry_after,2026-09-15T19:06:27.172166+00:00,51.0,,,22.43359375,141.57421875
HPC,0028-synthetic-n512-leaf-t0-memory_pressure.json,telemetry_before,2026-09-15T19:06:27.505169+00:00,52.0,,,85.61328125,141.57421875
HPC,0028-synthetic-n512-leaf-t0-memory_pressure.json,telemetry_after,2026-09-15T19:06:31.015328+00:00,52.0,,,86.1484375,141.57421875
HPC,0029-ethereum_rpc_finalized_json-n69-full-t0-local.json,telemetry_before,2026-09-15T19:06:45.497308+00:00,51.0,,,21.40625,141.57421875
HPC,0029-ethereum_rpc_finalized_json-n69-full-t0-local.json,telemetry_after,2026-09-15T19:06:49.954685+00:00,52.0,,,24.5546875,141.57421875
HPC,0029-ethereum_rpc_finalized_json-n69-full-t0-memory_pressure.json,telemetry_before,2026-09-15T19:06:50.216603+00:00,52.0,,,85.81640625,141.57421875
HPC,0029-ethereum_rpc_finalized_json-n69-full-t0-memory_pressure.json,telemetry_after,2026-09-15T19:06:54.668796+00:00,49.0,,,88.74609375,141.57421875
HPC,0030-synthetic-n512-ext_rebuild-t2-local.json,telemetry_before,2026-09-15T19:07:08.028473+00:00,50.0,,,21.703125,141.57421875
HPC,0030-synthetic-n512-ext_rebuild-t2-local.json,telemetry_after,2026-09-15T19:07:11.358611+00:00,50.0,,,22.078125,141.57421875
HPC,0030-synthetic-n512-ext_rebuild-t2-memory_pressure.json,telemetry_before,2026-09-15T19:07:11.625118+00:00,50.0,,,85.97265625,141.57421875
HPC,0030-synthetic-n512-ext_rebuild-t2-memory_pressure.json,telemetry_after,2026-09-15T19:07:14.955476+00:00,50.0,,,85.97265625,141.57421875
HPC,0031-synthetic-n4096-archive-t4-archive_retrieval.json,telemetry_before,2026-09-15T19:07:36.502136+00:00,52.0,,,21.6640625,141.57421875
HPC,0031-synthetic-n4096-archive-t4-archive_retrieval.json,telemetry_after,2026-09-15T19:07:40.989763+00:00,52.0,,,22.4140625,141.57421875
HPC,0031-synthetic-n4096-archive-t4-local.json,telemetry_before,2026-09-15T19:07:32.926406+00:00,52.0,,,21.84765625,141.57421875
HPC,0031-synthetic-n4096-archive-t4-local.json,telemetry_after,2026-09-15T19:07:36.257434+00:00,52.0,,,22.1640625,141.57421875
HPC,0032-synthetic-n512-ext_cached-t4-local.json,telemetry_before,2026-09-15T19:07:43.796350+00:00,52.0,,,21.73828125,141.57421875
HPC,0032-synthetic-n512-ext_cached-t4-local.json,telemetry_after,2026-09-15T19:07:47.453280+00:00,52.0,,,22.0546875,141.57421875
HPC,0032-synthetic-n512-ext_cached-t4-memory_pressure.json,telemetry_before,2026-09-15T19:07:47.764467+00:00,53.0,,,85.94140625,141.57421875
HPC,0032-synthetic-n512-ext_cached-t4-memory_pressure.json,telemetry_after,2026-09-15T19:07:51.113008+00:00,50.0,,,85.94140625,141.57421875
HPC,0033-synthetic-n512-full-t0-energy_workload.json,telemetry_before,2026-09-15T19:08:01.105330+00:00,50.0,,,21.70703125,141.57421875
HPC,0033-synthetic-n512-full-t0-energy_workload.json,telemetry_after,2026-09-15T19:08:14.139064+00:00,49.0,,,25.09375,141.57421875
HPC,0033-synthetic-n512-full-t0-local.json,telemetry_before,2026-09-15T19:07:53.898946+00:00,51.0,,,21.7265625,141.57421875
HPC,0033-synthetic-n512-full-t0-local.json,telemetry_after,2026-09-15T19:07:57.249834+00:00,50.0,,,22.1015625,141.57421875
HPC,0033-synthetic-n512-full-t0-memory_pressure.json,telemetry_before,2026-09-15T19:07:57.517682+00:00,49.0,,,85.90625,141.57421875
HPC,0033-synthetic-n512-full-t0-memory_pressure.json,telemetry_after,2026-09-15T19:08:00.859503+00:00,49.0,,,85.90625,141.57421875
HPC,0034-synthetic-n512-ext_rebuild-t3-local.json,telemetry_before,2026-09-15T19:08:28.948401+00:00,51.0,,,21.77734375,141.57421875
HPC,0034-synthetic-n512-ext_rebuild-t3-local.json,telemetry_after,2026-09-15T19:08:32.281195+00:00,51.0,,,22.09375,141.57421875
HPC,0034-synthetic-n512-ext_rebuild-t3-memory_pressure.json,telemetry_before,2026-09-15T19:08:32.550825+00:00,51.0,,,85.875,141.57421875
HPC,0034-synthetic-n512-ext_rebuild-t3-memory_pressure.json,telemetry_after,2026-09-15T19:08:35.881833+00:00,51.0,,,85.875,141.57421875
HPC,0035-synthetic-n512-ext_rebuild-t1-local.json,telemetry_before,2026-09-15T19:08:49.217459+00:00,49.0,,,21.78515625,141.57421875
HPC,0035-synthetic-n512-ext_rebuild-t1-local.json,telemetry_after,2026-09-15T19:08:52.545361+00:00,50.0,,,22.1015625,141.57421875
HPC,0035-synthetic-n512-ext_rebuild-t1-memory_pressure.json,telemetry_before,2026-09-15T19:08:52.809347+00:00,50.0,,,85.82421875,141.57421875
HPC,0035-synthetic-n512-ext_rebuild-t1-memory_pressure.json,telemetry_after,2026-09-15T19:08:56.141688+00:00,49.0,,,85.82421875,141.57421875
HPC,0036-synthetic-n4096-ext_rebuild-t0-local.json,telemetry_before,2026-09-15T19:10:44.031619+00:00,47.0,,,21.703125,141.57421875
HPC,0036-synthetic-n4096-ext_rebuild-t0-local.json,telemetry_after,2026-09-15T19:10:47.377673+00:00,50.0,,,22.078125,141.57421875
HPC,0036-synthetic-n4096-ext_rebuild-t0-memory_pressure.json,telemetry_before,2026-09-15T19:10:47.639073+00:00,49.0,,,86.0390625,141.57421875
HPC,0036-synthetic-n4096-ext_rebuild-t0-memory_pressure.json,telemetry_after,2026-09-15T19:10:50.968208+00:00,49.0,,,86.0390625,141.57421875
HPC,0037-synthetic-n4096-ext_cached-t2-local.json,telemetry_before,2026-09-15T19:11:08.983917+00:00,52.0,,,21.48828125,141.57421875
HPC,0037-synthetic-n4096-ext_cached-t2-local.json,telemetry_after,2026-09-15T19:11:12.313354+00:00,52.0,,,21.84375,141.57421875
HPC,0037-synthetic-n4096-ext_cached-t2-memory_pressure.json,telemetry_before,2026-09-15T19:11:12.577867+00:00,52.0,,,85.82421875,141.57421875
HPC,0037-synthetic-n4096-ext_cached-t2-memory_pressure.json,telemetry_after,2026-09-15T19:11:15.901299+00:00,52.0,,,85.82421875,141.57421875
HPC,0038-ethereum_rpc_finalized_json-n69-full-t2-local.json,telemetry_before,2026-09-15T19:11:17.031824+00:00,52.0,,,21.69140625,141.57421875
HPC,0038-ethereum_rpc_finalized_json-n69-full-t2-local.json,telemetry_after,2026-09-15T19:11:21.529782+00:00,52.0,,,24.69140625,141.57421875
HPC,0038-ethereum_rpc_finalized_json-n69-full-t2-memory_pressure.json,telemetry_before,2026-09-15T19:11:21.802481+00:00,52.0,,,85.96875,141.57421875
HPC,0038-ethereum_rpc_finalized_json-n69-full-t2-memory_pressure.json,telemetry_after,2026-09-15T19:11:26.294062+00:00,50.0,,,88.64453125,141.57421875
HPC,0039-synthetic-n4096-ext_rebuild-t1-local.json,telemetry_before,2026-09-15T19:13:14.175218+00:00,51.0,,,21.4140625,141.57421875
HPC,0039-synthetic-n4096-ext_rebuild-t1-local.json,telemetry_after,2026-09-15T19:13:17.531827+00:00,52.0,,,21.7734375,141.57421875
HPC,0039-synthetic-n4096-ext_rebuild-t1-memory_pressure.json,telemetry_before,2026-09-15T19:13:17.792886+00:00,51.0,,,85.640625,141.57421875
HPC,0039-synthetic-n4096-ext_rebuild-t1-memory_pressure.json,telemetry_after,2026-09-15T19:13:21.114179+00:00,50.0,,,85.640625,141.57421875
HPC,0040-synthetic-n4096-archive-t2-archive_retrieval.json,telemetry_before,2026-09-15T19:13:42.798648+00:00,50.0,,,21.7734375,141.57421875
HPC,0040-synthetic-n4096-archive-t2-archive_retrieval.json,telemetry_after,2026-09-15T19:13:48.146482+00:00,51.0,,,22.46484375,141.57421875
HPC,0040-synthetic-n4096-archive-t2-local.json,telemetry_before,2026-09-15T19:13:39.199251+00:00,51.0,,,21.828125,141.57421875
HPC,0040-synthetic-n4096-archive-t2-local.json,telemetry_after,2026-09-15T19:13:42.543835+00:00,50.0,,,22.14453125,141.57421875
HPC,0041-synthetic-n512-archive-t1-archive_retrieval.json,telemetry_before,2026-09-15T19:13:54.459843+00:00,52.0,,,21.6328125,141.57421875
HPC,0041-synthetic-n512-archive-t1-archive_retrieval.json,telemetry_after,2026-09-15T19:13:58.931399+00:00,51.0,,,22.3828125,141.57421875
HPC,0041-synthetic-n512-archive-t1-local.json,telemetry_before,2026-09-15T19:13:50.871701+00:00,51.0,,,21.484375,141.57421875
HPC,0041-synthetic-n512-archive-t1-local.json,telemetry_after,2026-09-15T19:13:54.206305+00:00,52.0,,,21.83984375,141.57421875
HPC,0042-synthetic-n512-full-t4-local.json,telemetry_before,2026-09-15T19:14:01.617749+00:00,52.0,,,21.7109375,141.57421875
HPC,0042-synthetic-n512-full-t4-local.json,telemetry_after,2026-09-15T19:14:04.946757+00:00,52.0,,,22.0859375,141.57421875
HPC,0042-synthetic-n512-full-t4-memory_pressure.json,telemetry_before,2026-09-15T19:14:05.216705+00:00,52.0,,,85.68359375,141.57421875
HPC,0042-synthetic-n512-full-t4-memory_pressure.json,telemetry_after,2026-09-15T19:14:08.555491+00:00,52.0,,,85.68359375,141.57421875
HPC,0043-synthetic-n512-ext_rebuild-t0-energy_workload.json,telemetry_before,2026-09-15T19:14:29.005423+00:00,50.0,,,21.40234375,141.57421875
HPC,0043-synthetic-n512-ext_rebuild-t0-energy_workload.json,telemetry_after,2026-09-15T19:14:42.035752+00:00,52.0,,,24.7734375,141.57421875
HPC,0043-synthetic-n512-ext_rebuild-t0-local.json,telemetry_before,2026-09-15T19:14:21.838318+00:00,50.0,,,21.66796875,141.57421875
HPC,0043-synthetic-n512-ext_rebuild-t0-local.json,telemetry_after,2026-09-15T19:14:25.166356+00:00,49.0,,,21.97265625,141.57421875
HPC,0043-synthetic-n512-ext_rebuild-t0-memory_pressure.json,telemetry_before,2026-09-15T19:14:25.431288+00:00,51.0,,,85.9921875,141.57421875
HPC,0043-synthetic-n512-ext_rebuild-t0-memory_pressure.json,telemetry_after,2026-09-15T19:14:28.755929+00:00,49.0,,,85.9921875,141.57421875
HPC,0044-ethereum_rpc_finalized_json-n69-ext_cached-t4-local.json,telemetry_before,2026-09-15T19:14:43.258022+00:00,52.0,,,21.51953125,141.57421875
HPC,0044-ethereum_rpc_finalized_json-n69-ext_cached-t4-local.json,telemetry_after,2026-09-15T19:14:47.756350+00:00,52.0,,,26.8046875,141.57421875
HPC,0044-ethereum_rpc_finalized_json-n69-ext_cached-t4-memory_pressure.json,telemetry_before,2026-09-15T19:14:48.022716+00:00,51.0,,,85.70703125,141.57421875
HPC,0044-ethereum_rpc_finalized_json-n69-ext_cached-t4-memory_pressure.json,telemetry_after,2026-09-15T19:14:52.486521+00:00,51.0,,,90.80859375,141.57421875
HPC,0045-synthetic-n4096-leaf-t1-local.json,telemetry_before,2026-09-15T19:15:10.980725+00:00,51.0,,,21.625,141.57421875
HPC,0045-synthetic-n4096-leaf-t1-local.json,telemetry_after,2026-09-15T19:15:15.661055+00:00,51.0,,,24.49609375,141.57421875
HPC,0045-synthetic-n4096-leaf-t1-memory_pressure.json,telemetry_before,2026-09-15T19:15:15.941854+00:00,48.0,,,85.859375,141.57421875
HPC,0045-synthetic-n4096-leaf-t1-memory_pressure.json,telemetry_after,2026-09-15T19:15:20.600875+00:00,50.0,,,88.40234375,141.57421875
HPC,0046-synthetic-n512-ext_rebuild-t4-local.json,telemetry_before,2026-09-15T19:15:33.935790+00:00,50.0,,,21.98828125,141.57421875
HPC,0046-synthetic-n512-ext_rebuild-t4-local.json,telemetry_after,2026-09-15T19:15:37.276554+00:00,52.0,,,21.98828125,141.57421875
HPC,0046-synthetic-n512-ext_rebuild-t4-memory_pressure.json,telemetry_before,2026-09-15T19:15:37.538976+00:00,53.0,,,85.97265625,141.57421875
HPC,0046-synthetic-n512-ext_rebuild-t4-memory_pressure.json,telemetry_after,2026-09-15T19:15:40.867989+00:00,51.0,,,85.97265625,141.57421875
HPC,0047-synthetic-n4096-ext_cached-t4-local.json,telemetry_before,2026-09-15T19:16:00.389794+00:00,52.0,,,21.48828125,141.57421875
HPC,0047-synthetic-n4096-ext_cached-t4-local.json,telemetry_after,2026-09-15T19:16:03.726955+00:00,51.0,,,21.83984375,141.57421875
HPC,0047-synthetic-n4096-ext_cached-t4-memory_pressure.json,telemetry_before,2026-09-15T19:16:03.985203+00:00,50.0,,,85.953125,141.57421875
HPC,0047-synthetic-n4096-ext_cached-t4-memory_pressure.json,telemetry_after,2026-09-15T19:16:07.312581+00:00,50.0,,,85.953125,141.57421875
HPC,0048-synthetic-n512-leaf-t4-local.json,telemetry_before,2026-09-15T19:16:09.984963+00:00,51.0,,,21.73828125,141.57421875
HPC,0048-synthetic-n512-leaf-t4-local.json,telemetry_after,2026-09-15T19:16:13.503100+00:00,50.0,,,22.48828125,141.57421875
HPC,0048-synthetic-n512-leaf-t4-memory_pressure.json,telemetry_before,2026-09-15T19:16:13.778846+00:00,52.0,,,85.65234375,141.57421875
HPC,0048-synthetic-n512-leaf-t4-memory_pressure.json,telemetry_after,2026-09-15T19:16:17.285844+00:00,51.0,,,86.1875,141.57421875
HPC,0049-synthetic-n512-full-t3-local.json,telemetry_before,2026-09-15T19:16:19.967985+00:00,51.0,,,21.828125,141.57421875
HPC,0049-synthetic-n512-full-t3-local.json,telemetry_after,2026-09-15T19:16:23.307035+00:00,50.0,,,22.14453125,141.57421875
HPC,0049-synthetic-n512-full-t3-memory_pressure.json,telemetry_before,2026-09-15T19:16:23.583152+00:00,51.0,,,85.8515625,141.57421875
HPC,0049-synthetic-n512-full-t3-memory_pressure.json,telemetry_after,2026-09-15T19:16:26.964960+00:00,50.0,,,85.8515625,141.57421875
HPC,0050-synthetic-n4096-archive-t0-archive_retrieval.json,telemetry_before,2026-09-15T19:16:48.725703+00:00,53.0,,,21.62109375,141.57421875
HPC,0050-synthetic-n4096-archive-t0-archive_retrieval.json,telemetry_after,2026-09-15T19:16:53.193403+00:00,52.0,,,22.37109375,141.57421875
HPC,0050-synthetic-n4096-archive-t0-local.json,telemetry_before,2026-09-15T19:16:45.146719+00:00,53.0,,,21.53125,141.57421875
HPC,0050-synthetic-n4096-archive-t0-local.json,telemetry_after,2026-09-15T19:16:48.479502+00:00,53.0,,,21.8828125,141.57421875
HPC,0051-ethereum_rpc_finalized_json-n69-archive-t4-archive_retrieval.json,telemetry_before,2026-09-15T19:16:59.094263+00:00,51.0,,,21.6953125,141.57421875
HPC,0051-ethereum_rpc_finalized_json-n69-archive-t4-archive_retrieval.json,telemetry_after,2026-09-15T19:17:04.854078+00:00,51.0,,,27.30078125,141.57421875
HPC,0051-ethereum_rpc_finalized_json-n69-archive-t4-local.json,telemetry_before,2026-09-15T19:16:54.351294+00:00,52.0,,,21.40625,141.57421875
HPC,0051-ethereum_rpc_finalized_json-n69-archive-t4-local.json,telemetry_after,2026-09-15T19:16:58.851119+00:00,51.0,,,26.6796875,141.57421875
HPC,0052-synthetic-n512-archive-t4-archive_retrieval.json,telemetry_before,2026-09-15T19:17:11.168731+00:00,48.0,,,21.6796875,141.57421875
HPC,0052-synthetic-n512-archive-t4-archive_retrieval.json,telemetry_after,2026-09-15T19:17:15.667292+00:00,49.0,,,22.4609375,141.57421875
HPC,0052-synthetic-n512-archive-t4-local.json,telemetry_before,2026-09-15T19:17:07.588812+00:00,51.0,,,21.671875,141.57421875
HPC,0052-synthetic-n512-archive-t4-local.json,telemetry_after,2026-09-15T19:17:10.923942+00:00,50.0,,,22.046875,141.57421875
HPC,0053-ethereum_rpc_finalized_json-n69-archive-t1-archive_retrieval.json,telemetry_before,2026-09-15T19:17:21.467915+00:00,46.0,,,21.40234375,141.57421875
HPC,0053-ethereum_rpc_finalized_json-n69-archive-t1-archive_retrieval.json,telemetry_after,2026-09-15T19:17:27.170436+00:00,52.0,,,23.8984375,141.57421875
HPC,0053-ethereum_rpc_finalized_json-n69-archive-t1-local.json,telemetry_before,2026-09-15T19:17:16.804087+00:00,50.0,,,21.4375,141.57421875
HPC,0053-ethereum_rpc_finalized_json-n69-archive-t1-local.json,telemetry_after,2026-09-15T19:17:21.206163+00:00,50.0,,,24.8984375,141.57421875
HPC,0054-synthetic-n4096-full-t1-local.json,telemetry_before,2026-09-15T19:17:45.258620+00:00,52.0,,,21.83203125,141.57421875
HPC,0054-synthetic-n4096-full-t1-local.json,telemetry_after,2026-09-15T19:17:48.620453+00:00,52.0,,,22.1484375,141.57421875
HPC,0054-synthetic-n4096-full-t1-memory_pressure.json,telemetry_before,2026-09-15T19:17:48.891043+00:00,53.0,,,85.984375,141.57421875
HPC,0054-synthetic-n4096-full-t1-memory_pressure.json,telemetry_after,2026-09-15T19:17:52.224427+00:00,53.0,,,85.984375,141.57421875
HPC,0055-synthetic-n4096-ext_cached-t3-local.json,telemetry_before,2026-09-15T19:18:10.839726+00:00,51.0,,,21.72265625,141.57421875
HPC,0055-synthetic-n4096-ext_cached-t3-local.json,telemetry_after,2026-09-15T19:18:14.193776+00:00,50.0,,,22.09765625,141.57421875
HPC,0055-synthetic-n4096-ext_cached-t3-memory_pressure.json,telemetry_before,2026-09-15T19:18:14.486299+00:00,50.0,,,86.01953125,141.57421875
HPC,0055-synthetic-n4096-ext_cached-t3-memory_pressure.json,telemetry_after,2026-09-15T19:18:17.820377+00:00,50.0,,,86.01953125,141.57421875
HPC,0056-ethereum_rpc_finalized_json-n69-archive-t2-archive_retrieval.json,telemetry_before,2026-09-15T19:18:23.754808+00:00,52.0,,,21.765625,141.57421875
HPC,0056-ethereum_rpc_finalized_json-n69-archive-t2-archive_retrieval.json,telemetry_after,2026-09-15T19:18:29.501362+00:00,51.0,,,25.71484375,141.57421875
HPC,0056-ethereum_rpc_finalized_json-n69-archive-t2-local.json,telemetry_before,2026-09-15T19:18:18.984711+00:00,50.0,,,21.7734375,141.57421875
HPC,0056-ethereum_rpc_finalized_json-n69-archive-t2-local.json,telemetry_after,2026-09-15T19:18:23.493870+00:00,52.0,,,24.69921875,141.57421875
HPC,0057-ethereum_rpc_finalized_json-n69-leaf-t4-local.json,telemetry_before,2026-09-15T19:18:30.763910+00:00,52.0,,,21.8203125,141.57421875
HPC,0057-ethereum_rpc_finalized_json-n69-leaf-t4-local.json,telemetry_after,2026-09-15T19:18:35.297746+00:00,52.0,,,26.54296875,141.57421875
HPC,0057-ethereum_rpc_finalized_json-n69-leaf-t4-memory_pressure.json,telemetry_before,2026-09-15T19:18:35.562930+00:00,53.0,,,85.96875,141.57421875
HPC,0057-ethereum_rpc_finalized_json-n69-leaf-t4-memory_pressure.json,telemetry_after,2026-09-15T19:18:40.079388+00:00,53.0,,,90.44921875,141.57421875
HPC,0058-ethereum_rpc_finalized_json-n69-ext_rebuild-t3-local.json,telemetry_before,2026-09-15T19:18:44.037317+00:00,52.0,,,21.70703125,141.57421875
HPC,0058-ethereum_rpc_finalized_json-n69-ext_rebuild-t3-local.json,telemetry_after,2026-09-15T19:18:48.543641+00:00,50.0,,,24.8203125,141.57421875
HPC,0058-ethereum_rpc_finalized_json-n69-ext_rebuild-t3-memory_pressure.json,telemetry_before,2026-09-15T19:18:48.876532+00:00,49.0,,,85.87890625,141.57421875
HPC,0058-ethereum_rpc_finalized_json-n69-ext_rebuild-t3-memory_pressure.json,telemetry_after,2026-09-15T19:18:53.356206+00:00,50.0,,,88.79296875,141.57421875
HPC,0059-synthetic-n512-full-t1-local.json,telemetry_before,2026-09-15T19:18:56.055326+00:00,50.0,,,21.7734375,141.57421875
HPC,0059-synthetic-n512-full-t1-local.json,telemetry_after,2026-09-15T19:18:59.390482+00:00,50.0,,,22.1484375,141.57421875
HPC,0059-synthetic-n512-full-t1-memory_pressure.json,telemetry_before,2026-09-15T19:18:59.653375+00:00,50.0,,,86.0234375,141.57421875
HPC,0059-synthetic-n512-full-t1-memory_pressure.json,telemetry_after,2026-09-15T19:19:02.979452+00:00,50.0,,,86.0234375,141.57421875
HPC,0060-ethereum_rpc_finalized_json-n69-leaf-t0-local.json,telemetry_before,2026-09-15T19:19:04.121267+00:00,50.0,,,21.65234375,141.57421875
HPC,0060-ethereum_rpc_finalized_json-n69-leaf-t0-local.json,telemetry_after,2026-09-15T19:19:08.631737+00:00,50.0,,,24.5859375,141.57421875
HPC,0060-ethereum_rpc_finalized_json-n69-leaf-t0-memory_pressure.json,telemetry_before,2026-09-15T19:19:08.900885+00:00,49.0,,,85.70703125,141.57421875
HPC,0060-ethereum_rpc_finalized_json-n69-leaf-t0-memory_pressure.json,telemetry_after,2026-09-15T19:19:13.413946+00:00,50.0,,,88.5078125,141.57421875
HPC,0061-synthetic-n512-ext_cached-t3-local.json,telemetry_before,2026-09-15T19:19:16.066812+00:00,51.0,,,21.6796875,141.57421875
HPC,0061-synthetic-n512-ext_cached-t3-local.json,telemetry_after,2026-09-15T19:19:19.396306+00:00,52.0,,,22.0546875,141.57421875
HPC,0061-synthetic-n512-ext_cached-t3-memory_pressure.json,telemetry_before,2026-09-15T19:19:19.668694+00:00,51.0,,,85.98046875,141.57421875
HPC,0061-synthetic-n512-ext_cached-t3-memory_pressure.json,telemetry_after,2026-09-15T19:19:23.001343+00:00,51.0,,,85.98046875,141.57421875
HPC,0062-synthetic-n512-leaf-t1-local.json,telemetry_before,2026-09-15T19:19:25.674797+00:00,51.0,,,21.78515625,141.57421875
HPC,0062-synthetic-n512-leaf-t1-local.json,telemetry_after,2026-09-15T19:19:29.187109+00:00,51.0,,,22.53515625,141.57421875
HPC,0062-synthetic-n512-leaf-t1-memory_pressure.json,telemetry_before,2026-09-15T19:19:29.459273+00:00,52.0,,,85.96484375,141.57421875
HPC,0062-synthetic-n512-leaf-t1-memory_pressure.json,telemetry_after,2026-09-15T19:19:32.990055+00:00,51.0,,,86.45703125,141.57421875
HPC,0063-synthetic-n512-archive-t2-archive_retrieval.json,telemetry_before,2026-09-15T19:19:39.272049+00:00,51.0,,,21.828125,141.57421875
HPC,0063-synthetic-n512-archive-t2-archive_retrieval.json,telemetry_after,2026-09-15T19:19:43.749135+00:00,49.0,,,22.51953125,141.57421875
HPC,0063-synthetic-n512-archive-t2-local.json,telemetry_before,2026-09-15T19:19:35.686896+00:00,51.0,,,21.73828125,141.57421875
HPC,0063-synthetic-n512-archive-t2-local.json,telemetry_after,2026-09-15T19:19:39.020116+00:00,51.0,,,22.0546875,141.57421875
HPC,0064-synthetic-n512-archive-t0-archive_retrieval.json,telemetry_before,2026-09-15T19:19:51.437926+00:00,49.0,,,21.65625,141.57421875
HPC,0064-synthetic-n512-archive-t0-archive_retrieval.json,telemetry_after,2026-09-15T19:19:55.931717+00:00,49.0,,,22.3984375,141.57421875
HPC,0064-synthetic-n512-archive-t0-energy_workload.json,telemetry_before,2026-09-15T19:19:56.183809+00:00,49.0,,,21.41796875,141.57421875
HPC,0064-synthetic-n512-archive-t0-energy_workload.json,telemetry_after,2026-09-15T19:20:09.317525+00:00,51.0,,,23.5,141.57421875
HPC,0064-synthetic-n512-archive-t0-local.json,telemetry_before,2026-09-15T19:19:47.782321+00:00,48.0,,,21.828125,141.57421875
HPC,0064-synthetic-n512-archive-t0-local.json,telemetry_after,2026-09-15T19:19:51.123723+00:00,49.0,,,22.140625,141.57421875
HPC,0065-synthetic-n4096-archive-t1-archive_retrieval.json,telemetry_before,2026-09-15T19:20:31.074223+00:00,52.0,,,21.7109375,142.46875
HPC,0065-synthetic-n4096-archive-t1-archive_retrieval.json,telemetry_after,2026-09-15T19:20:35.570194+00:00,51.0,,,22.48828125,142.46875
HPC,0065-synthetic-n4096-archive-t1-local.json,telemetry_before,2026-09-15T19:20:27.489076+00:00,52.0,,,21.6484375,142.46875
HPC,0065-synthetic-n4096-archive-t1-local.json,telemetry_after,2026-09-15T19:20:30.821472+00:00,52.0,,,21.95703125,142.46875
HPC,0066-ethereum_rpc_finalized_json-n69-full-t1-local.json,telemetry_before,2026-09-15T19:20:36.745118+00:00,53.0,,,21.44140625,142.46875
HPC,0066-ethereum_rpc_finalized_json-n69-full-t1-local.json,telemetry_after,2026-09-15T19:20:41.154958+00:00,50.0,,,24.90234375,142.46875
HPC,0066-ethereum_rpc_finalized_json-n69-full-t1-memory_pressure.json,telemetry_before,2026-09-15T19:20:41.422387+00:00,50.0,,,85.83203125,142.46875
HPC,0066-ethereum_rpc_finalized_json-n69-full-t1-memory_pressure.json,telemetry_after,2026-09-15T19:20:45.802828+00:00,50.0,,,89.06640625,142.46875
HPC,0067-ethereum_rpc_finalized_json-n69-leaf-t2-local.json,telemetry_before,2026-09-15T19:20:46.994663+00:00,50.0,,,21.69140625,142.46875
HPC,0067-ethereum_rpc_finalized_json-n69-leaf-t2-local.json,telemetry_after,2026-09-15T19:20:51.520891+00:00,50.0,,,24.3984375,142.46875
HPC,0067-ethereum_rpc_finalized_json-n69-leaf-t2-memory_pressure.json,telemetry_before,2026-09-15T19:20:51.847932+00:00,50.0,,,85.8671875,142.46875
HPC,0067-ethereum_rpc_finalized_json-n69-leaf-t2-memory_pressure.json,telemetry_after,2026-09-15T19:20:56.367509+00:00,49.0,,,88.328125,142.46875
HPC,0068-ethereum_rpc_finalized_json-n69-ext_cached-t0-local.json,telemetry_before,2026-09-15T19:20:57.552899+00:00,49.0,,,21.7734375,142.46875
HPC,0068-ethereum_rpc_finalized_json-n69-ext_cached-t0-local.json,telemetry_after,2026-09-15T19:21:02.031266+00:00,51.0,,,24.8203125,142.46875
HPC,0068-ethereum_rpc_finalized_json-n69-ext_cached-t0-memory_pressure.json,telemetry_before,2026-09-15T19:21:02.295547+00:00,50.0,,,85.8515625,142.46875
HPC,0068-ethereum_rpc_finalized_json-n69-ext_cached-t0-memory_pressure.json,telemetry_after,2026-09-15T19:21:06.732749+00:00,51.0,,,88.7578125,142.46875
HPC,0069-synthetic-n4096-ext_cached-t0-local.json,telemetry_before,2026-09-15T19:21:25.019530+00:00,53.0,,,21.83203125,142.46875
HPC,0069-synthetic-n4096-ext_cached-t0-local.json,telemetry_after,2026-09-15T19:21:28.359583+00:00,52.0,,,22.14453125,142.46875
HPC,0069-synthetic-n4096-ext_cached-t0-memory_pressure.json,telemetry_before,2026-09-15T19:21:28.626106+00:00,52.0,,,85.84765625,142.46875
HPC,0069-synthetic-n4096-ext_cached-t0-memory_pressure.json,telemetry_after,2026-09-15T19:21:31.959169+00:00,51.0,,,85.84765625,142.46875
HPC,0070-synthetic-n512-ext_cached-t2-local.json,telemetry_before,2026-09-15T19:21:34.642361+00:00,50.0,,,21.83203125,142.46875
HPC,0070-synthetic-n512-ext_cached-t2-local.json,telemetry_after,2026-09-15T19:21:38.001700+00:00,48.0,,,22.14453125,142.46875
HPC,0070-synthetic-n512-ext_cached-t2-memory_pressure.json,telemetry_before,2026-09-15T19:21:38.277672+00:00,50.0,,,85.92578125,142.46875
HPC,0070-synthetic-n512-ext_cached-t2-memory_pressure.json,telemetry_after,2026-09-15T19:21:41.614551+00:00,50.0,,,85.92578125,142.46875
HPC,0071-ethereum_rpc_finalized_json-n69-archive-t3-archive_retrieval.json,telemetry_before,2026-09-15T19:21:48.041494+00:00,50.0,,,21.44921875,142.46875
HPC,0071-ethereum_rpc_finalized_json-n69-archive-t3-archive_retrieval.json,telemetry_after,2026-09-15T19:21:53.810404+00:00,50.0,,,26.12890625,142.46875
HPC,0071-ethereum_rpc_finalized_json-n69-archive-t3-local.json,telemetry_before,2026-09-15T19:21:42.778853+00:00,47.0,,,21.80859375,142.46875
HPC,0071-ethereum_rpc_finalized_json-n69-archive-t3-local.json,telemetry_after,2026-09-15T19:21:47.771964+00:00,50.0,,,24.91796875,142.46875
HPC,0072-ethereum_rpc_finalized_json-n69-ext_rebuild-t2-local.json,telemetry_before,2026-09-15T19:21:57.763235+00:00,51.0,,,21.7265625,142.46875
HPC,0072-ethereum_rpc_finalized_json-n69-ext_rebuild-t2-local.json,telemetry_after,2026-09-15T19:22:02.268309+00:00,52.0,,,24.609375,142.46875
HPC,0072-ethereum_rpc_finalized_json-n69-ext_rebuild-t2-memory_pressure.json,telemetry_before,2026-09-15T19:22:02.527342+00:00,52.0,,,85.97265625,142.46875
HPC,0072-ethereum_rpc_finalized_json-n69-ext_rebuild-t2-memory_pressure.json,telemetry_after,2026-09-15T19:22:07.004365+00:00,51.0,,,88.64453125,142.46875
HPC,0073-synthetic-n4096-archive-t3-archive_retrieval.json,telemetry_before,2026-09-15T19:22:28.478221+00:00,50.0,,,21.46875,142.46875
HPC,0073-synthetic-n4096-archive-t3-archive_retrieval.json,telemetry_after,2026-09-15T19:22:32.940277+00:00,50.0,,,22.2578125,142.46875
HPC,0073-synthetic-n4096-archive-t3-local.json,telemetry_before,2026-09-15T19:22:24.878541+00:00,52.0,,,21.78515625,142.46875
HPC,0073-synthetic-n4096-archive-t3-local.json,telemetry_after,2026-09-15T19:22:28.221997+00:00,51.0,,,22.1015625,142.46875
HPC,0074-synthetic-n512-archive-t3-archive_retrieval.json,telemetry_before,2026-09-15T19:22:39.212796+00:00,50.0,,,21.48828125,142.46875
HPC,0074-synthetic-n512-archive-t3-archive_retrieval.json,telemetry_after,2026-09-15T19:22:43.697613+00:00,49.0,,,22.27734375,142.46875
HPC,0074-synthetic-n512-archive-t3-local.json,telemetry_before,2026-09-15T19:22:35.636182+00:00,50.0,,,21.78125,142.46875
HPC,0074-synthetic-n512-archive-t3-local.json,telemetry_after,2026-09-15T19:22:38.962110+00:00,49.0,,,22.09765625,142.46875
HPC,original-n4096-B1_verified-t0.json,telemetry,2026-09-15T19:22:52.936098+00:00,52.0,,,31.8671875,142.46875
HPC,original-n4096-B1_verified-t1.json,telemetry,2026-09-15T19:22:55.705787+00:00,53.0,,,31.41796875,142.46875
HPC,original-n4096-B1_verified-t2.json,telemetry,2026-09-15T19:22:56.441379+00:00,52.0,,,31.52734375,142.46875
HPC,original-n4096-B1_verified-t3.json,telemetry,2026-09-15T19:22:59.792117+00:00,53.0,,,32.12890625,142.46875
HPC,original-n4096-B1_verified-t4.json,telemetry,2026-09-15T19:23:02.541490+00:00,53.0,,,31.9765625,142.46875
HPC,original-n4096-B2_full-t0.json,telemetry,2026-09-15T19:22:53.302635+00:00,53.0,,,23.28515625,142.46875
HPC,original-n4096-B2_full-t1.json,telemetry,2026-09-15T19:22:54.024513+00:00,53.0,,,23.265625,142.46875
HPC,original-n4096-B2_full-t2.json,telemetry,2026-09-15T19:22:56.051814+00:00,53.0,,,23.37109375,142.46875
HPC,original-n4096-B2_full-t3.json,telemetry,2026-09-15T19:23:00.522597+00:00,53.0,,,23.37109375,142.46875
HPC,original-n4096-B2_full-t4.json,telemetry,2026-09-15T19:23:00.880585+00:00,53.0,,,23.16796875,142.46875
HPC,original-n4096-B3_leaf-t0.json,telemetry,2026-09-15T19:22:52.201982+00:00,52.0,,,23.359375,142.46875
HPC,original-n4096-B3_leaf-t1.json,telemetry,2026-09-15T19:22:55.342259+00:00,53.0,,,23.1640625,142.46875
HPC,original-n4096-B3_leaf-t2.json,telemetry,2026-09-15T19:22:57.718201+00:00,53.0,,,23.28515625,142.46875
HPC,original-n4096-B3_leaf-t3.json,telemetry,2026-09-15T19:22:59.430606+00:00,53.0,,,23.171875,142.46875
HPC,original-n4096-B3_leaf-t4.json,telemetry,2026-09-15T19:23:02.174502+00:00,54.0,,,23.3671875,142.46875
HPC,original-n4096-B4_ext-t0.json,telemetry,2026-09-15T19:22:52.575419+00:00,51.0,,,23.35546875,142.46875
HPC,original-n4096-B4_ext-t1.json,telemetry,2026-09-15T19:22:53.667013+00:00,53.0,,,23.2890625,142.46875
HPC,original-n4096-B4_ext-t2.json,telemetry,2026-09-15T19:22:58.133312+00:00,53.0,,,23.375,142.46875
HPC,original-n4096-B4_ext-t3.json,telemetry,2026-09-15T19:23:00.131992+00:00,53.0,,,23.3671875,142.46875
HPC,original-n4096-B4_ext-t4.json,telemetry,2026-09-15T19:23:02.903096+00:00,53.0,,,23.2421875,142.46875
HPC,original-n512-B1_verified-t0.json,telemetry,2026-09-15T19:22:44.133537+00:00,51.0,,,23.5625,142.46875
HPC,original-n512-B1_verified-t1.json,telemetry,2026-09-15T19:22:45.856458+00:00,51.0,,,23.6796875,142.46875
HPC,original-n512-B1_verified-t2.json,telemetry,2026-09-15T19:22:48.048221+00:00,50.0,,,23.4296875,142.46875
HPC,original-n512-B1_verified-t3.json,telemetry,2026-09-15T19:22:48.371910+00:00,51.0,,,23.55078125,142.46875
HPC,original-n512-B1_verified-t4.json,telemetry,2026-09-15T19:22:50.897665+00:00,51.0,,,23.58984375,142.46875
HPC,original-n512-B2_full-t0.json,telemetry,2026-09-15T19:22:44.907285+00:00,51.0,,,22.7109375,142.46875
HPC,original-n512-B2_full-t1.json,telemetry,2026-09-15T19:22:45.539298+00:00,51.0,,,22.73828125,142.46875
HPC,original-n512-B2_full-t2.json,telemetry,2026-09-15T19:22:47.731436+00:00,51.0,,,22.60546875,142.46875
HPC,original-n512-B2_full-t3.json,telemetry,2026-09-15T19:22:48.695470+00:00,50.0,,,22.65234375,142.46875
HPC,original-n512-B2_full-t4.json,telemetry,2026-09-15T19:22:49.782721+00:00,51.0,,,22.6171875,142.46875
HPC,original-n512-B3_leaf-t0.json,telemetry,2026-09-15T19:22:44.586743+00:00,51.0,,,22.609375,142.46875
HPC,original-n512-B3_leaf-t1.json,telemetry,2026-09-15T19:22:46.299248+00:00,51.0,,,22.734375,142.46875
HPC,original-n512-B3_leaf-t2.json,telemetry,2026-09-15T19:22:47.078547+00:00,51.0,,,22.796875,142.46875
HPC,original-n512-B3_leaf-t3.json,telemetry,2026-09-15T19:22:49.128820+00:00,52.0,,,22.78515625,142.46875
HPC,original-n512-B3_leaf-t4.json,telemetry,2026-09-15T19:22:50.229252+00:00,51.0,,,22.71484375,142.46875
HPC,original-n512-B4_ext-t0.json,telemetry,2026-09-15T19:22:45.219109+00:00,50.0,,,22.70703125,142.46875
HPC,original-n512-B4_ext-t1.json,telemetry,2026-09-15T19:22:46.617145+00:00,51.0,,,22.73046875,142.46875
HPC,original-n512-B4_ext-t2.json,telemetry,2026-09-15T19:22:47.416208+00:00,51.0,,,22.48828125,142.46875
HPC,original-n512-B4_ext-t3.json,telemetry,2026-09-15T19:22:49.454905+00:00,51.0,,,22.75,142.46875
HPC,original-n512-B4_ext-t4.json,telemetry,2026-09-15T19:22:50.551761+00:00,51.0,,,22.7109375,142.46875
Pi_Ethernet,0000-synthetic-n512-full-t2-local.json,telemetry_before,2026-09-16T01:27:45.673071+00:00,72.549,throttled=0xe0000,0,23.98046875,108.46875
Pi_Ethernet,0000-synthetic-n512-full-t2-local.json,telemetry_after,2026-09-16T01:27:48.848862+00:00,72.062,throttled=0xe0000,0,24.33203125,108.46875
Pi_Ethernet,0000-synthetic-n512-full-t2-memory_pressure.json,telemetry_before,2026-09-16T01:27:49.295998+00:00,73.036,throttled=0xe0000,0,87.984375,108.46875
Pi_Ethernet,0000-synthetic-n512-full-t2-memory_pressure.json,telemetry_after,2026-09-16T01:27:52.466528+00:00,73.036,throttled=0xe0000,0,88.3359375,108.46875
Pi_Ethernet,0000-synthetic-n512-full-t2-network.json,telemetry_before,2026-09-16T01:27:52.837965+00:00,73.036,throttled=0xe0000,0,24.03515625,108.46875
Pi_Ethernet,0000-synthetic-n512-full-t2-network.json,telemetry_after,2026-09-16T01:27:56.765904+00:00,72.549,throttled=0xe0000,0,25.18359375,108.46875
Pi_Ethernet,0001-synthetic-n4096-ext_cached-t1-local.json,telemetry_before,2026-09-16T01:28:53.669443+00:00,73.036,throttled=0xe0000,0,23.96875,133.40234375
Pi_Ethernet,0001-synthetic-n4096-ext_cached-t1-local.json,telemetry_after,2026-09-16T01:28:56.844121+00:00,72.549,throttled=0xe0000,0,24.32421875,133.40234375
Pi_Ethernet,0001-synthetic-n4096-ext_cached-t1-memory_pressure.json,telemetry_before,2026-09-16T01:28:57.296871+00:00,72.549,throttled=0xe0000,0,87.98046875,133.40234375
Pi_Ethernet,0001-synthetic-n4096-ext_cached-t1-memory_pressure.json,telemetry_after,2026-09-16T01:29:00.473198+00:00,72.549,throttled=0xe0000,0,88.3359375,133.40234375
Pi_Ethernet,0001-synthetic-n4096-ext_cached-t1-network.json,telemetry_before,2026-09-16T01:29:00.831495+00:00,73.036,throttled=0xe0000,0,24.03125,133.40234375
Pi_Ethernet,0001-synthetic-n4096-ext_cached-t1-network.json,telemetry_after,2026-09-16T01:29:04.779708+00:00,71.575,throttled=0xe0000,0,25.1953125,133.40234375
Pi_Ethernet,0002-ethereum_rpc_finalized_json-n69-full-t3-local.json,telemetry_before,2026-09-16T01:29:15.149288+00:00,73.036,throttled=0xe0000,0,23.98046875,250.1640625
Pi_Ethernet,0002-ethereum_rpc_finalized_json-n69-full-t3-local.json,telemetry_after,2026-09-16T01:29:21.350917+00:00,74.497,throttled=0xe0000,0,27.26953125,250.1640625
Pi_Ethernet,0002-ethereum_rpc_finalized_json-n69-full-t3-memory_pressure.json,telemetry_before,2026-09-16T01:29:21.781457+00:00,74.984,throttled=0xe0000,0,87.96875,250.1640625
Pi_Ethernet,0002-ethereum_rpc_finalized_json-n69-full-t3-memory_pressure.json,telemetry_after,2026-09-16T01:29:27.992806+00:00,75.958,throttled=0xe0000,0,91.26953125,250.1640625
Pi_Ethernet,0002-ethereum_rpc_finalized_json-n69-full-t3-network.json,telemetry_before,2026-09-16T01:29:28.360868+00:00,74.01,throttled=0xe0000,0,24.03125,250.1640625
Pi_Ethernet,0002-ethereum_rpc_finalized_json-n69-full-t3-network.json,telemetry_after,2026-09-16T01:29:51.269704+00:00,73.036,throttled=0xe0000,0,28.22265625,250.1640625
Pi_Ethernet,0003-synthetic-n4096-full-t3-local.json,telemetry_before,2026-09-16T01:30:47.181206+00:00,71.575,throttled=0xe0000,0,23.97265625,250.1640625
Pi_Ethernet,0003-synthetic-n4096-full-t3-local.json,telemetry_after,2026-09-16T01:30:50.358057+00:00,72.549,throttled=0xe0000,0,24.328125,250.1640625
Pi_Ethernet,0003-synthetic-n4096-full-t3-memory_pressure.json,telemetry_before,2026-09-16T01:30:50.779035+00:00,71.575,throttled=0xe0000,0,87.96484375,250.1640625
Pi_Ethernet,0003-synthetic-n4096-full-t3-memory_pressure.json,telemetry_after,2026-09-16T01:30:53.957818+00:00,73.523,throttled=0xe0000,0,88.32421875,250.1640625
Pi_Ethernet,0003-synthetic-n4096-full-t3-network.json,telemetry_before,2026-09-16T01:30:54.317587+00:00,72.549,throttled=0xe0000,0,24.0390625,250.1640625
Pi_Ethernet,0003-synthetic-n4096-full-t3-network.json,telemetry_after,2026-09-16T01:30:58.252451+00:00,73.036,throttled=0xe0000,0,25.19140625,250.1640625
Pi_Ethernet,0004-ethereum_rpc_finalized_json-n69-ext_cached-t3-local.json,telemetry_before,2026-09-16T01:31:08.494855+00:00,73.036,throttled=0xe0000,0,23.94921875,265.625
Pi_Ethernet,0004-ethereum_rpc_finalized_json-n69-ext_cached-t3-local.json,telemetry_after,2026-09-16T01:31:14.710753+00:00,74.497,throttled=0xe0000,0,27.26171875,265.625
Pi_Ethernet,0004-ethereum_rpc_finalized_json-n69-ext_cached-t3-memory_pressure.json,telemetry_before,2026-09-16T01:31:15.141214+00:00,73.036,throttled=0xe0000,0,87.97265625,265.625
Pi_Ethernet,0004-ethereum_rpc_finalized_json-n69-ext_cached-t3-memory_pressure.json,telemetry_after,2026-09-16T01:31:21.358917+00:00,74.497,throttled=0xe0000,0,91.2734375,265.625
Pi_Ethernet,0004-ethereum_rpc_finalized_json-n69-ext_cached-t3-network.json,telemetry_before,2026-09-16T01:31:21.723927+00:00,73.523,throttled=0xe0000,0,24.0390625,265.625
Pi_Ethernet,0004-ethereum_rpc_finalized_json-n69-ext_cached-t3-network.json,telemetry_after,2026-09-16T01:31:44.425960+00:00,72.549,throttled=0xe0000,0,28.23046875,265.625
Pi_Ethernet,0005-ethereum_rpc_finalized_json-n69-ext_cached-t2-local.json,telemetry_before,2026-09-16T01:31:54.463206+00:00,73.523,throttled=0xe0000,0,23.95703125,267.38671875
Pi_Ethernet,0005-ethereum_rpc_finalized_json-n69-ext_cached-t2-local.json,telemetry_after,2026-09-16T01:32:00.707333+00:00,74.01,throttled=0xe0000,0,26.73046875,267.38671875
Pi_Ethernet,0005-ethereum_rpc_finalized_json-n69-ext_cached-t2-memory_pressure.json,telemetry_before,2026-09-16T01:32:01.137999+00:00,75.471,throttled=0xe0000,0,87.96875,267.38671875
Pi_Ethernet,0005-ethereum_rpc_finalized_json-n69-ext_cached-t2-memory_pressure.json,telemetry_after,2026-09-16T01:32:07.381329+00:00,73.523,throttled=0xe0000,0,90.7265625,267.38671875
Pi_Ethernet,0005-ethereum_rpc_finalized_json-n69-ext_cached-t2-network.json,telemetry_before,2026-09-16T01:32:07.751672+00:00,74.984,throttled=0xe0000,0,24.03125,267.38671875
Pi_Ethernet,0005-ethereum_rpc_finalized_json-n69-ext_cached-t2-network.json,telemetry_after,2026-09-16T01:32:30.498536+00:00,74.497,throttled=0xe0000,0,27.9609375,267.38671875
Pi_Ethernet,0006-ethereum_rpc_finalized_json-n69-ext_rebuild-t1-local.json,telemetry_before,2026-09-16T01:32:44.726408+00:00,73.523,throttled=0xe0000,0,23.96875,267.4609375
Pi_Ethernet,0006-ethereum_rpc_finalized_json-n69-ext_rebuild-t1-local.json,telemetry_after,2026-09-16T01:32:50.678874+00:00,75.471,throttled=0xe0000,0,27.109375,267.4609375
Pi_Ethernet,0006-ethereum_rpc_finalized_json-n69-ext_rebuild-t1-memory_pressure.json,telemetry_before,2026-09-16T01:32:51.109868+00:00,75.471,throttled=0xe0000,0,87.96875,267.4609375
Pi_Ethernet,0006-ethereum_rpc_finalized_json-n69-ext_rebuild-t1-memory_pressure.json,telemetry_after,2026-09-16T01:32:57.034309+00:00,74.01,throttled=0xe0000,0,91.1171875,267.4609375
Pi_Ethernet,0006-ethereum_rpc_finalized_json-n69-ext_rebuild-t1-network.json,telemetry_before,2026-09-16T01:32:57.399353+00:00,75.958,throttled=0xe0000,0,24.02734375,267.4609375
Pi_Ethernet,0006-ethereum_rpc_finalized_json-n69-ext_rebuild-t1-network.json,telemetry_after,2026-09-16T01:34:16.040330+00:00,73.523,throttled=0xe0000,0,28.56640625,267.4609375
Pi_Ethernet,0007-ethereum_rpc_finalized_json-n69-ext_cached-t1-local.json,telemetry_before,2026-09-16T01:34:26.569016+00:00,74.01,throttled=0xe0000,0,23.953125,267.8046875
Pi_Ethernet,0007-ethereum_rpc_finalized_json-n69-ext_cached-t1-local.json,telemetry_after,2026-09-16T01:34:32.508594+00:00,74.984,throttled=0xe0000,0,27.11328125,267.8046875
Pi_Ethernet,0007-ethereum_rpc_finalized_json-n69-ext_cached-t1-memory_pressure.json,telemetry_before,2026-09-16T01:34:32.930237+00:00,75.471,throttled=0xe0000,0,87.97265625,267.8046875
Pi_Ethernet,0007-ethereum_rpc_finalized_json-n69-ext_cached-t1-memory_pressure.json,telemetry_after,2026-09-16T01:34:38.870760+00:00,76.445,throttled=0xe0000,0,91.12109375,267.8046875
Pi_Ethernet,0007-ethereum_rpc_finalized_json-n69-ext_cached-t1-network.json,telemetry_before,2026-09-16T01:34:39.235285+00:00,75.471,throttled=0xe0000,0,24.03125,267.8046875
Pi_Ethernet,0007-ethereum_rpc_finalized_json-n69-ext_cached-t1-network.json,telemetry_after,2026-09-16T01:35:00.950897+00:00,75.471,throttled=0xe0000,0,28.57421875,267.8046875
Pi_Ethernet,0008-ethereum_rpc_finalized_json-n69-ext_rebuild-t0-local.json,telemetry_before,2026-09-16T01:35:15.864813+00:00,74.984,throttled=0xe0000,0,23.97265625,267.80859375
Pi_Ethernet,0008-ethereum_rpc_finalized_json-n69-ext_rebuild-t0-local.json,telemetry_after,2026-09-16T01:35:21.987059+00:00,74.984,throttled=0xe0000,0,26.8359375,267.80859375
Pi_Ethernet,0008-ethereum_rpc_finalized_json-n69-ext_rebuild-t0-memory_pressure.json,telemetry_before,2026-09-16T01:35:22.415416+00:00,74.497,throttled=0xe0000,0,87.9765625,267.80859375
Pi_Ethernet,0008-ethereum_rpc_finalized_json-n69-ext_rebuild-t0-memory_pressure.json,telemetry_after,2026-09-16T01:35:28.537574+00:00,75.958,throttled=0xe0000,0,90.84375,267.80859375
Pi_Ethernet,0008-ethereum_rpc_finalized_json-n69-ext_rebuild-t0-network.json,telemetry_before,2026-09-16T01:35:28.905105+00:00,74.497,throttled=0xe0000,0,24.03515625,267.80859375
Pi_Ethernet,0008-ethereum_rpc_finalized_json-n69-ext_rebuild-t0-network.json,telemetry_after,2026-09-16T01:36:48.532106+00:00,73.036,throttled=0xe0000,0,28.08203125,267.80859375
Pi_Ethernet,0009-ethereum_rpc_finalized_json-n69-full-t4-local.json,telemetry_before,2026-09-16T01:36:59.570805+00:00,74.01,throttled=0xe0000,0,23.98046875,267.80859375
Pi_Ethernet,0009-ethereum_rpc_finalized_json-n69-full-t4-local.json,telemetry_after,2026-09-16T01:37:05.796155+00:00,74.497,throttled=0xe0000,0,29.01171875,267.80859375
Pi_Ethernet,0009-ethereum_rpc_finalized_json-n69-full-t4-memory_pressure.json,telemetry_before,2026-09-16T01:37:06.221139+00:00,75.471,throttled=0xe0000,0,87.96484375,267.80859375
Pi_Ethernet,0009-ethereum_rpc_finalized_json-n69-full-t4-memory_pressure.json,telemetry_after,2026-09-16T01:37:12.446044+00:00,76.445,throttled=0xe0000,0,93.0078125,267.80859375
Pi_Ethernet,0009-ethereum_rpc_finalized_json-n69-full-t4-network.json,telemetry_before,2026-09-16T01:37:12.811858+00:00,74.497,throttled=0xe0000,0,24.02734375,267.80859375
Pi_Ethernet,0009-ethereum_rpc_finalized_json-n69-full-t4-network.json,telemetry_after,2026-09-16T01:37:35.031602+00:00,75.471,throttled=0xe0000,0,30.046875,267.80859375
Pi_Ethernet,0010-ethereum_rpc_finalized_json-n69-leaf-t1-local.json,telemetry_before,2026-09-16T01:37:45.035774+00:00,73.036,throttled=0xe0000,0,23.9765625,267.80859375
Pi_Ethernet,0010-ethereum_rpc_finalized_json-n69-leaf-t1-local.json,telemetry_after,2026-09-16T01:37:51.157467+00:00,76.445,throttled=0xe0000,0,27.04296875,267.80859375
Pi_Ethernet,0010-ethereum_rpc_finalized_json-n69-leaf-t1-memory_pressure.json,telemetry_before,2026-09-16T01:37:51.589103+00:00,74.984,throttled=0xe0000,0,87.96875,267.80859375
Pi_Ethernet,0010-ethereum_rpc_finalized_json-n69-leaf-t1-memory_pressure.json,telemetry_after,2026-09-16T01:37:57.721076+00:00,75.471,throttled=0xe0000,0,91.1953125,267.80859375
Pi_Ethernet,0010-ethereum_rpc_finalized_json-n69-leaf-t1-network.json,telemetry_before,2026-09-16T01:37:58.090519+00:00,74.984,throttled=0xe0000,0,24.03515625,267.80859375
Pi_Ethernet,0010-ethereum_rpc_finalized_json-n69-leaf-t1-network.json,telemetry_after,2026-09-16T01:38:20.750912+00:00,74.01,throttled=0xe0000,0,28.83203125,267.80859375
Pi_Ethernet,0011-synthetic-n4096-full-t0-local.json,telemetry_before,2026-09-16T01:39:17.180766+00:00,72.062,throttled=0xe0000,0,23.9765625,267.80859375
Pi_Ethernet,0011-synthetic-n4096-full-t0-local.json,telemetry_after,2026-09-16T01:39:20.354553+00:00,72.549,throttled=0xe0000,0,24.33203125,267.80859375
Pi_Ethernet,0011-synthetic-n4096-full-t0-memory_pressure.json,telemetry_before,2026-09-16T01:39:20.782201+00:00,73.523,throttled=0xe0000,0,87.984375,267.80859375
Pi_Ethernet,0011-synthetic-n4096-full-t0-memory_pressure.json,telemetry_after,2026-09-16T01:39:23.958076+00:00,73.523,throttled=0xe0000,0,88.34375,267.80859375
Pi_Ethernet,0011-synthetic-n4096-full-t0-network.json,telemetry_before,2026-09-16T01:39:24.323788+00:00,73.523,throttled=0xe0000,0,24.03515625,267.80859375
Pi_Ethernet,0011-synthetic-n4096-full-t0-network.json,telemetry_after,2026-09-16T01:39:28.272537+00:00,72.062,throttled=0xe0000,0,25.1875,267.80859375
Pi_Ethernet,0012-ethereum_rpc_finalized_json-n69-archive-t0-archive_retrieval.json,telemetry_before,2026-09-16T01:39:38.630785+00:00,74.497,throttled=0xe0000,0,23.96875,267.80859375
Pi_Ethernet,0012-ethereum_rpc_finalized_json-n69-archive-t0-archive_retrieval.json,telemetry_after,2026-09-16T01:39:45.714249+00:00,74.984,throttled=0xe0000,0,27.39453125,267.80859375
Pi_Ethernet,0012-ethereum_rpc_finalized_json-n69-archive-t0-local.json,telemetry_before,2026-09-16T01:39:32.154131+00:00,73.523,throttled=0xe0000,0,23.97265625,267.80859375
Pi_Ethernet,0012-ethereum_rpc_finalized_json-n69-archive-t0-local.json,telemetry_after,2026-09-16T01:39:38.270658+00:00,74.01,throttled=0xe0000,0,26.83984375,267.80859375
Pi_Ethernet,0013-ethereum_rpc_finalized_json-n69-leaf-t3-local.json,telemetry_before,2026-09-16T01:39:55.865005+00:00,73.523,throttled=0xe0000,0,23.98046875,267.80859375
Pi_Ethernet,0013-ethereum_rpc_finalized_json-n69-leaf-t3-local.json,telemetry_after,2026-09-16T01:40:02.266949+00:00,74.984,throttled=0xe0000,0,26.796875,267.80859375
Pi_Ethernet,0013-ethereum_rpc_finalized_json-n69-leaf-t3-memory_pressure.json,telemetry_before,2026-09-16T01:40:02.694137+00:00,74.497,throttled=0xe0000,0,87.9765625,267.80859375
Pi_Ethernet,0013-ethereum_rpc_finalized_json-n69-leaf-t3-memory_pressure.json,telemetry_after,2026-09-16T01:40:09.095128+00:00,75.471,throttled=0xe0000,0,91.35546875,267.80859375
Pi_Ethernet,0013-ethereum_rpc_finalized_json-n69-leaf-t3-network.json,telemetry_before,2026-09-16T01:40:09.462619+00:00,74.984,throttled=0xe0000,0,24.04296875,267.80859375
Pi_Ethernet,0013-ethereum_rpc_finalized_json-n69-leaf-t3-network.json,telemetry_after,2026-09-16T01:40:32.149840+00:00,73.523,throttled=0xe0000,0,28.69921875,267.80859375
Pi_Ethernet,0014-synthetic-n4096-ext_rebuild-t3-local.json,telemetry_before,2026-09-16T01:41:38.859673+00:00,72.549,throttled=0xe0000,0,23.9765625,267.80859375
Pi_Ethernet,0014-synthetic-n4096-ext_rebuild-t3-local.json,telemetry_after,2026-09-16T01:41:42.040001+00:00,73.523,throttled=0xe0000,0,24.3359375,267.80859375
Pi_Ethernet,0014-synthetic-n4096-ext_rebuild-t3-memory_pressure.json,telemetry_before,2026-09-16T01:41:42.468906+00:00,73.523,throttled=0xe0000,0,87.98046875,267.80859375
Pi_Ethernet,0014-synthetic-n4096-ext_rebuild-t3-memory_pressure.json,telemetry_after,2026-09-16T01:41:45.644452+00:00,72.549,throttled=0xe0000,0,88.33984375,267.80859375
Pi_Ethernet,0014-synthetic-n4096-ext_rebuild-t3-network.json,telemetry_before,2026-09-16T01:41:46.010563+00:00,73.036,throttled=0xe0000,0,24.0390625,267.80859375
Pi_Ethernet,0014-synthetic-n4096-ext_rebuild-t3-network.json,telemetry_after,2026-09-16T01:44:01.266009+00:00,72.062,throttled=0xe0000,0,25.19140625,267.80859375
Pi_Ethernet,0015-synthetic-n4096-leaf-t4-local.json,telemetry_before,2026-09-16T01:44:59.306988+00:00,72.549,throttled=0xe0000,0,23.98046875,267.80859375
Pi_Ethernet,0015-synthetic-n4096-leaf-t4-local.json,telemetry_after,2026-09-16T01:45:07.873951+00:00,74.01,throttled=0xe0000,0,26.08203125,267.80859375
Pi_Ethernet,0015-synthetic-n4096-leaf-t4-memory_pressure.json,telemetry_before,2026-09-16T01:45:08.307193+00:00,74.01,throttled=0xe0000,0,87.98046875,267.80859375
Pi_Ethernet,0015-synthetic-n4096-leaf-t4-memory_pressure.json,telemetry_after,2026-09-16T01:45:16.958257+00:00,74.984,throttled=0xe0000,0,90.0859375,267.80859375
Pi_Ethernet,0015-synthetic-n4096-leaf-t4-network.json,telemetry_before,2026-09-16T01:45:17.328946+00:00,75.958,throttled=0xe0000,0,24.03125,267.80859375
Pi_Ethernet,0015-synthetic-n4096-leaf-t4-network.json,telemetry_after,2026-09-16T01:45:34.933848+00:00,74.984,throttled=0xe0000,0,27.25390625,267.80859375
Pi_Ethernet,0016-synthetic-n512-ext_cached-t1-local.json,telemetry_before,2026-09-16T01:45:42.213555+00:00,74.01,throttled=0xe0000,0,23.96875,267.80859375
Pi_Ethernet,0016-synthetic-n512-ext_cached-t1-local.json,telemetry_after,2026-09-16T01:45:45.381825+00:00,73.036,throttled=0xe0000,0,24.32421875,267.80859375
Pi_Ethernet,0016-synthetic-n512-ext_cached-t1-memory_pressure.json,telemetry_before,2026-09-16T01:45:45.808837+00:00,73.523,throttled=0xe0000,0,87.984375,267.80859375
Pi_Ethernet,0016-synthetic-n512-ext_cached-t1-memory_pressure.json,telemetry_after,2026-09-16T01:45:48.978163+00:00,72.549,throttled=0xe0000,0,88.3359375,267.80859375
Pi_Ethernet,0016-synthetic-n512-ext_cached-t1-network.json,telemetry_before,2026-09-16T01:45:49.345623+00:00,74.01,throttled=0xe0000,0,24.03125,267.80859375
Pi_Ethernet,0016-synthetic-n512-ext_cached-t1-network.json,telemetry_after,2026-09-16T01:45:53.262398+00:00,73.523,throttled=0xe0000,0,25.18359375,267.80859375
Pi_Ethernet,0017-synthetic-n4096-leaf-t3-local.json,telemetry_before,2026-09-16T01:46:48.559029+00:00,72.549,throttled=0xe0000,0,23.97265625,267.80859375
Pi_Ethernet,0017-synthetic-n4096-leaf-t3-local.json,telemetry_after,2026-09-16T01:46:57.220494+00:00,74.984,throttled=0xe0000,0,26.07421875,267.80859375
Pi_Ethernet,0017-synthetic-n4096-leaf-t3-memory_pressure.json,telemetry_before,2026-09-16T01:46:57.649423+00:00,74.984,throttled=0xe0000,0,87.984375,267.80859375
Pi_Ethernet,0017-synthetic-n4096-leaf-t3-memory_pressure.json,telemetry_after,2026-09-16T01:47:06.186763+00:00,75.471,throttled=0xe0000,0,90.08984375,267.80859375
Pi_Ethernet,0017-synthetic-n4096-leaf-t3-network.json,telemetry_before,2026-09-16T01:47:06.557438+00:00,75.958,throttled=0xe0000,0,24.03125,267.80859375
Pi_Ethernet,0017-synthetic-n4096-leaf-t3-network.json,telemetry_after,2026-09-16T01:47:24.161093+00:00,75.471,throttled=0xe0000,0,27.28515625,267.80859375
Pi_Ethernet,0018-synthetic-n4096-leaf-t0-local.json,telemetry_before,2026-09-16T01:48:20.819153+00:00,74.01,throttled=0xe0000,0,23.97265625,267.80859375
Pi_Ethernet,0018-synthetic-n4096-leaf-t0-local.json,telemetry_after,2026-09-16T01:48:29.341564+00:00,77.419,throttled=0xe0000,0,26.07421875,267.80859375
Pi_Ethernet,0018-synthetic-n4096-leaf-t0-memory_pressure.json,telemetry_before,2026-09-16T01:48:29.770661+00:00,76.445,throttled=0xe0000,0,87.98046875,267.80859375
Pi_Ethernet,0018-synthetic-n4096-leaf-t0-memory_pressure.json,telemetry_after,2026-09-16T01:48:38.456429+00:00,76.932,throttled=0xe0000,0,90.08984375,267.80859375
Pi_Ethernet,0018-synthetic-n4096-leaf-t0-network.json,telemetry_before,2026-09-16T01:48:38.824867+00:00,77.419,throttled=0xe0000,0,24.03515625,267.80859375
Pi_Ethernet,0018-synthetic-n4096-leaf-t0-network.json,telemetry_after,2026-09-16T01:48:56.352122+00:00,74.984,throttled=0xe0000,0,27.2578125,267.80859375
Pi_Ethernet,0019-synthetic-n4096-full-t4-local.json,telemetry_before,2026-09-16T01:49:51.766555+00:00,74.497,throttled=0xe0000,0,23.97265625,267.80859375
Pi_Ethernet,0019-synthetic-n4096-full-t4-local.json,telemetry_after,2026-09-16T01:49:54.944438+00:00,74.497,throttled=0xe0000,0,24.328125,267.80859375
Pi_Ethernet,0019-synthetic-n4096-full-t4-memory_pressure.json,telemetry_before,2026-09-16T01:49:55.374573+00:00,74.497,throttled=0xe0000,0,87.984375,267.80859375
Pi_Ethernet,0019-synthetic-n4096-full-t4-memory_pressure.json,telemetry_after,2026-09-16T01:49:58.550542+00:00,73.523,throttled=0xe0000,0,88.34375,267.80859375
Pi_Ethernet,0019-synthetic-n4096-full-t4-network.json,telemetry_before,2026-09-16T01:49:58.914522+00:00,74.01,throttled=0xe0000,0,24.0390625,267.80859375
Pi_Ethernet,0019-synthetic-n4096-full-t4-network.json,telemetry_after,2026-09-16T01:50:02.870915+00:00,74.497,throttled=0xe0000,0,25.19140625,267.80859375
Pi_Ethernet,0020-synthetic-n4096-ext_rebuild-t2-local.json,telemetry_before,2026-09-16T01:51:06.765736+00:00,72.062,throttled=0xe0000,0,23.9765625,267.80859375
Pi_Ethernet,0020-synthetic-n4096-ext_rebuild-t2-local.json,telemetry_after,2026-09-16T01:51:09.942902+00:00,72.549,throttled=0xe0000,0,24.3359375,267.80859375
Pi_Ethernet,0020-synthetic-n4096-ext_rebuild-t2-memory_pressure.json,telemetry_before,2026-09-16T01:51:10.373277+00:00,73.036,throttled=0xe0000,0,87.984375,267.80859375
Pi_Ethernet,0020-synthetic-n4096-ext_rebuild-t2-memory_pressure.json,telemetry_after,2026-09-16T01:51:13.552971+00:00,73.523,throttled=0xe0000,0,88.34375,267.80859375
Pi_Ethernet,0020-synthetic-n4096-ext_rebuild-t2-network.json,telemetry_before,2026-09-16T01:51:13.920876+00:00,73.523,throttled=0xe0000,0,24.0390625,267.80859375
Pi_Ethernet,0020-synthetic-n4096-ext_rebuild-t2-network.json,telemetry_after,2026-09-16T01:53:29.839574+00:00,72.062,throttled=0xe0000,0,25.19140625,267.80859375
Pi_Ethernet,0021-synthetic-n4096-ext_rebuild-t4-local.json,telemetry_before,2026-09-16T01:54:35.502520+00:00,74.01,throttled=0xe0000,0,23.96875,267.80859375
Pi_Ethernet,0021-synthetic-n4096-ext_rebuild-t4-local.json,telemetry_after,2026-09-16T01:54:38.677866+00:00,74.01,throttled=0xe0000,0,24.32421875,267.80859375
Pi_Ethernet,0021-synthetic-n4096-ext_rebuild-t4-memory_pressure.json,telemetry_before,2026-09-16T01:54:39.110368+00:00,74.01,throttled=0xe0000,0,87.98046875,267.80859375
Pi_Ethernet,0021-synthetic-n4096-ext_rebuild-t4-memory_pressure.json,telemetry_after,2026-09-16T01:54:42.286109+00:00,72.549,throttled=0xe0000,0,88.33984375,267.80859375
Pi_Ethernet,0021-synthetic-n4096-ext_rebuild-t4-network.json,telemetry_before,2026-09-16T01:54:42.653733+00:00,72.549,throttled=0xe0000,0,24.04296875,267.80859375
Pi_Ethernet,0021-synthetic-n4096-ext_rebuild-t4-network.json,telemetry_after,2026-09-16T01:56:57.985642+00:00,73.036,throttled=0xe0000,0,25.19921875,267.80859375
Pi_Ethernet,0022-synthetic-n4096-full-t2-local.json,telemetry_before,2026-09-16T01:57:53.870894+00:00,72.549,throttled=0xe0000,0,23.97265625,267.80859375
Pi_Ethernet,0022-synthetic-n4096-full-t2-local.json,telemetry_after,2026-09-16T01:57:57.050351+00:00,74.01,throttled=0xe0000,0,24.328125,267.80859375
Pi_Ethernet,0022-synthetic-n4096-full-t2-memory_pressure.json,telemetry_before,2026-09-16T01:57:57.479427+00:00,74.01,throttled=0xe0000,0,87.9765625,267.80859375
Pi_Ethernet,0022-synthetic-n4096-full-t2-memory_pressure.json,telemetry_after,2026-09-16T01:58:00.654071+00:00,73.036,throttled=0xe0000,0,88.3359375,267.80859375
Pi_Ethernet,0022-synthetic-n4096-full-t2-network.json,telemetry_before,2026-09-16T01:58:01.022628+00:00,73.523,throttled=0xe0000,0,24.0390625,267.80859375
Pi_Ethernet,0022-synthetic-n4096-full-t2-network.json,telemetry_after,2026-09-16T01:58:04.984570+00:00,72.062,throttled=0xe0000,0,25.19140625,267.80859375
Pi_Ethernet,0023-synthetic-n512-ext_cached-t0-energy_workload.json,telemetry_before,2026-09-16T01:58:23.430796+00:00,73.523,throttled=0xe0000,0,24.0390625,267.80859375
Pi_Ethernet,0023-synthetic-n512-ext_cached-t0-energy_workload.json,telemetry_after,2026-09-16T01:58:36.522606+00:00,74.497,throttled=0xe0000,0,30.6015625,267.80859375
Pi_Ethernet,0023-synthetic-n512-ext_cached-t0-local.json,telemetry_before,2026-09-16T01:58:11.921824+00:00,74.497,throttled=0xe0000,0,23.9765625,267.80859375
Pi_Ethernet,0023-synthetic-n512-ext_cached-t0-local.json,telemetry_after,2026-09-16T01:58:15.096317+00:00,73.523,throttled=0xe0000,0,24.33203125,267.80859375
Pi_Ethernet,0023-synthetic-n512-ext_cached-t0-memory_pressure.json,telemetry_before,2026-09-16T01:58:15.523453+00:00,74.497,throttled=0xe0000,0,87.984375,267.80859375
Pi_Ethernet,0023-synthetic-n512-ext_cached-t0-memory_pressure.json,telemetry_after,2026-09-16T01:58:18.692610+00:00,74.01,throttled=0xe0000,0,88.3359375,267.80859375
Pi_Ethernet,0023-synthetic-n512-ext_cached-t0-network.json,telemetry_before,2026-09-16T01:58:19.061947+00:00,74.01,throttled=0xe0000,0,24.0390625,267.80859375
Pi_Ethernet,0023-synthetic-n512-ext_cached-t0-network.json,telemetry_after,2026-09-16T01:58:23.058239+00:00,73.036,throttled=0xe0000,0,25.19140625,267.80859375
Pi_Ethernet,0024-ethereum_rpc_finalized_json-n69-ext_rebuild-t4-local.json,telemetry_before,2026-09-16T01:58:50.741583+00:00,74.01,throttled=0xe0000,0,23.96875,267.80859375
Pi_Ethernet,0024-ethereum_rpc_finalized_json-n69-ext_rebuild-t4-local.json,telemetry_after,2026-09-16T01:58:56.958751+00:00,74.984,throttled=0xe0000,0,29.0078125,267.80859375
Pi_Ethernet,0024-ethereum_rpc_finalized_json-n69-ext_rebuild-t4-memory_pressure.json,telemetry_before,2026-09-16T01:58:57.392028+00:00,75.958,throttled=0xe0000,0,87.97265625,267.80859375
Pi_Ethernet,0024-ethereum_rpc_finalized_json-n69-ext_rebuild-t4-memory_pressure.json,telemetry_after,2026-09-16T01:59:03.597283+00:00,76.932,throttled=0xe0000,0,93.01953125,267.80859375
Pi_Ethernet,0024-ethereum_rpc_finalized_json-n69-ext_rebuild-t4-network.json,telemetry_before,2026-09-16T01:59:03.966152+00:00,75.958,throttled=0xe0000,0,24.03125,267.80859375
Pi_Ethernet,0024-ethereum_rpc_finalized_json-n69-ext_rebuild-t4-network.json,telemetry_after,2026-09-16T02:00:23.984584+00:00,73.523,throttled=0xe0000,0,30.05078125,267.80859375
Pi_Ethernet,0025-synthetic-n512-leaf-t3-local.json,telemetry_before,2026-09-16T02:00:31.242727+00:00,73.036,throttled=0xe0000,0,23.96484375,267.80859375
Pi_Ethernet,0025-synthetic-n512-leaf-t3-local.json,telemetry_after,2026-09-16T02:00:35.084917+00:00,74.01,throttled=0xe0000,0,24.65234375,267.80859375
Pi_Ethernet,0025-synthetic-n512-leaf-t3-memory_pressure.json,telemetry_before,2026-09-16T02:00:35.552503+00:00,75.471,throttled=0xe0000,0,87.98046875,267.80859375
Pi_Ethernet,0025-synthetic-n512-leaf-t3-memory_pressure.json,telemetry_after,2026-09-16T02:00:39.399138+00:00,74.01,throttled=0xe0000,0,88.67578125,267.80859375
Pi_Ethernet,0025-synthetic-n512-leaf-t3-network.json,telemetry_before,2026-09-16T02:00:39.802451+00:00,74.497,throttled=0xe0000,0,24.04296875,267.80859375
Pi_Ethernet,0025-synthetic-n512-leaf-t3-network.json,telemetry_after,2026-09-16T02:00:45.284066+00:00,75.471,throttled=0xe0000,0,25.46875,267.80859375
Pi_Ethernet,0026-synthetic-n4096-leaf-t2-local.json,telemetry_before,2026-09-16T02:01:42.865400+00:00,73.523,throttled=0xe0000,0,23.97265625,267.80859375
Pi_Ethernet,0026-synthetic-n4096-leaf-t2-local.json,telemetry_after,2026-09-16T02:01:51.438436+00:00,74.984,throttled=0xe0000,0,26.07421875,267.80859375
Pi_Ethernet,0026-synthetic-n4096-leaf-t2-memory_pressure.json,telemetry_before,2026-09-16T02:01:51.871560+00:00,75.958,throttled=0xe0000,0,87.96875,267.80859375
Pi_Ethernet,0026-synthetic-n4096-leaf-t2-memory_pressure.json,telemetry_after,2026-09-16T02:02:00.481221+00:00,75.471,throttled=0xe0000,0,90.07421875,267.80859375
Pi_Ethernet,0026-synthetic-n4096-leaf-t2-network.json,telemetry_before,2026-09-16T02:02:00.851617+00:00,76.445,throttled=0xe0000,0,24.0390625,267.80859375
Pi_Ethernet,0026-synthetic-n4096-leaf-t2-network.json,telemetry_after,2026-09-16T02:02:18.629621+00:00,75.471,throttled=0xe0000,0,27.26171875,267.80859375
Pi_Ethernet,0027-synthetic-n512-leaf-t2-local.json,telemetry_before,2026-09-16T02:02:26.358716+00:00,74.01,throttled=0xe0000,0,23.98046875,267.80859375
Pi_Ethernet,0027-synthetic-n512-leaf-t2-local.json,telemetry_after,2026-09-16T02:02:30.207570+00:00,74.01,throttled=0xe0000,0,24.66796875,267.80859375
Pi_Ethernet,0027-synthetic-n512-leaf-t2-memory_pressure.json,telemetry_before,2026-09-16T02:02:30.637548+00:00,74.497,throttled=0xe0000,0,87.9609375,267.80859375
Pi_Ethernet,0027-synthetic-n512-leaf-t2-memory_pressure.json,telemetry_after,2026-09-16T02:02:34.477092+00:00,75.471,throttled=0xe0000,0,88.65625,267.80859375
Pi_Ethernet,0027-synthetic-n512-leaf-t2-network.json,telemetry_before,2026-09-16T02:02:34.844754+00:00,74.984,throttled=0xe0000,0,24.02734375,267.80859375
Pi_Ethernet,0027-synthetic-n512-leaf-t2-network.json,telemetry_after,2026-09-16T02:02:40.632194+00:00,74.01,throttled=0xe0000,0,25.45703125,267.80859375
Pi_Ethernet,0028-synthetic-n512-leaf-t0-energy_workload.json,telemetry_before,2026-09-16T02:03:02.618666+00:00,76.445,throttled=0xe0000,0,24.03515625,267.80859375
Pi_Ethernet,0028-synthetic-n512-leaf-t0-energy_workload.json,telemetry_after,2026-09-16T02:03:15.851531+00:00,74.497,throttled=0xe0000,0,27.06640625,267.80859375
Pi_Ethernet,0028-synthetic-n512-leaf-t0-local.json,telemetry_before,2026-09-16T02:02:48.287781+00:00,74.984,throttled=0xe0000,0,23.9765625,267.80859375
Pi_Ethernet,0028-synthetic-n512-leaf-t0-local.json,telemetry_after,2026-09-16T02:02:52.142343+00:00,74.497,throttled=0xe0000,0,24.6640625,267.80859375
Pi_Ethernet,0028-synthetic-n512-leaf-t0-memory_pressure.json,telemetry_before,2026-09-16T02:02:52.573510+00:00,74.984,throttled=0xe0000,0,87.984375,267.80859375
Pi_Ethernet,0028-synthetic-n512-leaf-t0-memory_pressure.json,telemetry_after,2026-09-16T02:02:56.423085+00:00,74.984,throttled=0xe0000,0,88.6796875,267.80859375
Pi_Ethernet,0028-synthetic-n512-leaf-t0-network.json,telemetry_before,2026-09-16T02:02:56.791209+00:00,75.471,throttled=0xe0000,0,24.03125,267.80859375
Pi_Ethernet,0028-synthetic-n512-leaf-t0-network.json,telemetry_after,2026-09-16T02:03:02.247237+00:00,73.523,throttled=0xe0000,0,25.4609375,267.80859375
Pi_Ethernet,0029-ethereum_rpc_finalized_json-n69-full-t0-local.json,telemetry_before,2026-09-16T02:03:26.057097+00:00,74.497,throttled=0xe0000,0,23.97265625,268.0078125
Pi_Ethernet,0029-ethereum_rpc_finalized_json-n69-full-t0-local.json,telemetry_after,2026-09-16T02:03:32.189531+00:00,76.932,throttled=0xe0000,0,26.83203125,268.0078125
Pi_Ethernet,0029-ethereum_rpc_finalized_json-n69-full-t0-memory_pressure.json,telemetry_before,2026-09-16T02:03:32.632732+00:00,75.958,throttled=0xe0000,0,87.97265625,268.0078125
Pi_Ethernet,0029-ethereum_rpc_finalized_json-n69-full-t0-memory_pressure.json,telemetry_after,2026-09-16T02:03:38.742419+00:00,76.445,throttled=0xe0000,0,90.83984375,268.0078125
Pi_Ethernet,0029-ethereum_rpc_finalized_json-n69-full-t0-network.json,telemetry_before,2026-09-16T02:03:39.114595+00:00,76.932,throttled=0xe0000,0,24.0390625,268.0078125
Pi_Ethernet,0029-ethereum_rpc_finalized_json-n69-full-t0-network.json,telemetry_after,2026-09-16T02:04:01.091940+00:00,74.984,throttled=0xe0000,0,28.0859375,268.0078125
Pi_Ethernet,0030-synthetic-n512-ext_rebuild-t2-local.json,telemetry_before,2026-09-16T02:04:09.445351+00:00,75.471,throttled=0xe0000,0,23.96484375,268.0078125
Pi_Ethernet,0030-synthetic-n512-ext_rebuild-t2-local.json,telemetry_after,2026-09-16T02:04:12.614538+00:00,74.497,throttled=0xe0000,0,24.3203125,268.0078125
Pi_Ethernet,0030-synthetic-n512-ext_rebuild-t2-memory_pressure.json,telemetry_before,2026-09-16T02:04:13.047217+00:00,74.984,throttled=0xe0000,0,87.984375,268.0078125
Pi_Ethernet,0030-synthetic-n512-ext_rebuild-t2-memory_pressure.json,telemetry_after,2026-09-16T02:04:16.217597+00:00,74.984,throttled=0xe0000,0,88.3359375,268.0078125
Pi_Ethernet,0030-synthetic-n512-ext_rebuild-t2-network.json,telemetry_before,2026-09-16T02:04:16.583923+00:00,74.497,throttled=0xe0000,0,24.0390625,268.0078125
Pi_Ethernet,0030-synthetic-n512-ext_rebuild-t2-network.json,telemetry_after,2026-09-16T02:04:36.988499+00:00,73.036,throttled=0xe0000,0,25.1875,268.0078125
Pi_Ethernet,0031-synthetic-n4096-archive-t4-archive_retrieval.json,telemetry_before,2026-09-16T02:05:31.867104+00:00,74.984,throttled=0xe0000,0,23.9765625,268.0078125
Pi_Ethernet,0031-synthetic-n4096-archive-t4-archive_retrieval.json,telemetry_after,2026-09-16T02:05:35.251814+00:00,74.497,throttled=0xe0000,0,24.609375,268.0078125
Pi_Ethernet,0031-synthetic-n4096-archive-t4-local.json,telemetry_before,2026-09-16T02:05:28.334794+00:00,74.497,throttled=0xe0000,0,23.96484375,268.0078125
Pi_Ethernet,0031-synthetic-n4096-archive-t4-local.json,telemetry_after,2026-09-16T02:05:31.510238+00:00,74.984,throttled=0xe0000,0,24.32421875,268.0078125
Pi_Ethernet,0032-synthetic-n512-ext_cached-t4-local.json,telemetry_before,2026-09-16T02:05:44.035115+00:00,73.036,throttled=0xe0000,0,23.9765625,268.0078125
Pi_Ethernet,0032-synthetic-n512-ext_cached-t4-local.json,telemetry_after,2026-09-16T02:05:47.205015+00:00,73.523,throttled=0xe0000,0,24.33203125,268.0078125
Pi_Ethernet,0032-synthetic-n512-ext_cached-t4-memory_pressure.json,telemetry_before,2026-09-16T02:05:47.629709+00:00,73.523,throttled=0xe0000,0,87.96875,268.0078125
Pi_Ethernet,0032-synthetic-n512-ext_cached-t4-memory_pressure.json,telemetry_after,2026-09-16T02:05:50.802739+00:00,74.01,throttled=0xe0000,0,88.3203125,268.0078125
Pi_Ethernet,0032-synthetic-n512-ext_cached-t4-network.json,telemetry_before,2026-09-16T02:05:51.173677+00:00,73.523,throttled=0xe0000,0,24.0390625,268.0078125
Pi_Ethernet,0032-synthetic-n512-ext_cached-t4-network.json,telemetry_after,2026-09-16T02:05:55.102118+00:00,73.036,throttled=0xe0000,0,25.19140625,268.0078125
Pi_Ethernet,0033-synthetic-n512-full-t0-energy_workload.json,telemetry_before,2026-09-16T02:06:13.720391+00:00,73.036,throttled=0xe0000,0,24.04296875,268.0078125
Pi_Ethernet,0033-synthetic-n512-full-t0-energy_workload.json,telemetry_after,2026-09-16T02:06:26.809777+00:00,74.984,throttled=0xe0000,0,30.6015625,268.0078125
Pi_Ethernet,0033-synthetic-n512-full-t0-local.json,telemetry_before,2026-09-16T02:06:02.283620+00:00,74.01,throttled=0xe0000,0,23.95703125,268.0078125
Pi_Ethernet,0033-synthetic-n512-full-t0-local.json,telemetry_after,2026-09-16T02:06:05.452744+00:00,73.036,throttled=0xe0000,0,24.30859375,268.0078125
Pi_Ethernet,0033-synthetic-n512-full-t0-memory_pressure.json,telemetry_before,2026-09-16T02:06:05.880368+00:00,74.01,throttled=0xe0000,0,87.9765625,268.0078125
Pi_Ethernet,0033-synthetic-n512-full-t0-memory_pressure.json,telemetry_after,2026-09-16T02:06:09.052110+00:00,72.549,throttled=0xe0000,0,88.32421875,268.0078125
Pi_Ethernet,0033-synthetic-n512-full-t0-network.json,telemetry_before,2026-09-16T02:06:09.419804+00:00,73.523,throttled=0xe0000,0,24.0390625,268.0078125
Pi_Ethernet,0033-synthetic-n512-full-t0-network.json,telemetry_after,2026-09-16T02:06:13.348478+00:00,73.036,throttled=0xe0000,0,25.1875,268.0078125
Pi_Ethernet,0034-synthetic-n512-ext_rebuild-t3-local.json,telemetry_before,2026-09-16T02:06:35.230057+00:00,74.497,throttled=0xe0000,0,23.9765625,268.0078125
Pi_Ethernet,0034-synthetic-n512-ext_rebuild-t3-local.json,telemetry_after,2026-09-16T02:06:38.399727+00:00,73.523,throttled=0xe0000,0,24.33203125,268.0078125
Pi_Ethernet,0034-synthetic-n512-ext_rebuild-t3-memory_pressure.json,telemetry_before,2026-09-16T02:06:38.831770+00:00,73.523,throttled=0xe0000,0,87.96875,268.0078125
Pi_Ethernet,0034-synthetic-n512-ext_rebuild-t3-memory_pressure.json,telemetry_after,2026-09-16T02:06:42.004686+00:00,72.549,throttled=0xe0000,0,88.3203125,268.0078125
Pi_Ethernet,0034-synthetic-n512-ext_rebuild-t3-network.json,telemetry_before,2026-09-16T02:06:42.372341+00:00,74.01,throttled=0xe0000,0,24.0234375,268.0078125
Pi_Ethernet,0034-synthetic-n512-ext_rebuild-t3-network.json,telemetry_after,2026-09-16T02:07:02.821170+00:00,73.036,throttled=0xe0000,0,25.171875,268.0078125
Pi_Ethernet,0035-synthetic-n512-ext_rebuild-t1-local.json,telemetry_before,2026-09-16T02:07:11.874995+00:00,74.01,throttled=0xe0000,0,23.9765625,268.0078125
Pi_Ethernet,0035-synthetic-n512-ext_rebuild-t1-local.json,telemetry_after,2026-09-16T02:07:15.047567+00:00,72.549,throttled=0xe0000,0,24.328125,268.0078125
Pi_Ethernet,0035-synthetic-n512-ext_rebuild-t1-memory_pressure.json,telemetry_before,2026-09-16T02:07:15.475395+00:00,73.523,throttled=0xe0000,0,87.984375,268.0078125
Pi_Ethernet,0035-synthetic-n512-ext_rebuild-t1-memory_pressure.json,telemetry_after,2026-09-16T02:07:18.644316+00:00,72.549,throttled=0xe0000,0,88.3359375,268.0078125
Pi_Ethernet,0035-synthetic-n512-ext_rebuild-t1-network.json,telemetry_before,2026-09-16T02:07:19.011246+00:00,72.549,throttled=0xe0000,0,24.03125,268.0078125
Pi_Ethernet,0035-synthetic-n512-ext_rebuild-t1-network.json,telemetry_after,2026-09-16T02:07:39.462199+00:00,72.062,throttled=0xe0000,0,25.18359375,268.0078125
Pi_Ethernet,0036-synthetic-n4096-ext_rebuild-t0-local.json,telemetry_before,2026-09-16T02:08:43.840787+00:00,73.523,throttled=0xe0000,0,23.96875,268.0078125
Pi_Ethernet,0036-synthetic-n4096-ext_rebuild-t0-local.json,telemetry_after,2026-09-16T02:08:47.021219+00:00,73.523,throttled=0xe0000,0,24.328125,268.0078125
Pi_Ethernet,0036-synthetic-n4096-ext_rebuild-t0-memory_pressure.json,telemetry_before,2026-09-16T02:08:47.450713+00:00,74.01,throttled=0xe0000,0,87.98046875,268.0078125
Pi_Ethernet,0036-synthetic-n4096-ext_rebuild-t0-memory_pressure.json,telemetry_after,2026-09-16T02:08:50.626751+00:00,74.01,throttled=0xe0000,0,88.33984375,268.0078125
Pi_Ethernet,0036-synthetic-n4096-ext_rebuild-t0-network.json,telemetry_before,2026-09-16T02:08:50.992350+00:00,74.497,throttled=0xe0000,0,24.0390625,268.0078125
Pi_Ethernet,0036-synthetic-n4096-ext_rebuild-t0-network.json,telemetry_after,2026-09-16T02:11:06.663670+00:00,72.549,throttled=0xe0000,0,25.1953125,268.0078125
Pi_Ethernet,0037-synthetic-n4096-ext_cached-t2-local.json,telemetry_before,2026-09-16T02:12:02.843700+00:00,73.036,throttled=0xe0000,0,23.95703125,268.0078125
Pi_Ethernet,0037-synthetic-n4096-ext_cached-t2-local.json,telemetry_after,2026-09-16T02:12:06.021579+00:00,73.036,throttled=0xe0000,0,24.31640625,268.0078125
Pi_Ethernet,0037-synthetic-n4096-ext_cached-t2-memory_pressure.json,telemetry_before,2026-09-16T02:12:06.449732+00:00,72.549,throttled=0xe0000,0,87.984375,268.0078125
Pi_Ethernet,0037-synthetic-n4096-ext_cached-t2-memory_pressure.json,telemetry_after,2026-09-16T02:12:09.628668+00:00,73.523,throttled=0xe0000,0,88.34375,268.0078125
Pi_Ethernet,0037-synthetic-n4096-ext_cached-t2-network.json,telemetry_before,2026-09-16T02:12:09.995953+00:00,74.01,throttled=0xe0000,0,24.02734375,268.0078125
Pi_Ethernet,0037-synthetic-n4096-ext_cached-t2-network.json,telemetry_after,2026-09-16T02:12:13.999903+00:00,72.062,throttled=0xe0000,0,25.19140625,268.0078125
Pi_Ethernet,0038-ethereum_rpc_finalized_json-n69-full-t2-local.json,telemetry_before,2026-09-16T02:12:23.754296+00:00,72.549,throttled=0xe0000,0,23.9765625,269.375
Pi_Ethernet,0038-ethereum_rpc_finalized_json-n69-full-t2-local.json,telemetry_after,2026-09-16T02:12:29.993286+00:00,74.497,throttled=0xe0000,0,26.7265625,269.375
Pi_Ethernet,0038-ethereum_rpc_finalized_json-n69-full-t2-memory_pressure.json,telemetry_before,2026-09-16T02:12:30.421129+00:00,74.497,throttled=0xe0000,0,87.96875,269.375
Pi_Ethernet,0038-ethereum_rpc_finalized_json-n69-full-t2-memory_pressure.json,telemetry_after,2026-09-16T02:12:36.664015+00:00,74.984,throttled=0xe0000,0,91.23046875,269.375
Pi_Ethernet,0038-ethereum_rpc_finalized_json-n69-full-t2-network.json,telemetry_before,2026-09-16T02:12:37.035754+00:00,74.984,throttled=0xe0000,0,24.0234375,269.375
Pi_Ethernet,0038-ethereum_rpc_finalized_json-n69-full-t2-network.json,telemetry_after,2026-09-16T02:12:59.396627+00:00,74.984,throttled=0xe0000,0,27.94921875,269.375
Pi_Ethernet,0039-synthetic-n4096-ext_rebuild-t1-local.json,telemetry_before,2026-09-16T02:14:04.623289+00:00,73.036,throttled=0xe0000,0,23.97265625,269.375
Pi_Ethernet,0039-synthetic-n4096-ext_rebuild-t1-local.json,telemetry_after,2026-09-16T02:14:07.800004+00:00,73.036,throttled=0xe0000,0,24.33203125,269.375
Pi_Ethernet,0039-synthetic-n4096-ext_rebuild-t1-memory_pressure.json,telemetry_before,2026-09-16T02:14:08.228161+00:00,73.523,throttled=0xe0000,0,87.984375,269.375
Pi_Ethernet,0039-synthetic-n4096-ext_rebuild-t1-memory_pressure.json,telemetry_after,2026-09-16T02:14:11.403550+00:00,73.523,throttled=0xe0000,0,88.34375,269.375
Pi_Ethernet,0039-synthetic-n4096-ext_rebuild-t1-network.json,telemetry_before,2026-09-16T02:14:11.769924+00:00,74.497,throttled=0xe0000,0,24.03515625,269.375
Pi_Ethernet,0039-synthetic-n4096-ext_rebuild-t1-network.json,telemetry_after,2026-09-16T02:16:27.978256+00:00,72.062,throttled=0xe0000,0,25.19140625,269.375
Pi_Ethernet,0040-synthetic-n4096-archive-t2-archive_retrieval.json,telemetry_before,2026-09-16T02:17:21.846746+00:00,74.01,throttled=0xe0000,0,23.9765625,269.375
Pi_Ethernet,0040-synthetic-n4096-archive-t2-archive_retrieval.json,telemetry_after,2026-09-16T02:17:25.229535+00:00,72.549,throttled=0xe0000,0,24.609375,269.375
Pi_Ethernet,0040-synthetic-n4096-archive-t2-local.json,telemetry_before,2026-09-16T02:17:18.308033+00:00,73.036,throttled=0xe0000,0,23.9765625,269.375
Pi_Ethernet,0040-synthetic-n4096-archive-t2-local.json,telemetry_after,2026-09-16T02:17:21.482826+00:00,72.549,throttled=0xe0000,0,24.3359375,269.375
Pi_Ethernet,0041-synthetic-n512-archive-t1-archive_retrieval.json,telemetry_before,2026-09-16T02:17:34.968435+00:00,73.523,throttled=0xe0000,0,23.98046875,269.375
Pi_Ethernet,0041-synthetic-n512-archive-t1-archive_retrieval.json,telemetry_after,2026-09-16T02:17:38.331496+00:00,72.062,throttled=0xe0000,0,24.61328125,269.375
Pi_Ethernet,0041-synthetic-n512-archive-t1-local.json,telemetry_before,2026-09-16T02:17:31.443505+00:00,73.036,throttled=0xe0000,0,23.97265625,269.375
Pi_Ethernet,0041-synthetic-n512-archive-t1-local.json,telemetry_after,2026-09-16T02:17:34.613296+00:00,73.036,throttled=0xe0000,0,24.32421875,269.375
Pi_Ethernet,0042-synthetic-n512-full-t4-local.json,telemetry_before,2026-09-16T02:17:45.420496+00:00,74.01,throttled=0xe0000,0,23.98046875,269.375
Pi_Ethernet,0042-synthetic-n512-full-t4-local.json,telemetry_after,2026-09-16T02:17:48.591184+00:00,73.036,throttled=0xe0000,0,24.33203125,269.375
Pi_Ethernet,0042-synthetic-n512-full-t4-memory_pressure.json,telemetry_before,2026-09-16T02:17:49.018804+00:00,74.497,throttled=0xe0000,0,87.96875,269.375
Pi_Ethernet,0042-synthetic-n512-full-t4-memory_pressure.json,telemetry_after,2026-09-16T02:17:52.187343+00:00,73.523,throttled=0xe0000,0,88.3203125,269.375
Pi_Ethernet,0042-synthetic-n512-full-t4-network.json,telemetry_before,2026-09-16T02:17:52.552361+00:00,73.523,throttled=0xe0000,0,24.0390625,269.375
Pi_Ethernet,0042-synthetic-n512-full-t4-network.json,telemetry_after,2026-09-16T02:17:56.480340+00:00,73.523,throttled=0xe0000,0,25.1875,269.375
Pi_Ethernet,0043-synthetic-n512-ext_rebuild-t0-energy_workload.json,telemetry_before,2026-09-16T02:18:33.519731+00:00,73.523,throttled=0xe0000,0,24.0390625,269.375
Pi_Ethernet,0043-synthetic-n512-ext_rebuild-t0-energy_workload.json,telemetry_after,2026-09-16T02:18:53.920507+00:00,73.523,throttled=0xe0000,0,25.1875,269.375
Pi_Ethernet,0043-synthetic-n512-ext_rebuild-t0-local.json,telemetry_before,2026-09-16T02:18:05.579520+00:00,74.01,throttled=0xe0000,0,23.96875,269.375
Pi_Ethernet,0043-synthetic-n512-ext_rebuild-t0-local.json,telemetry_after,2026-09-16T02:18:08.748192+00:00,73.036,throttled=0xe0000,0,24.32421875,269.375
Pi_Ethernet,0043-synthetic-n512-ext_rebuild-t0-memory_pressure.json,telemetry_before,2026-09-16T02:18:09.176740+00:00,73.523,throttled=0xe0000,0,87.98046875,269.375
Pi_Ethernet,0043-synthetic-n512-ext_rebuild-t0-memory_pressure.json,telemetry_after,2026-09-16T02:18:12.347512+00:00,74.01,throttled=0xe0000,0,88.328125,269.375
Pi_Ethernet,0043-synthetic-n512-ext_rebuild-t0-network.json,telemetry_before,2026-09-16T02:18:12.711041+00:00,73.523,throttled=0xe0000,0,24.0390625,269.375
Pi_Ethernet,0043-synthetic-n512-ext_rebuild-t0-network.json,telemetry_after,2026-09-16T02:18:33.147105+00:00,72.549,throttled=0xe0000,0,25.1875,269.375
Pi_Ethernet,0044-ethereum_rpc_finalized_json-n69-ext_cached-t4-local.json,telemetry_before,2026-09-16T02:19:03.795034+00:00,73.523,throttled=0xe0000,0,23.94921875,269.86328125
Pi_Ethernet,0044-ethereum_rpc_finalized_json-n69-ext_cached-t4-local.json,telemetry_after,2026-09-16T02:19:10.013426+00:00,75.958,throttled=0xe0000,0,29.0078125,269.86328125
Pi_Ethernet,0044-ethereum_rpc_finalized_json-n69-ext_cached-t4-memory_pressure.json,telemetry_before,2026-09-16T02:19:10.440595+00:00,75.471,throttled=0xe0000,0,87.96484375,269.86328125
Pi_Ethernet,0044-ethereum_rpc_finalized_json-n69-ext_cached-t4-memory_pressure.json,telemetry_after,2026-09-16T02:19:16.649867+00:00,76.445,throttled=0xe0000,0,93.01171875,269.86328125
Pi_Ethernet,0044-ethereum_rpc_finalized_json-n69-ext_cached-t4-network.json,telemetry_before,2026-09-16T02:19:17.023000+00:00,75.958,throttled=0xe0000,0,24.03125,269.86328125
Pi_Ethernet,0044-ethereum_rpc_finalized_json-n69-ext_cached-t4-network.json,telemetry_after,2026-09-16T02:19:39.389094+00:00,74.984,throttled=0xe0000,0,30.05078125,269.86328125
Pi_Ethernet,0045-synthetic-n4096-leaf-t1-local.json,telemetry_before,2026-09-16T02:20:35.267984+00:00,73.523,throttled=0xe0000,0,23.96875,269.86328125
Pi_Ethernet,0045-synthetic-n4096-leaf-t1-local.json,telemetry_after,2026-09-16T02:20:44.036745+00:00,75.471,throttled=0xe0000,0,26.0703125,269.86328125
Pi_Ethernet,0045-synthetic-n4096-leaf-t1-memory_pressure.json,telemetry_before,2026-09-16T02:20:44.462940+00:00,75.471,throttled=0xe0000,0,87.9765625,269.86328125
Pi_Ethernet,0045-synthetic-n4096-leaf-t1-memory_pressure.json,telemetry_after,2026-09-16T02:20:53.306574+00:00,75.471,throttled=0xe0000,0,90.0859375,269.86328125
Pi_Ethernet,0045-synthetic-n4096-leaf-t1-network.json,telemetry_before,2026-09-16T02:20:53.676615+00:00,75.471,throttled=0xe0000,0,24.03125,269.86328125
Pi_Ethernet,0045-synthetic-n4096-leaf-t1-network.json,telemetry_after,2026-09-16T02:21:11.176812+00:00,75.471,throttled=0xe0000,0,27.28515625,269.86328125
Pi_Ethernet,0046-synthetic-n512-ext_rebuild-t4-local.json,telemetry_before,2026-09-16T02:21:19.767051+00:00,74.497,throttled=0xe0000,0,23.97265625,269.86328125
Pi_Ethernet,0046-synthetic-n512-ext_rebuild-t4-local.json,telemetry_after,2026-09-16T02:21:22.939638+00:00,75.471,throttled=0xe0000,0,24.328125,269.86328125
Pi_Ethernet,0046-synthetic-n512-ext_rebuild-t4-memory_pressure.json,telemetry_before,2026-09-16T02:21:23.372435+00:00,75.471,throttled=0xe0000,0,87.9765625,269.86328125
Pi_Ethernet,0046-synthetic-n512-ext_rebuild-t4-memory_pressure.json,telemetry_after,2026-09-16T02:21:26.542332+00:00,74.497,throttled=0xe0000,0,88.328125,269.86328125
Pi_Ethernet,0046-synthetic-n512-ext_rebuild-t4-network.json,telemetry_before,2026-09-16T02:21:26.906661+00:00,74.984,throttled=0xe0000,0,24.03515625,269.86328125
Pi_Ethernet,0046-synthetic-n512-ext_rebuild-t4-network.json,telemetry_after,2026-09-16T02:21:47.362564+00:00,73.523,throttled=0xe0000,0,25.18359375,269.86328125
Pi_Ethernet,0047-synthetic-n4096-ext_cached-t4-local.json,telemetry_before,2026-09-16T02:22:42.464798+00:00,72.062,throttled=0xe0000,0,23.96875,269.86328125
Pi_Ethernet,0047-synthetic-n4096-ext_cached-t4-local.json,telemetry_after,2026-09-16T02:22:45.641754+00:00,73.036,throttled=0xe0000,0,24.328125,269.86328125
Pi_Ethernet,0047-synthetic-n4096-ext_cached-t4-memory_pressure.json,telemetry_before,2026-09-16T02:22:46.071994+00:00,73.523,throttled=0xe0000,0,87.98828125,269.86328125
Pi_Ethernet,0047-synthetic-n4096-ext_cached-t4-memory_pressure.json,telemetry_after,2026-09-16T02:22:49.249761+00:00,73.036,throttled=0xe0000,0,88.34765625,269.86328125
Pi_Ethernet,0047-synthetic-n4096-ext_cached-t4-network.json,telemetry_before,2026-09-16T02:22:49.614763+00:00,73.036,throttled=0xe0000,0,24.0390625,269.86328125
Pi_Ethernet,0047-synthetic-n4096-ext_cached-t4-network.json,telemetry_after,2026-09-16T02:22:53.575552+00:00,72.062,throttled=0xe0000,0,25.203125,269.86328125
Pi_Ethernet,0048-synthetic-n512-leaf-t4-local.json,telemetry_before,2026-09-16T02:23:00.655198+00:00,72.549,throttled=0xe0000,0,23.98046875,269.86328125
Pi_Ethernet,0048-synthetic-n512-leaf-t4-local.json,telemetry_after,2026-09-16T02:23:04.503724+00:00,73.523,throttled=0xe0000,0,24.66796875,269.86328125
Pi_Ethernet,0048-synthetic-n512-leaf-t4-memory_pressure.json,telemetry_before,2026-09-16T02:23:04.932647+00:00,74.01,throttled=0xe0000,0,87.9765625,269.86328125
Pi_Ethernet,0048-synthetic-n512-leaf-t4-memory_pressure.json,telemetry_after,2026-09-16T02:23:08.778988+00:00,73.523,throttled=0xe0000,0,88.671875,269.86328125
Pi_Ethernet,0048-synthetic-n512-leaf-t4-network.json,telemetry_before,2026-09-16T02:23:09.151828+00:00,74.497,throttled=0xe0000,0,24.03125,269.86328125
Pi_Ethernet,0048-synthetic-n512-leaf-t4-network.json,telemetry_after,2026-09-16T02:23:14.632579+00:00,73.523,throttled=0xe0000,0,25.4609375,269.86328125
Pi_Ethernet,0049-synthetic-n512-full-t3-local.json,telemetry_before,2026-09-16T02:23:22.354208+00:00,73.036,throttled=0xe0000,0,23.97265625,269.86328125
Pi_Ethernet,0049-synthetic-n512-full-t3-local.json,telemetry_after,2026-09-16T02:23:25.529513+00:00,74.01,throttled=0xe0000,0,24.32421875,269.86328125
Pi_Ethernet,0049-synthetic-n512-full-t3-memory_pressure.json,telemetry_before,2026-09-16T02:23:25.956954+00:00,74.497,throttled=0xe0000,0,87.9765625,269.86328125
Pi_Ethernet,0049-synthetic-n512-full-t3-memory_pressure.json,telemetry_after,2026-09-16T02:23:29.127861+00:00,74.497,throttled=0xe0000,0,88.328125,269.86328125
Pi_Ethernet,0049-synthetic-n512-full-t3-network.json,telemetry_before,2026-09-16T02:23:29.498587+00:00,74.497,throttled=0xe0000,0,24.0390625,269.86328125
Pi_Ethernet,0049-synthetic-n512-full-t3-network.json,telemetry_after,2026-09-16T02:23:33.428814+00:00,74.497,throttled=0xe0000,0,25.1875,269.86328125
Pi_Ethernet,0050-synthetic-n4096-archive-t0-archive_retrieval.json,telemetry_before,2026-09-16T02:24:27.637062+00:00,74.01,throttled=0xe0000,0,23.97265625,269.86328125
Pi_Ethernet,0050-synthetic-n4096-archive-t0-archive_retrieval.json,telemetry_after,2026-09-16T02:24:31.015856+00:00,74.497,throttled=0xe0000,0,24.60546875,269.86328125
Pi_Ethernet,0050-synthetic-n4096-archive-t0-local.json,telemetry_before,2026-09-16T02:24:24.106441+00:00,74.497,throttled=0xe0000,0,23.97265625,269.86328125
Pi_Ethernet,0050-synthetic-n4096-archive-t0-local.json,telemetry_after,2026-09-16T02:24:27.280250+00:00,73.036,throttled=0xe0000,0,24.33203125,269.86328125
Pi_Ethernet,0051-ethereum_rpc_finalized_json-n69-archive-t4-archive_retrieval.json,telemetry_before,2026-09-16T02:24:41.496758+00:00,75.471,throttled=0xe0000,0,23.96875,269.86328125
Pi_Ethernet,0051-ethereum_rpc_finalized_json-n69-archive-t4-archive_retrieval.json,telemetry_after,2026-09-16T02:24:48.666718+00:00,76.445,throttled=0xe0000,0,30.10546875,269.86328125
Pi_Ethernet,0051-ethereum_rpc_finalized_json-n69-archive-t4-local.json,telemetry_before,2026-09-16T02:24:34.912279+00:00,74.01,throttled=0xe0000,0,23.96875,269.86328125
Pi_Ethernet,0051-ethereum_rpc_finalized_json-n69-archive-t4-local.json,telemetry_after,2026-09-16T02:24:41.137828+00:00,74.984,throttled=0xe0000,0,29.01171875,269.86328125
Pi_Ethernet,0052-synthetic-n512-archive-t4-archive_retrieval.json,telemetry_before,2026-09-16T02:24:59.198598+00:00,73.523,throttled=0xe0000,0,23.9765625,269.86328125
Pi_Ethernet,0052-synthetic-n512-archive-t4-archive_retrieval.json,telemetry_after,2026-09-16T02:25:02.560853+00:00,74.984,throttled=0xe0000,0,24.609375,269.86328125
Pi_Ethernet,0052-synthetic-n512-archive-t4-local.json,telemetry_before,2026-09-16T02:24:55.671682+00:00,74.984,throttled=0xe0000,0,23.9765625,269.86328125
Pi_Ethernet,0052-synthetic-n512-archive-t4-local.json,telemetry_after,2026-09-16T02:24:58.839736+00:00,74.984,throttled=0xe0000,0,24.32421875,269.86328125
Pi_Ethernet,0053-ethereum_rpc_finalized_json-n69-archive-t1-archive_retrieval.json,telemetry_before,2026-09-16T02:25:12.702975+00:00,75.958,throttled=0xe0000,0,23.96484375,269.86328125
Pi_Ethernet,0053-ethereum_rpc_finalized_json-n69-archive-t1-archive_retrieval.json,telemetry_after,2026-09-16T02:25:19.699521+00:00,76.445,throttled=0xe0000,0,27.3046875,269.86328125
Pi_Ethernet,0053-ethereum_rpc_finalized_json-n69-archive-t1-local.json,telemetry_before,2026-09-16T02:25:06.419725+00:00,74.984,throttled=0xe0000,0,23.96484375,269.86328125
Pi_Ethernet,0053-ethereum_rpc_finalized_json-n69-archive-t1-local.json,telemetry_after,2026-09-16T02:25:12.346235+00:00,74.984,throttled=0xe0000,0,27.109375,269.86328125
Pi_Ethernet,0054-synthetic-n4096-full-t1-local.json,telemetry_before,2026-09-16T02:26:14.944815+00:00,73.523,throttled=0xe0000,0,23.9765625,269.86328125
Pi_Ethernet,0054-synthetic-n4096-full-t1-local.json,telemetry_after,2026-09-16T02:26:18.120790+00:00,73.036,throttled=0xe0000,0,24.33203125,269.86328125
Pi_Ethernet,0054-synthetic-n4096-full-t1-memory_pressure.json,telemetry_before,2026-09-16T02:26:18.546411+00:00,73.036,throttled=0xe0000,0,87.984375,269.86328125
Pi_Ethernet,0054-synthetic-n4096-full-t1-memory_pressure.json,telemetry_after,2026-09-16T02:26:21.723205+00:00,73.036,throttled=0xe0000,0,88.33984375,269.86328125
Pi_Ethernet,0054-synthetic-n4096-full-t1-network.json,telemetry_before,2026-09-16T02:26:22.090584+00:00,73.036,throttled=0xe0000,0,24.03515625,269.86328125
Pi_Ethernet,0054-synthetic-n4096-full-t1-network.json,telemetry_after,2026-09-16T02:26:26.041153+00:00,74.497,throttled=0xe0000,0,25.1875,269.86328125
Pi_Ethernet,0055-synthetic-n4096-ext_cached-t3-local.json,telemetry_before,2026-09-16T02:27:21.036151+00:00,73.036,throttled=0xe0000,0,23.9765625,269.86328125
Pi_Ethernet,0055-synthetic-n4096-ext_cached-t3-local.json,telemetry_after,2026-09-16T02:27:24.212581+00:00,73.523,throttled=0xe0000,0,24.3359375,269.86328125
Pi_Ethernet,0055-synthetic-n4096-ext_cached-t3-memory_pressure.json,telemetry_before,2026-09-16T02:27:24.639374+00:00,73.036,throttled=0xe0000,0,87.9765625,269.86328125
Pi_Ethernet,0055-synthetic-n4096-ext_cached-t3-memory_pressure.json,telemetry_after,2026-09-16T02:27:27.816659+00:00,73.036,throttled=0xe0000,0,88.3359375,269.86328125
Pi_Ethernet,0055-synthetic-n4096-ext_cached-t3-network.json,telemetry_before,2026-09-16T02:27:28.186190+00:00,73.036,throttled=0xe0000,0,24.03515625,269.86328125
Pi_Ethernet,0055-synthetic-n4096-ext_cached-t3-network.json,telemetry_after,2026-09-16T02:27:32.189624+00:00,72.062,throttled=0xe0000,0,25.1953125,269.86328125
Pi_Ethernet,0056-ethereum_rpc_finalized_json-n69-archive-t2-archive_retrieval.json,telemetry_before,2026-09-16T02:27:42.680876+00:00,74.984,throttled=0xe0000,0,23.96875,269.86328125
Pi_Ethernet,0056-ethereum_rpc_finalized_json-n69-archive-t2-archive_retrieval.json,telemetry_after,2026-09-16T02:27:49.898289+00:00,75.471,throttled=0xe0000,0,27.7421875,269.86328125
Pi_Ethernet,0056-ethereum_rpc_finalized_json-n69-archive-t2-local.json,telemetry_before,2026-09-16T02:27:36.090682+00:00,73.036,throttled=0xe0000,0,23.9609375,269.86328125
Pi_Ethernet,0056-ethereum_rpc_finalized_json-n69-archive-t2-local.json,telemetry_after,2026-09-16T02:27:42.318922+00:00,74.984,throttled=0xe0000,0,27.2265625,269.86328125
Pi_Ethernet,0057-ethereum_rpc_finalized_json-n69-leaf-t4-local.json,telemetry_before,2026-09-16T02:27:59.802828+00:00,74.497,throttled=0xe0000,0,23.9609375,271.38671875
Pi_Ethernet,0057-ethereum_rpc_finalized_json-n69-leaf-t4-local.json,telemetry_after,2026-09-16T02:28:06.216982+00:00,75.471,throttled=0xe0000,0,28.921875,271.38671875
Pi_Ethernet,0057-ethereum_rpc_finalized_json-n69-leaf-t4-memory_pressure.json,telemetry_before,2026-09-16T02:28:06.645256+00:00,75.471,throttled=0xe0000,0,87.9765625,271.38671875
Pi_Ethernet,0057-ethereum_rpc_finalized_json-n69-leaf-t4-memory_pressure.json,telemetry_after,2026-09-16T02:28:13.045713+00:00,75.958,throttled=0xe0000,0,93.1015625,271.38671875
Pi_Ethernet,0057-ethereum_rpc_finalized_json-n69-leaf-t4-network.json,telemetry_before,2026-09-16T02:28:13.414169+00:00,75.471,throttled=0xe0000,0,24.0390625,271.38671875
Pi_Ethernet,0057-ethereum_rpc_finalized_json-n69-leaf-t4-network.json,telemetry_after,2026-09-16T02:28:36.286357+00:00,74.984,throttled=0xe0000,0,30.30859375,271.38671875
Pi_Ethernet,0058-ethereum_rpc_finalized_json-n69-ext_rebuild-t3-local.json,telemetry_before,2026-09-16T02:28:50.401244+00:00,74.01,throttled=0xe0000,0,23.97265625,271.38671875
Pi_Ethernet,0058-ethereum_rpc_finalized_json-n69-ext_rebuild-t3-local.json,telemetry_after,2026-09-16T02:28:56.603110+00:00,75.471,throttled=0xe0000,0,26.72265625,271.38671875
Pi_Ethernet,0058-ethereum_rpc_finalized_json-n69-ext_rebuild-t3-memory_pressure.json,telemetry_before,2026-09-16T02:28:57.033202+00:00,75.471,throttled=0xe0000,0,87.97265625,271.38671875
Pi_Ethernet,0058-ethereum_rpc_finalized_json-n69-ext_rebuild-t3-memory_pressure.json,telemetry_after,2026-09-16T02:29:03.249069+00:00,75.958,throttled=0xe0000,0,91.2734375,271.38671875
Pi_Ethernet,0058-ethereum_rpc_finalized_json-n69-ext_rebuild-t3-network.json,telemetry_before,2026-09-16T02:29:03.615675+00:00,75.958,throttled=0xe0000,0,24.03125,271.38671875
Pi_Ethernet,0058-ethereum_rpc_finalized_json-n69-ext_rebuild-t3-network.json,telemetry_after,2026-09-16T02:30:23.492514+00:00,74.01,throttled=0xe0000,0,28.22265625,271.38671875
Pi_Ethernet,0059-synthetic-n512-full-t1-local.json,telemetry_before,2026-09-16T02:30:32.236485+00:00,74.497,throttled=0xe0000,0,23.9765625,271.38671875
Pi_Ethernet,0059-synthetic-n512-full-t1-local.json,telemetry_after,2026-09-16T02:30:35.407067+00:00,74.497,throttled=0xe0000,0,24.32421875,271.38671875
Pi_Ethernet,0059-synthetic-n512-full-t1-memory_pressure.json,telemetry_before,2026-09-16T02:30:35.837124+00:00,74.497,throttled=0xe0000,0,87.984375,271.38671875
Pi_Ethernet,0059-synthetic-n512-full-t1-memory_pressure.json,telemetry_after,2026-09-16T02:30:39.008031+00:00,74.497,throttled=0xe0000,0,88.3359375,271.38671875
Pi_Ethernet,0059-synthetic-n512-full-t1-network.json,telemetry_before,2026-09-16T02:30:39.372662+00:00,74.497,throttled=0xe0000,0,24.03515625,271.38671875
Pi_Ethernet,0059-synthetic-n512-full-t1-network.json,telemetry_after,2026-09-16T02:30:43.348567+00:00,74.01,throttled=0xe0000,0,25.18359375,271.38671875
Pi_Ethernet,0060-ethereum_rpc_finalized_json-n69-leaf-t0-local.json,telemetry_before,2026-09-16T02:30:53.922350+00:00,73.523,throttled=0xe0000,0,23.9765625,271.38671875
Pi_Ethernet,0060-ethereum_rpc_finalized_json-n69-leaf-t0-local.json,telemetry_after,2026-09-16T02:31:00.206871+00:00,76.932,throttled=0xe0000,0,26.88671875,271.38671875
Pi_Ethernet,0060-ethereum_rpc_finalized_json-n69-leaf-t0-memory_pressure.json,telemetry_before,2026-09-16T02:31:00.692435+00:00,75.471,throttled=0xe0000,0,87.9765625,271.38671875
Pi_Ethernet,0060-ethereum_rpc_finalized_json-n69-leaf-t0-memory_pressure.json,telemetry_after,2026-09-16T02:31:07.003788+00:00,75.958,throttled=0xe0000,0,90.85546875,271.38671875
Pi_Ethernet,0060-ethereum_rpc_finalized_json-n69-leaf-t0-network.json,telemetry_before,2026-09-16T02:31:07.370914+00:00,76.932,throttled=0xe0000,0,24.0390625,271.38671875
Pi_Ethernet,0060-ethereum_rpc_finalized_json-n69-leaf-t0-network.json,telemetry_after,2026-09-16T02:31:29.766396+00:00,74.01,throttled=0xe0000,0,28.0625,271.38671875
Pi_Ethernet,0061-synthetic-n512-ext_cached-t3-local.json,telemetry_before,2026-09-16T02:31:37.247858+00:00,74.984,throttled=0xe0000,0,23.96875,271.38671875
Pi_Ethernet,0061-synthetic-n512-ext_cached-t3-local.json,telemetry_after,2026-09-16T02:31:40.416560+00:00,74.984,throttled=0xe0000,0,24.32421875,271.38671875
Pi_Ethernet,0061-synthetic-n512-ext_cached-t3-memory_pressure.json,telemetry_before,2026-09-16T02:31:40.845296+00:00,74.497,throttled=0xe0000,0,87.984375,271.38671875
Pi_Ethernet,0061-synthetic-n512-ext_cached-t3-memory_pressure.json,telemetry_after,2026-09-16T02:31:44.018824+00:00,74.01,throttled=0xe0000,0,88.3359375,271.38671875
Pi_Ethernet,0061-synthetic-n512-ext_cached-t3-network.json,telemetry_before,2026-09-16T02:31:44.383781+00:00,74.497,throttled=0xe0000,0,24.03125,271.38671875
Pi_Ethernet,0061-synthetic-n512-ext_cached-t3-network.json,telemetry_after,2026-09-16T02:31:48.317555+00:00,72.549,throttled=0xe0000,0,25.18359375,271.38671875
Pi_Ethernet,0062-synthetic-n512-leaf-t1-local.json,telemetry_before,2026-09-16T02:31:56.215072+00:00,74.497,throttled=0xe0000,0,23.984375,271.38671875
Pi_Ethernet,0062-synthetic-n512-leaf-t1-local.json,telemetry_after,2026-09-16T02:32:00.071218+00:00,75.471,throttled=0xe0000,0,24.671875,271.38671875
Pi_Ethernet,0062-synthetic-n512-leaf-t1-memory_pressure.json,telemetry_before,2026-09-16T02:32:00.498418+00:00,75.958,throttled=0xe0000,0,87.98046875,271.38671875
Pi_Ethernet,0062-synthetic-n512-leaf-t1-memory_pressure.json,telemetry_after,2026-09-16T02:32:04.364100+00:00,74.984,throttled=0xe0000,0,88.67578125,271.38671875
Pi_Ethernet,0062-synthetic-n512-leaf-t1-network.json,telemetry_before,2026-09-16T02:32:04.728113+00:00,74.984,throttled=0xe0000,0,24.0234375,271.38671875
Pi_Ethernet,0062-synthetic-n512-leaf-t1-network.json,telemetry_after,2026-09-16T02:32:10.195052+00:00,74.984,throttled=0xe0000,0,25.453125,271.38671875
Pi_Ethernet,0063-synthetic-n512-archive-t2-archive_retrieval.json,telemetry_before,2026-09-16T02:32:20.542203+00:00,74.01,throttled=0xe0000,0,23.98046875,271.38671875
Pi_Ethernet,0063-synthetic-n512-archive-t2-archive_retrieval.json,telemetry_after,2026-09-16T02:32:23.909148+00:00,74.01,throttled=0xe0000,0,24.6171875,271.38671875
Pi_Ethernet,0063-synthetic-n512-archive-t2-local.json,telemetry_before,2026-09-16T02:32:16.971173+00:00,75.471,throttled=0xe0000,0,23.96484375,271.38671875
Pi_Ethernet,0063-synthetic-n512-archive-t2-local.json,telemetry_after,2026-09-16T02:32:20.144593+00:00,74.01,throttled=0xe0000,0,24.31640625,271.38671875
Pi_Ethernet,0064-synthetic-n512-archive-t0-archive_retrieval.json,telemetry_before,2026-09-16T02:32:33.869826+00:00,73.523,throttled=0xe0000,0,23.98046875,271.38671875
Pi_Ethernet,0064-synthetic-n512-archive-t0-archive_retrieval.json,telemetry_after,2026-09-16T02:32:37.234481+00:00,74.497,throttled=0xe0000,0,24.61328125,271.38671875
Pi_Ethernet,0064-synthetic-n512-archive-t0-energy_workload.json,telemetry_before,2026-09-16T02:32:37.657597+00:00,74.01,throttled=0xe0000,0,23.9609375,271.38671875
Pi_Ethernet,0064-synthetic-n512-archive-t0-energy_workload.json,telemetry_after,2026-09-16T02:32:50.696301+00:00,76.932,throttled=0xe0000,0,33.33984375,271.38671875
Pi_Ethernet,0064-synthetic-n512-archive-t0-local.json,telemetry_before,2026-09-16T02:32:30.309632+00:00,74.497,throttled=0xe0000,0,23.9609375,271.38671875
Pi_Ethernet,0064-synthetic-n512-archive-t0-local.json,telemetry_after,2026-09-16T02:32:33.476902+00:00,74.01,throttled=0xe0000,0,24.30859375,271.38671875
Pi_Ethernet,0065-synthetic-n4096-archive-t1-archive_retrieval.json,telemetry_before,2026-09-16T02:33:45.029676+00:00,75.471,throttled=0xe0000,0,23.97265625,271.38671875
Pi_Ethernet,0065-synthetic-n4096-archive-t1-archive_retrieval.json,telemetry_after,2026-09-16T02:33:48.408532+00:00,75.471,throttled=0xe0000,0,24.60546875,271.38671875
Pi_Ethernet,0065-synthetic-n4096-archive-t1-local.json,telemetry_before,2026-09-16T02:33:41.490681+00:00,76.445,throttled=0xe0000,0,23.97265625,271.38671875
Pi_Ethernet,0065-synthetic-n4096-archive-t1-local.json,telemetry_after,2026-09-16T02:33:44.666109+00:00,75.958,throttled=0xe0000,0,24.33203125,271.38671875
Pi_Ethernet,0066-ethereum_rpc_finalized_json-n69-full-t1-local.json,telemetry_before,2026-09-16T02:33:58.851083+00:00,75.471,throttled=0xe0000,0,23.97265625,276.25
Pi_Ethernet,0066-ethereum_rpc_finalized_json-n69-full-t1-local.json,telemetry_after,2026-09-16T02:34:04.794935+00:00,76.932,throttled=0xe0000,0,27.109375,276.25
Pi_Ethernet,0066-ethereum_rpc_finalized_json-n69-full-t1-memory_pressure.json,telemetry_before,2026-09-16T02:34:05.221965+00:00,76.932,throttled=0xe0000,0,87.9765625,276.25
Pi_Ethernet,0066-ethereum_rpc_finalized_json-n69-full-t1-memory_pressure.json,telemetry_after,2026-09-16T02:34:11.154300+00:00,77.419,throttled=0xe0000,0,91.12109375,276.25
Pi_Ethernet,0066-ethereum_rpc_finalized_json-n69-full-t1-network.json,telemetry_before,2026-09-16T02:34:11.516407+00:00,76.932,throttled=0xe0000,0,24.03125,276.25
Pi_Ethernet,0066-ethereum_rpc_finalized_json-n69-full-t1-network.json,telemetry_after,2026-09-16T02:34:33.224927+00:00,74.497,throttled=0xe0000,0,28.5703125,276.25
Pi_Ethernet,0067-ethereum_rpc_finalized_json-n69-leaf-t2-local.json,telemetry_before,2026-09-16T02:34:43.722713+00:00,75.471,throttled=0xe0000,0,23.9765625,277.25
Pi_Ethernet,0067-ethereum_rpc_finalized_json-n69-leaf-t2-local.json,telemetry_after,2026-09-16T02:34:50.116636+00:00,76.932,throttled=0xe0000,0,27.234375,277.25
Pi_Ethernet,0067-ethereum_rpc_finalized_json-n69-leaf-t2-memory_pressure.json,telemetry_before,2026-09-16T02:34:50.543185+00:00,76.932,throttled=0xe0000,0,87.9609375,277.25
Pi_Ethernet,0067-ethereum_rpc_finalized_json-n69-leaf-t2-memory_pressure.json,telemetry_after,2026-09-16T02:34:56.936979+00:00,76.932,throttled=0xe0000,0,91.296875,277.25
Pi_Ethernet,0067-ethereum_rpc_finalized_json-n69-leaf-t2-network.json,telemetry_before,2026-09-16T02:34:57.307170+00:00,76.445,throttled=0xe0000,0,24.0234375,277.25
Pi_Ethernet,0067-ethereum_rpc_finalized_json-n69-leaf-t2-network.json,telemetry_after,2026-09-16T02:35:20.265438+00:00,75.471,throttled=0xe0000,0,28.62109375,277.25
Pi_Ethernet,0068-ethereum_rpc_finalized_json-n69-ext_cached-t0-local.json,telemetry_before,2026-09-16T02:35:31.161808+00:00,76.445,throttled=0xe0000,0,23.94140625,277.3203125
Pi_Ethernet,0068-ethereum_rpc_finalized_json-n69-ext_cached-t0-local.json,telemetry_after,2026-09-16T02:35:37.279069+00:00,75.958,throttled=0xe0000,0,26.8203125,277.3203125
Pi_Ethernet,0068-ethereum_rpc_finalized_json-n69-ext_cached-t0-memory_pressure.json,telemetry_before,2026-09-16T02:35:37.705183+00:00,76.932,throttled=0xe0000,0,87.97265625,277.3203125
Pi_Ethernet,0068-ethereum_rpc_finalized_json-n69-ext_cached-t0-memory_pressure.json,telemetry_after,2026-09-16T02:35:43.812410+00:00,77.419,throttled=0xe0000,0,90.83984375,277.3203125
Pi_Ethernet,0068-ethereum_rpc_finalized_json-n69-ext_cached-t0-network.json,telemetry_before,2026-09-16T02:35:44.179703+00:00,76.932,throttled=0xe0000,0,24.0390625,277.3203125
Pi_Ethernet,0068-ethereum_rpc_finalized_json-n69-ext_cached-t0-network.json,telemetry_after,2026-09-16T02:36:07.359181+00:00,75.471,throttled=0xe0000,0,28.08984375,277.3203125
Pi_Ethernet,0069-synthetic-n4096-ext_cached-t0-local.json,telemetry_before,2026-09-16T02:37:02.892879+00:00,74.497,throttled=0xe0000,0,23.96875,277.3203125
Pi_Ethernet,0069-synthetic-n4096-ext_cached-t0-local.json,telemetry_after,2026-09-16T02:37:06.069340+00:00,74.984,throttled=0xe0000,0,24.328125,277.3203125
Pi_Ethernet,0069-synthetic-n4096-ext_cached-t0-memory_pressure.json,telemetry_before,2026-09-16T02:37:06.496716+00:00,74.497,throttled=0xe0000,0,87.9765625,277.3203125
Pi_Ethernet,0069-synthetic-n4096-ext_cached-t0-memory_pressure.json,telemetry_after,2026-09-16T02:37:09.672354+00:00,74.01,throttled=0xe0000,0,88.3359375,277.3203125
Pi_Ethernet,0069-synthetic-n4096-ext_cached-t0-network.json,telemetry_before,2026-09-16T02:37:10.041137+00:00,74.497,throttled=0xe0000,0,24.03125,277.3203125
Pi_Ethernet,0069-synthetic-n4096-ext_cached-t0-network.json,telemetry_after,2026-09-16T02:37:13.995407+00:00,74.01,throttled=0xe0000,0,25.19140625,277.3203125
Pi_Ethernet,0070-synthetic-n512-ext_cached-t2-local.json,telemetry_before,2026-09-16T02:37:22.212696+00:00,74.497,throttled=0xe0000,0,23.9765625,277.3203125
Pi_Ethernet,0070-synthetic-n512-ext_cached-t2-local.json,telemetry_after,2026-09-16T02:37:25.385026+00:00,74.497,throttled=0xe0000,0,24.328125,277.3203125
Pi_Ethernet,0070-synthetic-n512-ext_cached-t2-memory_pressure.json,telemetry_before,2026-09-16T02:37:25.811648+00:00,74.984,throttled=0xe0000,0,87.9765625,277.3203125
Pi_Ethernet,0070-synthetic-n512-ext_cached-t2-memory_pressure.json,telemetry_after,2026-09-16T02:37:28.981541+00:00,74.497,throttled=0xe0000,0,88.328125,277.3203125
Pi_Ethernet,0070-synthetic-n512-ext_cached-t2-network.json,telemetry_before,2026-09-16T02:37:29.348196+00:00,74.984,throttled=0xe0000,0,24.03125,277.3203125
Pi_Ethernet,0070-synthetic-n512-ext_cached-t2-network.json,telemetry_after,2026-09-16T02:37:33.276622+00:00,74.01,throttled=0xe0000,0,25.18359375,277.3203125
Pi_Ethernet,0071-ethereum_rpc_finalized_json-n69-archive-t3-archive_retrieval.json,telemetry_before,2026-09-16T02:37:43.758813+00:00,75.958,throttled=0xe0000,0,23.96484375,277.3203125
Pi_Ethernet,0071-ethereum_rpc_finalized_json-n69-archive-t3-archive_retrieval.json,telemetry_after,2026-09-16T02:37:50.990810+00:00,77.419,throttled=0xe0000,0,28.16796875,277.3203125
Pi_Ethernet,0071-ethereum_rpc_finalized_json-n69-archive-t3-local.json,telemetry_before,2026-09-16T02:37:37.200475+00:00,74.984,throttled=0xe0000,0,23.97265625,277.3203125
Pi_Ethernet,0071-ethereum_rpc_finalized_json-n69-archive-t3-local.json,telemetry_after,2026-09-16T02:37:43.404068+00:00,75.471,throttled=0xe0000,0,27.26953125,277.3203125
Pi_Ethernet,0072-ethereum_rpc_finalized_json-n69-ext_rebuild-t2-local.json,telemetry_before,2026-09-16T02:38:05.771843+00:00,74.984,throttled=0xe0000,0,23.96875,277.3203125
Pi_Ethernet,0072-ethereum_rpc_finalized_json-n69-ext_rebuild-t2-local.json,telemetry_after,2026-09-16T02:38:12.009103+00:00,76.445,throttled=0xe0000,0,26.65234375,277.3203125
Pi_Ethernet,0072-ethereum_rpc_finalized_json-n69-ext_rebuild-t2-memory_pressure.json,telemetry_before,2026-09-16T02:38:12.442517+00:00,75.958,throttled=0xe0000,0,87.9765625,277.3203125
Pi_Ethernet,0072-ethereum_rpc_finalized_json-n69-ext_rebuild-t2-memory_pressure.json,telemetry_after,2026-09-16T02:38:18.690303+00:00,75.958,throttled=0xe0000,0,90.73828125,277.3203125
Pi_Ethernet,0072-ethereum_rpc_finalized_json-n69-ext_rebuild-t2-network.json,telemetry_before,2026-09-16T02:38:19.061521+00:00,76.445,throttled=0xe0000,0,24.01953125,277.3203125
Pi_Ethernet,0072-ethereum_rpc_finalized_json-n69-ext_rebuild-t2-network.json,telemetry_after,2026-09-16T02:39:38.757128+00:00,74.984,throttled=0xe0000,0,27.9453125,277.3203125
Pi_Ethernet,0073-synthetic-n4096-archive-t3-archive_retrieval.json,telemetry_before,2026-09-16T02:40:33.709344+00:00,74.01,throttled=0xe0000,0,23.97265625,277.3203125
Pi_Ethernet,0073-synthetic-n4096-archive-t3-archive_retrieval.json,telemetry_after,2026-09-16T02:40:37.091890+00:00,75.958,throttled=0xe0000,0,24.59375,277.3203125
Pi_Ethernet,0073-synthetic-n4096-archive-t3-local.json,telemetry_before,2026-09-16T02:40:30.174566+00:00,74.01,throttled=0xe0000,0,23.97265625,277.3203125
Pi_Ethernet,0073-synthetic-n4096-archive-t3-local.json,telemetry_after,2026-09-16T02:40:33.349124+00:00,73.523,throttled=0xe0000,0,24.33203125,277.3203125
Pi_Ethernet,0074-synthetic-n512-archive-t3-archive_retrieval.json,telemetry_before,2026-09-16T02:40:46.960573+00:00,75.471,throttled=0xe0000,0,23.98046875,277.3203125
Pi_Ethernet,0074-synthetic-n512-archive-t3-archive_retrieval.json,telemetry_after,2026-09-16T02:40:50.323037+00:00,74.01,throttled=0xe0000,0,24.61328125,277.3203125
Pi_Ethernet,0074-synthetic-n512-archive-t3-local.json,telemetry_before,2026-09-16T02:40:43.435459+00:00,74.497,throttled=0xe0000,0,23.96484375,277.3203125
Pi_Ethernet,0074-synthetic-n512-archive-t3-local.json,telemetry_after,2026-09-16T02:40:46.605294+00:00,74.497,throttled=0xe0000,0,24.31640625,277.3203125
Pi_Ethernet,original-n4096-B1_verified-t0.json,telemetry,2026-09-16T02:41:09.899808+00:00,76.932,throttled=0xe0000,0,34.1953125,277.3203125
Pi_Ethernet,original-n4096-B1_verified-t1.json,telemetry,2026-09-16T02:41:17.767463+00:00,77.419,throttled=0xe0000,0,34.19921875,277.3203125
Pi_Ethernet,original-n4096-B1_verified-t2.json,telemetry,2026-09-16T02:41:19.193823+00:00,77.906,throttled=0xe0000,0,34.1953125,277.3203125
Pi_Ethernet,original-n4096-B1_verified-t3.json,telemetry,2026-09-16T02:41:30.731580+00:00,77.906,throttled=0xe0000,0,34.1875,277.3203125
Pi_Ethernet,original-n4096-B1_verified-t4.json,telemetry,2026-09-16T02:41:38.596973+00:00,77.906,throttled=0xe0000,0,34.203125,277.3203125
Pi_Ethernet,original-n4096-B2_full-t0.json,telemetry,2026-09-16T02:41:10.587594+00:00,76.445,throttled=0xe0000,0,25.69921875,277.3203125
Pi_Ethernet,original-n4096-B2_full-t1.json,telemetry,2026-09-16T02:41:11.974101+00:00,77.419,throttled=0xe0000,0,25.6953125,277.3203125
Pi_Ethernet,original-n4096-B2_full-t2.json,telemetry,2026-09-16T02:41:18.487344+00:00,77.419,throttled=0xe0000,0,25.70703125,277.3203125
Pi_Ethernet,original-n4096-B2_full-t3.json,telemetry,2026-09-16T02:41:32.127684+00:00,77.906,throttled=0xe0000,0,25.6953125,277.3203125
Pi_Ethernet,original-n4096-B2_full-t4.json,telemetry,2026-09-16T02:41:32.831811+00:00,78.393,throttled=0xe0000,0,25.6953125,277.3203125
Pi_Ethernet,original-n4096-B3_leaf-t0.json,telemetry,2026-09-16T02:41:08.484426+00:00,76.445,throttled=0xe0000,0,25.9140625,277.3203125
Pi_Ethernet,original-n4096-B3_leaf-t1.json,telemetry,2026-09-16T02:41:17.058354+00:00,77.419,throttled=0xe0000,0,25.92578125,277.3203125
Pi_Ethernet,original-n4096-B3_leaf-t2.json,telemetry,2026-09-16T02:41:24.275003+00:00,76.932,throttled=0xe0000,0,25.9140625,277.3203125
Pi_Ethernet,original-n4096-B3_leaf-t3.json,telemetry,2026-09-16T02:41:30.027762+00:00,78.88,throttled=0xe0000,0,25.9140625,277.3203125
Pi_Ethernet,original-n4096-B3_leaf-t4.json,telemetry,2026-09-16T02:41:37.888317+00:00,78.393,throttled=0xe0000,0,25.921875,277.3203125
Pi_Ethernet,original-n4096-B4_ext-t0.json,telemetry,2026-09-16T02:41:09.171252+00:00,76.932,throttled=0xe0000,0,25.6953125,277.3203125
Pi_Ethernet,original-n4096-B4_ext-t1.json,telemetry,2026-09-16T02:41:11.290336+00:00,77.906,throttled=0xe0000,0,25.6875,277.3203125
Pi_Ethernet,original-n4096-B4_ext-t2.json,telemetry,2026-09-16T02:41:24.961915+00:00,77.906,throttled=0xe0000,0,25.69140625,277.3203125
Pi_Ethernet,original-n4096-B4_ext-t3.json,telemetry,2026-09-16T02:41:31.442738+00:00,77.906,throttled=0xe0000,0,25.703125,277.3203125
Pi_Ethernet,original-n4096-B4_ext-t4.json,telemetry,2026-09-16T02:41:39.315560+00:00,78.88,throttled=0xe0000,0,25.6796875,277.3203125
Pi_Ethernet,original-n512-B1_verified-t0.json,telemetry,2026-09-16T02:40:50.880112+00:00,74.984,throttled=0xe0000,0,26.1015625,277.3203125
Pi_Ethernet,original-n512-B1_verified-t1.json,telemetry,2026-09-16T02:40:54.031413+00:00,75.958,throttled=0xe0000,0,26.125,277.3203125
Pi_Ethernet,original-n512-B1_verified-t2.json,telemetry,2026-09-16T02:40:58.273591+00:00,75.471,throttled=0xe0000,0,26.12890625,277.3203125
Pi_Ethernet,original-n512-B1_verified-t3.json,telemetry,2026-09-16T02:40:58.797532+00:00,74.984,throttled=0xe0000,0,26.12109375,277.3203125
Pi_Ethernet,original-n512-B1_verified-t4.json,telemetry,2026-09-16T02:41:03.513773+00:00,75.958,throttled=0xe0000,0,26.109375,277.3203125
Pi_Ethernet,original-n512-B2_full-t0.json,telemetry,2026-09-16T02:40:52.458197+00:00,74.497,throttled=0xe0000,0,25.12109375,277.3203125
Pi_Ethernet,original-n512-B2_full-t1.json,telemetry,2026-09-16T02:40:53.503909+00:00,74.984,throttled=0xe0000,0,25.10546875,277.3203125
Pi_Ethernet,original-n512-B2_full-t2.json,telemetry,2026-09-16T02:40:57.748659+00:00,75.958,throttled=0xe0000,0,25.1171875,277.3203125
Pi_Ethernet,original-n512-B2_full-t3.json,telemetry,2026-09-16T02:40:59.321280+00:00,75.471,throttled=0xe0000,0,25.1171875,277.3203125
Pi_Ethernet,original-n512-B2_full-t4.json,telemetry,2026-09-16T02:41:01.416546+00:00,76.445,throttled=0xe0000,0,25.09765625,277.3203125
Pi_Ethernet,original-n512-B3_leaf-t0.json,telemetry,2026-09-16T02:40:51.933838+00:00,75.958,throttled=0xe0000,0,25.109375,277.3203125
Pi_Ethernet,original-n512-B3_leaf-t1.json,telemetry,2026-09-16T02:40:55.085397+00:00,75.471,throttled=0xe0000,0,25.1015625,277.3203125
Pi_Ethernet,original-n512-B3_leaf-t2.json,telemetry,2026-09-16T02:40:56.690430+00:00,75.471,throttled=0xe0000,0,25.11328125,277.3203125
Pi_Ethernet,original-n512-B3_leaf-t3.json,telemetry,2026-09-16T02:41:00.375187+00:00,76.445,throttled=0xe0000,0,25.109375,277.3203125
Pi_Ethernet,original-n512-B3_leaf-t4.json,telemetry,2026-09-16T02:41:02.466999+00:00,76.445,throttled=0xe0000,0,25.10546875,277.3203125
Pi_Ethernet,original-n512-B4_ext-t0.json,telemetry,2026-09-16T02:40:52.982028+00:00,74.984,throttled=0xe0000,0,25.125,277.3203125
Pi_Ethernet,original-n512-B4_ext-t1.json,telemetry,2026-09-16T02:40:55.639837+00:00,75.471,throttled=0xe0000,0,25.125,277.3203125
Pi_Ethernet,original-n512-B4_ext-t2.json,telemetry,2026-09-16T02:40:57.221751+00:00,75.958,throttled=0xe0000,0,25.1171875,277.3203125
Pi_Ethernet,original-n512-B4_ext-t3.json,telemetry,2026-09-16T02:41:00.894727+00:00,76.445,throttled=0xe0000,0,25.125,277.3203125
Pi_Ethernet,original-n512-B4_ext-t4.json,telemetry,2026-09-16T02:41:02.989491+00:00,76.932,throttled=0xe0000,0,25.12109375,277.3203125
Pi_WiFi,0000-synthetic-n512-full-t2-local.json,telemetry_before,2026-09-15T20:35:24.729057+00:00,75.471,throttled=0xe0000,0,23.97265625,109.46484375
Pi_WiFi,0000-synthetic-n512-full-t2-local.json,telemetry_after,2026-09-15T20:35:27.899616+00:00,76.932,throttled=0xe0000,0,24.33203125,109.46484375
Pi_WiFi,0000-synthetic-n512-full-t2-memory_pressure.json,telemetry_before,2026-09-15T20:35:28.326221+00:00,75.958,throttled=0xe0000,0,87.98046875,109.46484375
Pi_WiFi,0000-synthetic-n512-full-t2-memory_pressure.json,telemetry_after,2026-09-15T20:35:31.496303+00:00,75.471,throttled=0xe0000,0,88.33203125,109.46484375
Pi_WiFi,0000-synthetic-n512-full-t2-network.json,telemetry_before,2026-09-15T20:35:31.859221+00:00,75.471,throttled=0xe0000,0,24.03515625,109.46484375
Pi_WiFi,0000-synthetic-n512-full-t2-network.json,telemetry_after,2026-09-15T20:35:38.439617+00:00,74.497,throttled=0xe0000,0,25.1875,109.46484375
Pi_WiFi,0001-synthetic-n4096-ext_cached-t1-local.json,telemetry_before,2026-09-15T20:36:35.246819+00:00,74.497,throttled=0xe0000,0,23.97265625,133.3984375
Pi_WiFi,0001-synthetic-n4096-ext_cached-t1-local.json,telemetry_after,2026-09-15T20:36:38.423415+00:00,74.984,throttled=0xe0000,0,24.33203125,133.3984375
Pi_WiFi,0001-synthetic-n4096-ext_cached-t1-memory_pressure.json,telemetry_before,2026-09-15T20:36:38.852558+00:00,74.984,throttled=0xe0000,0,87.98046875,133.3984375
Pi_WiFi,0001-synthetic-n4096-ext_cached-t1-memory_pressure.json,telemetry_after,2026-09-15T20:36:42.029090+00:00,74.984,throttled=0xe0000,0,88.3359375,133.3984375
Pi_WiFi,0001-synthetic-n4096-ext_cached-t1-network.json,telemetry_before,2026-09-15T20:36:42.396444+00:00,74.984,throttled=0xe0000,0,24.03515625,133.3984375
Pi_WiFi,0001-synthetic-n4096-ext_cached-t1-network.json,telemetry_after,2026-09-15T20:36:49.118642+00:00,75.471,throttled=0xe0000,0,25.1953125,133.3984375
Pi_WiFi,0002-ethereum_rpc_finalized_json-n69-full-t3-local.json,telemetry_before,2026-09-15T20:36:58.955272+00:00,75.471,throttled=0xe0000,0,23.96875,249.8125
Pi_WiFi,0002-ethereum_rpc_finalized_json-n69-full-t3-local.json,telemetry_after,2026-09-15T20:37:05.166247+00:00,76.932,throttled=0xe0000,0,26.71875,249.8125
Pi_WiFi,0002-ethereum_rpc_finalized_json-n69-full-t3-memory_pressure.json,telemetry_before,2026-09-15T20:37:05.592640+00:00,76.932,throttled=0xe0000,0,87.953125,249.8125
Pi_WiFi,0002-ethereum_rpc_finalized_json-n69-full-t3-memory_pressure.json,telemetry_after,2026-09-15T20:37:11.804319+00:00,77.906,throttled=0xe0000,0,91.265625,249.8125
Pi_WiFi,0002-ethereum_rpc_finalized_json-n69-full-t3-network.json,telemetry_before,2026-09-15T20:37:12.172988+00:00,75.958,throttled=0xe0000,0,24.0390625,249.8125
Pi_WiFi,0002-ethereum_rpc_finalized_json-n69-full-t3-network.json,telemetry_after,2026-09-15T20:37:34.887600+00:00,75.471,throttled=0xe0000,0,28.23046875,249.8125
Pi_WiFi,0003-synthetic-n4096-full-t3-local.json,telemetry_before,2026-09-15T20:38:30.424457+00:00,74.984,throttled=0xe0000,0,23.96875,249.8125
Pi_WiFi,0003-synthetic-n4096-full-t3-local.json,telemetry_after,2026-09-15T20:38:33.599424+00:00,74.984,throttled=0xe0000,0,24.328125,249.8125
Pi_WiFi,0003-synthetic-n4096-full-t3-memory_pressure.json,telemetry_before,2026-09-15T20:38:34.023348+00:00,74.984,throttled=0xe0000,0,87.9765625,249.8125
Pi_WiFi,0003-synthetic-n4096-full-t3-memory_pressure.json,telemetry_after,2026-09-15T20:38:37.200038+00:00,75.958,throttled=0xe0000,0,88.3359375,249.8125
Pi_WiFi,0003-synthetic-n4096-full-t3-network.json,telemetry_before,2026-09-15T20:38:37.562602+00:00,74.497,throttled=0xe0000,0,24.03515625,249.8125
Pi_WiFi,0003-synthetic-n4096-full-t3-network.json,telemetry_after,2026-09-15T20:38:44.183274+00:00,74.984,throttled=0xe0000,0,25.1796875,249.8125
Pi_WiFi,0004-ethereum_rpc_finalized_json-n69-ext_cached-t3-local.json,telemetry_before,2026-09-15T20:38:54.180538+00:00,75.471,throttled=0xe0000,0,23.98046875,265.2265625
Pi_WiFi,0004-ethereum_rpc_finalized_json-n69-ext_cached-t3-local.json,telemetry_after,2026-09-15T20:39:00.391676+00:00,78.393,throttled=0xe0000,0,27.27734375,265.2265625
Pi_WiFi,0004-ethereum_rpc_finalized_json-n69-ext_cached-t3-memory_pressure.json,telemetry_before,2026-09-15T20:39:00.820768+00:00,77.419,throttled=0xe0000,0,87.96484375,265.2265625
Pi_WiFi,0004-ethereum_rpc_finalized_json-n69-ext_cached-t3-memory_pressure.json,telemetry_after,2026-09-15T20:39:07.032920+00:00,77.419,throttled=0xe0000,0,91.265625,265.2265625
Pi_WiFi,0004-ethereum_rpc_finalized_json-n69-ext_cached-t3-network.json,telemetry_before,2026-09-15T20:39:07.396412+00:00,77.906,throttled=0xe0000,0,24.03125,265.2265625
Pi_WiFi,0004-ethereum_rpc_finalized_json-n69-ext_cached-t3-network.json,telemetry_after,2026-09-15T20:39:29.964035+00:00,75.958,throttled=0xe0000,0,28.23046875,265.2265625
Pi_WiFi,0005-ethereum_rpc_finalized_json-n69-ext_cached-t2-local.json,telemetry_before,2026-09-15T20:39:40.226519+00:00,76.445,throttled=0xe0000,0,23.9765625,266.625
Pi_WiFi,0005-ethereum_rpc_finalized_json-n69-ext_cached-t2-local.json,telemetry_after,2026-09-15T20:39:46.458184+00:00,78.393,throttled=0xe0000,0,26.734375,266.625
Pi_WiFi,0005-ethereum_rpc_finalized_json-n69-ext_cached-t2-memory_pressure.json,telemetry_before,2026-09-15T20:39:46.885153+00:00,77.419,throttled=0xe0000,0,87.97265625,266.625
Pi_WiFi,0005-ethereum_rpc_finalized_json-n69-ext_cached-t2-memory_pressure.json,telemetry_after,2026-09-15T20:39:53.110803+00:00,78.88,throttled=0xe0000,0,90.734375,266.625
Pi_WiFi,0005-ethereum_rpc_finalized_json-n69-ext_cached-t2-network.json,telemetry_before,2026-09-15T20:39:53.478366+00:00,78.393,throttled=0xe0000,0,24.03515625,266.625
Pi_WiFi,0005-ethereum_rpc_finalized_json-n69-ext_cached-t2-network.json,telemetry_after,2026-09-15T20:40:16.610587+00:00,76.932,throttled=0xe0000,0,27.97265625,266.625
Pi_WiFi,0006-ethereum_rpc_finalized_json-n69-ext_rebuild-t1-local.json,telemetry_before,2026-09-15T20:40:31.453195+00:00,76.445,throttled=0xe0000,0,23.97265625,267.33203125
Pi_WiFi,0006-ethereum_rpc_finalized_json-n69-ext_rebuild-t1-local.json,telemetry_after,2026-09-15T20:40:37.372705+00:00,78.393,throttled=0xe0000,0,27.109375,267.33203125
Pi_WiFi,0006-ethereum_rpc_finalized_json-n69-ext_rebuild-t1-memory_pressure.json,telemetry_before,2026-09-15T20:40:37.799031+00:00,77.906,throttled=0xe0000,0,87.96875,267.33203125
Pi_WiFi,0006-ethereum_rpc_finalized_json-n69-ext_rebuild-t1-memory_pressure.json,telemetry_after,2026-09-15T20:40:43.738292+00:00,78.88,throttled=0xe0000,0,91.11328125,267.33203125
Pi_WiFi,0006-ethereum_rpc_finalized_json-n69-ext_rebuild-t1-network.json,telemetry_before,2026-09-15T20:40:44.104839+00:00,79.854,throttled=0xe0000,0,24.03125,267.33203125
Pi_WiFi,0006-ethereum_rpc_finalized_json-n69-ext_rebuild-t1-network.json,telemetry_after,2026-09-15T20:42:05.168876+00:00,75.471,throttled=0xe0000,0,28.57421875,267.33203125
Pi_WiFi,0007-ethereum_rpc_finalized_json-n69-ext_cached-t1-local.json,telemetry_before,2026-09-15T20:42:15.611270+00:00,76.445,throttled=0xe0000,0,23.9765625,267.734375
Pi_WiFi,0007-ethereum_rpc_finalized_json-n69-ext_cached-t1-local.json,telemetry_after,2026-09-15T20:42:21.536066+00:00,78.393,throttled=0xe0000,0,27.1171875,267.734375
Pi_WiFi,0007-ethereum_rpc_finalized_json-n69-ext_cached-t1-memory_pressure.json,telemetry_before,2026-09-15T20:42:21.963439+00:00,77.906,throttled=0xe0000,0,87.96875,267.734375
Pi_WiFi,0007-ethereum_rpc_finalized_json-n69-ext_cached-t1-memory_pressure.json,telemetry_after,2026-09-15T20:42:27.902524+00:00,78.393,throttled=0xe0000,0,91.11328125,267.734375
Pi_WiFi,0007-ethereum_rpc_finalized_json-n69-ext_cached-t1-network.json,telemetry_before,2026-09-15T20:42:28.271035+00:00,78.393,throttled=0xe0000,0,24.03125,267.734375
Pi_WiFi,0007-ethereum_rpc_finalized_json-n69-ext_cached-t1-network.json,telemetry_after,2026-09-15T20:42:51.000460+00:00,76.932,throttled=0xe0000,0,28.58203125,267.734375
Pi_WiFi,0008-ethereum_rpc_finalized_json-n69-ext_rebuild-t0-local.json,telemetry_before,2026-09-15T20:43:05.759845+00:00,76.445,throttled=0xe0000,0,23.9765625,267.734375
Pi_WiFi,0008-ethereum_rpc_finalized_json-n69-ext_rebuild-t0-local.json,telemetry_after,2026-09-15T20:43:11.886030+00:00,79.367,throttled=0xe0000,0,26.8359375,267.734375
Pi_WiFi,0008-ethereum_rpc_finalized_json-n69-ext_rebuild-t0-memory_pressure.json,telemetry_before,2026-09-15T20:43:12.317548+00:00,78.393,throttled=0xe0000,0,87.9765625,267.734375
Pi_WiFi,0008-ethereum_rpc_finalized_json-n69-ext_rebuild-t0-memory_pressure.json,telemetry_after,2026-09-15T20:43:18.434927+00:00,77.906,throttled=0xe0000,0,90.84375,267.734375
Pi_WiFi,0008-ethereum_rpc_finalized_json-n69-ext_rebuild-t0-network.json,telemetry_before,2026-09-15T20:43:18.810514+00:00,78.393,throttled=0xe0000,0,24.03515625,267.734375
Pi_WiFi,0008-ethereum_rpc_finalized_json-n69-ext_rebuild-t0-network.json,telemetry_after,2026-09-15T20:44:40.283101+00:00,76.445,throttled=0xe0000,0,28.0859375,267.734375
Pi_WiFi,0009-ethereum_rpc_finalized_json-n69-full-t4-local.json,telemetry_before,2026-09-15T20:44:51.036274+00:00,75.958,throttled=0xe0000,0,23.9765625,267.734375
Pi_WiFi,0009-ethereum_rpc_finalized_json-n69-full-t4-local.json,telemetry_after,2026-09-15T20:44:57.254109+00:00,78.88,throttled=0xe0000,0,29.015625,267.734375
Pi_WiFi,0009-ethereum_rpc_finalized_json-n69-full-t4-memory_pressure.json,telemetry_before,2026-09-15T20:44:57.681177+00:00,78.88,throttled=0xe0000,0,87.9609375,267.734375
Pi_WiFi,0009-ethereum_rpc_finalized_json-n69-full-t4-memory_pressure.json,telemetry_after,2026-09-15T20:45:03.905207+00:00,77.906,throttled=0xe0000,0,93.015625,267.734375
Pi_WiFi,0009-ethereum_rpc_finalized_json-n69-full-t4-network.json,telemetry_before,2026-09-15T20:45:04.271669+00:00,78.88,throttled=0xe0000,0,24.03515625,267.734375
Pi_WiFi,0009-ethereum_rpc_finalized_json-n69-full-t4-network.json,telemetry_after,2026-09-15T20:45:26.973927+00:00,77.419,throttled=0xe0000,0,30.0546875,267.734375
Pi_WiFi,0010-ethereum_rpc_finalized_json-n69-leaf-t1-local.json,telemetry_before,2026-09-15T20:45:37.331244+00:00,76.932,throttled=0xe0000,0,23.97265625,267.734375
Pi_WiFi,0010-ethereum_rpc_finalized_json-n69-leaf-t1-local.json,telemetry_after,2026-09-15T20:45:43.440361+00:00,78.88,throttled=0xe0000,0,27.1875,267.734375
Pi_WiFi,0010-ethereum_rpc_finalized_json-n69-leaf-t1-memory_pressure.json,telemetry_before,2026-09-15T20:45:43.870775+00:00,79.367,throttled=0xe0000,0,87.9609375,267.734375
Pi_WiFi,0010-ethereum_rpc_finalized_json-n69-leaf-t1-memory_pressure.json,telemetry_after,2026-09-15T20:45:50.001820+00:00,79.854,throttled=0xe0000,0,91.05078125,267.734375
Pi_WiFi,0010-ethereum_rpc_finalized_json-n69-leaf-t1-network.json,telemetry_before,2026-09-15T20:45:50.369307+00:00,78.88,throttled=0xe0000,0,24.0390625,267.734375
Pi_WiFi,0010-ethereum_rpc_finalized_json-n69-leaf-t1-network.json,telemetry_after,2026-09-15T20:46:12.141988+00:00,76.932,throttled=0xe0000,0,29.24609375,267.734375
Pi_WiFi,0011-synthetic-n4096-full-t0-local.json,telemetry_before,2026-09-15T20:47:07.960994+00:00,75.958,throttled=0xe0000,0,23.96875,267.734375
Pi_WiFi,0011-synthetic-n4096-full-t0-local.json,telemetry_after,2026-09-15T20:47:11.143003+00:00,75.958,throttled=0xe0000,0,24.33203125,267.734375
Pi_WiFi,0011-synthetic-n4096-full-t0-memory_pressure.json,telemetry_before,2026-09-15T20:47:11.567616+00:00,76.445,throttled=0xe0000,0,87.97265625,267.734375
Pi_WiFi,0011-synthetic-n4096-full-t0-memory_pressure.json,telemetry_after,2026-09-15T20:47:14.742442+00:00,74.984,throttled=0xe0000,0,88.33203125,267.734375
Pi_WiFi,0011-synthetic-n4096-full-t0-network.json,telemetry_before,2026-09-15T20:47:15.107278+00:00,76.445,throttled=0xe0000,0,24.0390625,267.734375
Pi_WiFi,0011-synthetic-n4096-full-t0-network.json,telemetry_after,2026-09-15T20:47:21.858835+00:00,74.984,throttled=0xe0000,0,25.18359375,267.734375
Pi_WiFi,0012-ethereum_rpc_finalized_json-n69-archive-t0-archive_retrieval.json,telemetry_before,2026-09-15T20:47:32.275597+00:00,76.932,throttled=0xe0000,0,23.96875,267.734375
Pi_WiFi,0012-ethereum_rpc_finalized_json-n69-archive-t0-archive_retrieval.json,telemetry_after,2026-09-15T20:47:39.346073+00:00,78.393,throttled=0xe0000,0,27.390625,267.734375
Pi_WiFi,0012-ethereum_rpc_finalized_json-n69-archive-t0-local.json,telemetry_before,2026-09-15T20:47:25.791433+00:00,76.932,throttled=0xe0000,0,23.97265625,267.734375
Pi_WiFi,0012-ethereum_rpc_finalized_json-n69-archive-t0-local.json,telemetry_after,2026-09-15T20:47:31.913658+00:00,77.419,throttled=0xe0000,0,26.8359375,267.734375
Pi_WiFi,0013-ethereum_rpc_finalized_json-n69-leaf-t3-local.json,telemetry_before,2026-09-15T20:47:50.535141+00:00,76.445,throttled=0xe0000,0,23.97265625,267.734375
Pi_WiFi,0013-ethereum_rpc_finalized_json-n69-leaf-t3-local.json,telemetry_after,2026-09-15T20:47:56.954797+00:00,78.393,throttled=0xe0000,0,27.34375,267.734375
Pi_WiFi,0013-ethereum_rpc_finalized_json-n69-leaf-t3-memory_pressure.json,telemetry_before,2026-09-15T20:47:57.383813+00:00,78.393,throttled=0xe0000,0,87.9609375,267.734375
Pi_WiFi,0013-ethereum_rpc_finalized_json-n69-leaf-t3-memory_pressure.json,telemetry_after,2026-09-15T20:48:03.779117+00:00,78.393,throttled=0xe0000,0,90.80078125,267.734375
Pi_WiFi,0013-ethereum_rpc_finalized_json-n69-leaf-t3-network.json,telemetry_before,2026-09-15T20:48:04.147429+00:00,77.906,throttled=0xe0000,0,24.02734375,267.734375
Pi_WiFi,0013-ethereum_rpc_finalized_json-n69-leaf-t3-network.json,telemetry_after,2026-09-15T20:48:26.910412+00:00,77.419,throttled=0xe0000,0,28.671875,267.734375
Pi_WiFi,0014-synthetic-n4096-ext_rebuild-t3-local.json,telemetry_before,2026-09-15T20:49:32.862966+00:00,74.984,throttled=0xe0000,0,23.97265625,267.734375
Pi_WiFi,0014-synthetic-n4096-ext_rebuild-t3-local.json,telemetry_after,2026-09-15T20:49:36.040420+00:00,74.497,throttled=0xe0000,0,24.33203125,267.734375
Pi_WiFi,0014-synthetic-n4096-ext_rebuild-t3-memory_pressure.json,telemetry_before,2026-09-15T20:49:36.466512+00:00,75.471,throttled=0xe0000,0,87.97265625,267.734375
Pi_WiFi,0014-synthetic-n4096-ext_rebuild-t3-memory_pressure.json,telemetry_after,2026-09-15T20:49:39.643244+00:00,75.471,throttled=0xe0000,0,88.33203125,267.734375
Pi_WiFi,0014-synthetic-n4096-ext_rebuild-t3-network.json,telemetry_before,2026-09-15T20:49:40.009187+00:00,75.471,throttled=0xe0000,0,24.03515625,267.734375
Pi_WiFi,0014-synthetic-n4096-ext_rebuild-t3-network.json,telemetry_after,2026-09-15T20:52:00.300097+00:00,74.984,throttled=0xe0000,0,25.1875,267.734375
Pi_WiFi,0015-synthetic-n4096-leaf-t4-local.json,telemetry_before,2026-09-15T20:52:56.921115+00:00,75.471,throttled=0xe0000,0,23.97265625,267.734375
Pi_WiFi,0015-synthetic-n4096-leaf-t4-local.json,telemetry_after,2026-09-15T20:53:05.623024+00:00,78.88,throttled=0xe0000,0,26.078125,267.734375
Pi_WiFi,0015-synthetic-n4096-leaf-t4-memory_pressure.json,telemetry_before,2026-09-15T20:53:06.051384+00:00,77.419,throttled=0xe0000,0,87.9765625,267.734375
Pi_WiFi,0015-synthetic-n4096-leaf-t4-memory_pressure.json,telemetry_after,2026-09-15T20:53:14.716964+00:00,78.393,throttled=0xe0000,0,90.0859375,267.734375
Pi_WiFi,0015-synthetic-n4096-leaf-t4-network.json,telemetry_before,2026-09-15T20:53:15.087482+00:00,77.906,throttled=0xe0000,0,24.0390625,267.734375
Pi_WiFi,0015-synthetic-n4096-leaf-t4-network.json,telemetry_after,2026-09-15T20:53:34.719573+00:00,76.445,throttled=0xe0000,0,26.99609375,267.734375
Pi_WiFi,0016-synthetic-n512-ext_cached-t1-local.json,telemetry_before,2026-09-15T20:53:42.877752+00:00,76.932,throttled=0xe0000,0,23.96484375,267.734375
Pi_WiFi,0016-synthetic-n512-ext_cached-t1-local.json,telemetry_after,2026-09-15T20:53:46.049282+00:00,75.958,throttled=0xe0000,0,24.31640625,267.734375
Pi_WiFi,0016-synthetic-n512-ext_cached-t1-memory_pressure.json,telemetry_before,2026-09-15T20:53:46.475729+00:00,76.445,throttled=0xe0000,0,87.97265625,267.734375
Pi_WiFi,0016-synthetic-n512-ext_cached-t1-memory_pressure.json,telemetry_after,2026-09-15T20:53:49.643234+00:00,76.445,throttled=0xe0000,0,88.32421875,267.734375
Pi_WiFi,0016-synthetic-n512-ext_cached-t1-network.json,telemetry_before,2026-09-15T20:53:50.007925+00:00,76.445,throttled=0xe0000,0,24.0390625,267.734375
Pi_WiFi,0016-synthetic-n512-ext_cached-t1-network.json,telemetry_after,2026-09-15T20:53:56.340871+00:00,76.445,throttled=0xe0000,0,25.19140625,267.734375
Pi_WiFi,0017-synthetic-n4096-leaf-t3-local.json,telemetry_before,2026-09-15T20:54:52.066033+00:00,74.497,throttled=0xe0000,0,23.96484375,267.734375
Pi_WiFi,0017-synthetic-n4096-leaf-t3-local.json,telemetry_after,2026-09-15T20:55:00.696057+00:00,76.445,throttled=0xe0000,0,26.0703125,267.734375
Pi_WiFi,0017-synthetic-n4096-leaf-t3-memory_pressure.json,telemetry_before,2026-09-15T20:55:01.127436+00:00,77.906,throttled=0xe0000,0,87.97265625,267.734375
Pi_WiFi,0017-synthetic-n4096-leaf-t3-memory_pressure.json,telemetry_after,2026-09-15T20:55:09.809407+00:00,77.906,throttled=0xe0000,0,90.078125,267.734375
Pi_WiFi,0017-synthetic-n4096-leaf-t3-network.json,telemetry_before,2026-09-15T20:55:10.178080+00:00,77.906,throttled=0xe0000,0,24.02734375,267.734375
Pi_WiFi,0017-synthetic-n4096-leaf-t3-network.json,telemetry_after,2026-09-15T20:55:29.726588+00:00,76.932,throttled=0xe0000,0,27.484375,267.734375
Pi_WiFi,0018-synthetic-n4096-leaf-t0-local.json,telemetry_before,2026-09-15T20:56:26.832952+00:00,74.01,throttled=0xe0000,0,23.97265625,267.734375
Pi_WiFi,0018-synthetic-n4096-leaf-t0-local.json,telemetry_after,2026-09-15T20:56:35.492377+00:00,76.445,throttled=0xe0000,0,26.078125,267.734375
Pi_WiFi,0018-synthetic-n4096-leaf-t0-memory_pressure.json,telemetry_before,2026-09-15T20:56:35.920126+00:00,76.932,throttled=0xe0000,0,87.9765625,267.734375
Pi_WiFi,0018-synthetic-n4096-leaf-t0-memory_pressure.json,telemetry_after,2026-09-15T20:56:44.653886+00:00,78.393,throttled=0xe0000,0,90.08203125,267.734375
Pi_WiFi,0018-synthetic-n4096-leaf-t0-network.json,telemetry_before,2026-09-15T20:56:45.020427+00:00,77.419,throttled=0xe0000,0,24.04296875,267.734375
Pi_WiFi,0018-synthetic-n4096-leaf-t0-network.json,telemetry_after,2026-09-15T20:57:04.633311+00:00,75.958,throttled=0xe0000,0,27.00390625,267.734375
Pi_WiFi,0019-synthetic-n4096-full-t4-local.json,telemetry_before,2026-09-15T20:58:00.354448+00:00,74.984,throttled=0xe0000,0,23.97265625,267.734375
Pi_WiFi,0019-synthetic-n4096-full-t4-local.json,telemetry_after,2026-09-15T20:58:03.530783+00:00,75.471,throttled=0xe0000,0,24.3359375,267.734375
Pi_WiFi,0019-synthetic-n4096-full-t4-memory_pressure.json,telemetry_before,2026-09-15T20:58:03.959722+00:00,75.471,throttled=0xe0000,0,87.96484375,267.734375
Pi_WiFi,0019-synthetic-n4096-full-t4-memory_pressure.json,telemetry_after,2026-09-15T20:58:07.138983+00:00,74.984,throttled=0xe0000,0,88.32421875,267.734375
Pi_WiFi,0019-synthetic-n4096-full-t4-network.json,telemetry_before,2026-09-15T20:58:07.504031+00:00,74.984,throttled=0xe0000,0,24.0390625,267.734375
Pi_WiFi,0019-synthetic-n4096-full-t4-network.json,telemetry_after,2026-09-15T20:58:14.170449+00:00,74.984,throttled=0xe0000,0,25.18359375,267.734375
Pi_WiFi,0020-synthetic-n4096-ext_rebuild-t2-local.json,telemetry_before,2026-09-15T20:59:19.344860+00:00,75.471,throttled=0xe0000,0,23.96875,267.734375
Pi_WiFi,0020-synthetic-n4096-ext_rebuild-t2-local.json,telemetry_after,2026-09-15T20:59:22.521807+00:00,74.984,throttled=0xe0000,0,24.328125,267.734375
Pi_WiFi,0020-synthetic-n4096-ext_rebuild-t2-memory_pressure.json,telemetry_before,2026-09-15T20:59:22.948002+00:00,74.497,throttled=0xe0000,0,87.97265625,267.734375
Pi_WiFi,0020-synthetic-n4096-ext_rebuild-t2-memory_pressure.json,telemetry_after,2026-09-15T20:59:26.128019+00:00,74.497,throttled=0xe0000,0,88.33203125,267.734375
Pi_WiFi,0020-synthetic-n4096-ext_rebuild-t2-network.json,telemetry_before,2026-09-15T20:59:26.493800+00:00,74.984,throttled=0xe0000,0,24.0390625,267.734375
Pi_WiFi,0020-synthetic-n4096-ext_rebuild-t2-network.json,telemetry_after,2026-09-15T21:01:47.100483+00:00,73.036,throttled=0xe0000,0,25.19140625,267.734375
Pi_WiFi,0021-synthetic-n4096-ext_rebuild-t4-local.json,telemetry_before,2026-09-15T21:02:52.476498+00:00,74.497,throttled=0xe0000,0,23.96875,267.734375
Pi_WiFi,0021-synthetic-n4096-ext_rebuild-t4-local.json,telemetry_after,2026-09-15T21:02:55.650893+00:00,74.01,throttled=0xe0000,0,24.328125,267.734375
Pi_WiFi,0021-synthetic-n4096-ext_rebuild-t4-memory_pressure.json,telemetry_before,2026-09-15T21:02:56.080479+00:00,74.497,throttled=0xe0000,0,87.97265625,267.734375
Pi_WiFi,0021-synthetic-n4096-ext_rebuild-t4-memory_pressure.json,telemetry_after,2026-09-15T21:02:59.256787+00:00,74.497,throttled=0xe0000,0,88.33203125,267.734375
Pi_WiFi,0021-synthetic-n4096-ext_rebuild-t4-network.json,telemetry_before,2026-09-15T21:02:59.620916+00:00,75.471,throttled=0xe0000,0,24.03515625,267.734375
Pi_WiFi,0021-synthetic-n4096-ext_rebuild-t4-network.json,telemetry_after,2026-09-15T21:05:20.320562+00:00,74.497,throttled=0xe0000,0,25.1875,267.734375
Pi_WiFi,0022-synthetic-n4096-full-t2-local.json,telemetry_before,2026-09-15T21:06:15.770372+00:00,74.01,throttled=0xe0000,0,23.96484375,267.734375
Pi_WiFi,0022-synthetic-n4096-full-t2-local.json,telemetry_after,2026-09-15T21:06:18.944606+00:00,74.497,throttled=0xe0000,0,24.32421875,267.734375
Pi_WiFi,0022-synthetic-n4096-full-t2-memory_pressure.json,telemetry_before,2026-09-15T21:06:19.370806+00:00,75.471,throttled=0xe0000,0,87.9765625,267.734375
Pi_WiFi,0022-synthetic-n4096-full-t2-memory_pressure.json,telemetry_after,2026-09-15T21:06:22.544828+00:00,74.01,throttled=0xe0000,0,88.3359375,267.734375
Pi_WiFi,0022-synthetic-n4096-full-t2-network.json,telemetry_before,2026-09-15T21:06:22.911223+00:00,74.984,throttled=0xe0000,0,24.03515625,267.734375
Pi_WiFi,0022-synthetic-n4096-full-t2-network.json,telemetry_after,2026-09-15T21:06:29.676489+00:00,74.984,throttled=0xe0000,0,25.1796875,267.734375
Pi_WiFi,0023-synthetic-n512-ext_cached-t0-energy_workload.json,telemetry_before,2026-09-15T21:06:52.539733+00:00,74.497,throttled=0xe0000,0,24.03515625,267.734375
Pi_WiFi,0023-synthetic-n512-ext_cached-t0-energy_workload.json,telemetry_after,2026-09-15T21:07:05.869769+00:00,75.471,throttled=0xe0000,0,26.2421875,267.734375
Pi_WiFi,0023-synthetic-n512-ext_cached-t0-local.json,telemetry_before,2026-09-15T21:06:38.274104+00:00,74.497,throttled=0xe0000,0,23.9765625,267.734375
Pi_WiFi,0023-synthetic-n512-ext_cached-t0-local.json,telemetry_after,2026-09-15T21:06:41.442475+00:00,74.497,throttled=0xe0000,0,24.328125,267.734375
Pi_WiFi,0023-synthetic-n512-ext_cached-t0-memory_pressure.json,telemetry_before,2026-09-15T21:06:41.868513+00:00,75.471,throttled=0xe0000,0,87.9765625,267.734375
Pi_WiFi,0023-synthetic-n512-ext_cached-t0-memory_pressure.json,telemetry_after,2026-09-15T21:06:45.040320+00:00,74.497,throttled=0xe0000,0,88.328125,267.734375
Pi_WiFi,0023-synthetic-n512-ext_cached-t0-network.json,telemetry_before,2026-09-15T21:06:45.407334+00:00,75.471,throttled=0xe0000,0,24.0390625,267.734375
Pi_WiFi,0023-synthetic-n512-ext_cached-t0-network.json,telemetry_after,2026-09-15T21:06:52.167462+00:00,74.497,throttled=0xe0000,0,25.1953125,267.734375
Pi_WiFi,0024-ethereum_rpc_finalized_json-n69-ext_rebuild-t4-local.json,telemetry_before,2026-09-15T21:07:20.395082+00:00,76.445,throttled=0xe0000,0,23.98046875,267.734375
Pi_WiFi,0024-ethereum_rpc_finalized_json-n69-ext_rebuild-t4-local.json,telemetry_after,2026-09-15T21:07:26.629254+00:00,78.393,throttled=0xe0000,0,29.01953125,267.734375
Pi_WiFi,0024-ethereum_rpc_finalized_json-n69-ext_rebuild-t4-memory_pressure.json,telemetry_before,2026-09-15T21:07:27.060337+00:00,77.419,throttled=0xe0000,0,87.96875,267.734375
Pi_WiFi,0024-ethereum_rpc_finalized_json-n69-ext_rebuild-t4-memory_pressure.json,telemetry_after,2026-09-15T21:07:33.278145+00:00,77.906,throttled=0xe0000,0,93.01171875,267.734375
Pi_WiFi,0024-ethereum_rpc_finalized_json-n69-ext_rebuild-t4-network.json,telemetry_before,2026-09-15T21:07:33.646440+00:00,77.906,throttled=0xe0000,0,24.02734375,267.734375
Pi_WiFi,0024-ethereum_rpc_finalized_json-n69-ext_rebuild-t4-network.json,telemetry_after,2026-09-15T21:08:55.133523+00:00,74.984,throttled=0xe0000,0,30.046875,267.734375
Pi_WiFi,0025-synthetic-n512-leaf-t3-local.json,telemetry_before,2026-09-15T21:09:03.446630+00:00,75.471,throttled=0xe0000,0,23.96484375,267.734375
Pi_WiFi,0025-synthetic-n512-leaf-t3-local.json,telemetry_after,2026-09-15T21:09:07.291595+00:00,76.445,throttled=0xe0000,0,24.66015625,267.734375
Pi_WiFi,0025-synthetic-n512-leaf-t3-memory_pressure.json,telemetry_before,2026-09-15T21:09:07.718056+00:00,76.445,throttled=0xe0000,0,87.9609375,267.734375
Pi_WiFi,0025-synthetic-n512-leaf-t3-memory_pressure.json,telemetry_after,2026-09-15T21:09:11.556914+00:00,76.932,throttled=0xe0000,0,88.671875,267.734375
Pi_WiFi,0025-synthetic-n512-leaf-t3-network.json,telemetry_before,2026-09-15T21:09:11.921344+00:00,76.932,throttled=0xe0000,0,24.03515625,267.734375
Pi_WiFi,0025-synthetic-n512-leaf-t3-network.json,telemetry_after,2026-09-15T21:09:19.835141+00:00,75.471,throttled=0xe0000,0,25.46875,267.734375
Pi_WiFi,0026-synthetic-n4096-leaf-t2-local.json,telemetry_before,2026-09-15T21:10:16.482917+00:00,74.984,throttled=0xe0000,0,23.96875,267.734375
Pi_WiFi,0026-synthetic-n4096-leaf-t2-local.json,telemetry_after,2026-09-15T21:10:25.107032+00:00,77.419,throttled=0xe0000,0,26.07421875,267.734375
Pi_WiFi,0026-synthetic-n4096-leaf-t2-memory_pressure.json,telemetry_before,2026-09-15T21:10:25.536421+00:00,77.419,throttled=0xe0000,0,87.96484375,267.734375
Pi_WiFi,0026-synthetic-n4096-leaf-t2-memory_pressure.json,telemetry_after,2026-09-15T21:10:34.281247+00:00,78.393,throttled=0xe0000,0,90.0703125,267.734375
Pi_WiFi,0026-synthetic-n4096-leaf-t2-network.json,telemetry_before,2026-09-15T21:10:34.648318+00:00,76.932,throttled=0xe0000,0,24.0390625,267.734375
Pi_WiFi,0026-synthetic-n4096-leaf-t2-network.json,telemetry_after,2026-09-15T21:10:54.218925+00:00,76.932,throttled=0xe0000,0,27.0,267.734375
Pi_WiFi,0027-synthetic-n512-leaf-t2-local.json,telemetry_before,2026-09-15T21:11:02.026987+00:00,76.445,throttled=0xe0000,0,23.96484375,267.734375
Pi_WiFi,0027-synthetic-n512-leaf-t2-local.json,telemetry_after,2026-09-15T21:11:05.878593+00:00,76.932,throttled=0xe0000,0,24.66015625,267.734375
Pi_WiFi,0027-synthetic-n512-leaf-t2-memory_pressure.json,telemetry_before,2026-09-15T21:11:06.307469+00:00,75.958,throttled=0xe0000,0,87.9609375,267.734375
Pi_WiFi,0027-synthetic-n512-leaf-t2-memory_pressure.json,telemetry_after,2026-09-15T21:11:10.171034+00:00,75.958,throttled=0xe0000,0,88.671875,267.734375
Pi_WiFi,0027-synthetic-n512-leaf-t2-network.json,telemetry_before,2026-09-15T21:11:10.534287+00:00,75.958,throttled=0xe0000,0,24.03515625,267.734375
Pi_WiFi,0027-synthetic-n512-leaf-t2-network.json,telemetry_after,2026-09-15T21:11:18.750741+00:00,75.471,throttled=0xe0000,0,25.47265625,267.734375
Pi_WiFi,0028-synthetic-n512-leaf-t0-energy_workload.json,telemetry_before,2026-09-15T21:11:43.414058+00:00,76.445,throttled=0xe0000,0,24.03125,267.734375
Pi_WiFi,0028-synthetic-n512-leaf-t0-energy_workload.json,telemetry_after,2026-09-15T21:11:56.875427+00:00,74.984,throttled=0xe0000,0,26.1171875,267.734375
Pi_WiFi,0028-synthetic-n512-leaf-t0-local.json,telemetry_before,2026-09-15T21:11:26.858243+00:00,76.445,throttled=0xe0000,0,23.97265625,267.734375
Pi_WiFi,0028-synthetic-n512-leaf-t0-local.json,telemetry_after,2026-09-15T21:11:30.718347+00:00,76.445,throttled=0xe0000,0,24.66796875,267.734375
Pi_WiFi,0028-synthetic-n512-leaf-t0-memory_pressure.json,telemetry_before,2026-09-15T21:11:31.147623+00:00,76.445,throttled=0xe0000,0,87.98046875,267.734375
Pi_WiFi,0028-synthetic-n512-leaf-t0-memory_pressure.json,telemetry_after,2026-09-15T21:11:34.992501+00:00,77.419,throttled=0xe0000,0,88.69140625,267.734375
Pi_WiFi,0028-synthetic-n512-leaf-t0-network.json,telemetry_before,2026-09-15T21:11:35.357637+00:00,76.445,throttled=0xe0000,0,24.01953125,267.734375
Pi_WiFi,0028-synthetic-n512-leaf-t0-network.json,telemetry_after,2026-09-15T21:11:43.038221+00:00,74.984,throttled=0xe0000,0,25.45703125,267.734375
Pi_WiFi,0029-ethereum_rpc_finalized_json-n69-full-t0-local.json,telemetry_before,2026-09-15T21:12:08.091562+00:00,75.958,throttled=0xe0000,0,23.9765625,267.734375
Pi_WiFi,0029-ethereum_rpc_finalized_json-n69-full-t0-local.json,telemetry_after,2026-09-15T21:12:14.202768+00:00,77.906,throttled=0xe0000,0,26.83984375,267.734375
Pi_WiFi,0029-ethereum_rpc_finalized_json-n69-full-t0-memory_pressure.json,telemetry_before,2026-09-15T21:12:14.660441+00:00,77.906,throttled=0xe0000,0,87.9609375,267.734375
Pi_WiFi,0029-ethereum_rpc_finalized_json-n69-full-t0-memory_pressure.json,telemetry_after,2026-09-15T21:12:20.763851+00:00,78.88,throttled=0xe0000,0,90.84375,267.734375
Pi_WiFi,0029-ethereum_rpc_finalized_json-n69-full-t0-network.json,telemetry_before,2026-09-15T21:12:21.133351+00:00,78.88,throttled=0xe0000,0,24.02734375,267.734375
Pi_WiFi,0029-ethereum_rpc_finalized_json-n69-full-t0-network.json,telemetry_after,2026-09-15T21:12:43.994627+00:00,75.471,throttled=0xe0000,0,28.07421875,267.734375
Pi_WiFi,0030-synthetic-n512-ext_rebuild-t2-local.json,telemetry_before,2026-09-15T21:12:52.815277+00:00,76.932,throttled=0xe0000,0,23.9609375,267.734375
Pi_WiFi,0030-synthetic-n512-ext_rebuild-t2-local.json,telemetry_after,2026-09-15T21:12:55.990449+00:00,76.932,throttled=0xe0000,0,24.31640625,267.734375
Pi_WiFi,0030-synthetic-n512-ext_rebuild-t2-memory_pressure.json,telemetry_before,2026-09-15T21:12:56.417790+00:00,76.932,throttled=0xe0000,0,87.98046875,267.734375
Pi_WiFi,0030-synthetic-n512-ext_rebuild-t2-memory_pressure.json,telemetry_after,2026-09-15T21:12:59.587734+00:00,76.445,throttled=0xe0000,0,88.3359375,267.734375
Pi_WiFi,0030-synthetic-n512-ext_rebuild-t2-network.json,telemetry_before,2026-09-15T21:12:59.951604+00:00,77.419,throttled=0xe0000,0,24.03515625,267.734375
Pi_WiFi,0030-synthetic-n512-ext_rebuild-t2-network.json,telemetry_after,2026-09-15T21:13:23.678365+00:00,74.497,throttled=0xe0000,0,25.18359375,267.734375
Pi_WiFi,0031-synthetic-n4096-archive-t4-archive_retrieval.json,telemetry_before,2026-09-15T21:14:17.147965+00:00,76.445,throttled=0xe0000,0,23.98046875,267.734375
Pi_WiFi,0031-synthetic-n4096-archive-t4-archive_retrieval.json,telemetry_after,2026-09-15T21:14:20.530484+00:00,76.445,throttled=0xe0000,0,24.609375,267.734375
Pi_WiFi,0031-synthetic-n4096-archive-t4-local.json,telemetry_before,2026-09-15T21:14:13.613579+00:00,76.445,throttled=0xe0000,0,23.98046875,267.734375
Pi_WiFi,0031-synthetic-n4096-archive-t4-local.json,telemetry_after,2026-09-15T21:14:16.790245+00:00,76.932,throttled=0xe0000,0,24.3359375,267.734375
Pi_WiFi,0032-synthetic-n512-ext_cached-t4-local.json,telemetry_before,2026-09-15T21:14:28.210300+00:00,74.984,throttled=0xe0000,0,23.9609375,267.734375
Pi_WiFi,0032-synthetic-n512-ext_cached-t4-local.json,telemetry_after,2026-09-15T21:14:31.376353+00:00,75.471,throttled=0xe0000,0,24.3125,267.734375
Pi_WiFi,0032-synthetic-n512-ext_cached-t4-memory_pressure.json,telemetry_before,2026-09-15T21:14:31.803029+00:00,76.445,throttled=0xe0000,0,87.984375,267.734375
Pi_WiFi,0032-synthetic-n512-ext_cached-t4-memory_pressure.json,telemetry_after,2026-09-15T21:14:34.970440+00:00,76.445,throttled=0xe0000,0,88.33203125,267.734375
Pi_WiFi,0032-synthetic-n512-ext_cached-t4-network.json,telemetry_before,2026-09-15T21:14:35.338808+00:00,75.471,throttled=0xe0000,0,24.0390625,267.734375
Pi_WiFi,0032-synthetic-n512-ext_cached-t4-network.json,telemetry_after,2026-09-15T21:14:41.929787+00:00,75.471,throttled=0xe0000,0,25.1953125,267.734375
Pi_WiFi,0033-synthetic-n512-full-t0-energy_workload.json,telemetry_before,2026-09-15T21:15:04.231688+00:00,75.958,throttled=0xe0000,0,24.0390625,267.734375
Pi_WiFi,0033-synthetic-n512-full-t0-energy_workload.json,telemetry_after,2026-09-15T21:15:17.574967+00:00,75.958,throttled=0xe0000,0,26.26953125,267.734375
Pi_WiFi,0033-synthetic-n512-full-t0-local.json,telemetry_before,2026-09-15T21:14:50.020277+00:00,76.932,throttled=0xe0000,0,23.97265625,267.734375
Pi_WiFi,0033-synthetic-n512-full-t0-local.json,telemetry_after,2026-09-15T21:14:53.187615+00:00,75.471,throttled=0xe0000,0,24.33203125,267.734375
Pi_WiFi,0033-synthetic-n512-full-t0-memory_pressure.json,telemetry_before,2026-09-15T21:14:53.614461+00:00,74.984,throttled=0xe0000,0,87.98046875,267.734375
Pi_WiFi,0033-synthetic-n512-full-t0-memory_pressure.json,telemetry_after,2026-09-15T21:14:56.784512+00:00,74.984,throttled=0xe0000,0,88.3359375,267.734375
Pi_WiFi,0033-synthetic-n512-full-t0-network.json,telemetry_before,2026-09-15T21:14:57.147803+00:00,74.984,throttled=0xe0000,0,24.0234375,267.734375
Pi_WiFi,0033-synthetic-n512-full-t0-network.json,telemetry_after,2026-09-15T21:15:03.859103+00:00,75.958,throttled=0xe0000,0,25.17578125,267.734375
Pi_WiFi,0034-synthetic-n512-ext_rebuild-t3-local.json,telemetry_before,2026-09-15T21:15:26.902774+00:00,75.471,throttled=0xe0000,0,23.9765625,267.734375
Pi_WiFi,0034-synthetic-n512-ext_rebuild-t3-local.json,telemetry_after,2026-09-15T21:15:30.073753+00:00,76.445,throttled=0xe0000,0,24.33203125,267.734375
Pi_WiFi,0034-synthetic-n512-ext_rebuild-t3-memory_pressure.json,telemetry_before,2026-09-15T21:15:30.499032+00:00,76.932,throttled=0xe0000,0,87.98046875,267.734375
Pi_WiFi,0034-synthetic-n512-ext_rebuild-t3-memory_pressure.json,telemetry_after,2026-09-15T21:15:33.668625+00:00,76.445,throttled=0xe0000,0,88.3359375,267.734375
Pi_WiFi,0034-synthetic-n512-ext_rebuild-t3-network.json,telemetry_before,2026-09-15T21:15:34.035480+00:00,76.932,throttled=0xe0000,0,24.03125,267.734375
Pi_WiFi,0034-synthetic-n512-ext_rebuild-t3-network.json,telemetry_after,2026-09-15T21:15:58.208496+00:00,75.958,throttled=0xe0000,0,25.1796875,267.734375
Pi_WiFi,0035-synthetic-n512-ext_rebuild-t1-local.json,telemetry_before,2026-09-15T21:16:07.671722+00:00,75.471,throttled=0xe0000,0,23.96875,267.734375
Pi_WiFi,0035-synthetic-n512-ext_rebuild-t1-local.json,telemetry_after,2026-09-15T21:16:10.839734+00:00,76.445,throttled=0xe0000,0,24.32421875,267.734375
Pi_WiFi,0035-synthetic-n512-ext_rebuild-t1-memory_pressure.json,telemetry_before,2026-09-15T21:16:11.267324+00:00,75.958,throttled=0xe0000,0,87.98046875,267.734375
Pi_WiFi,0035-synthetic-n512-ext_rebuild-t1-memory_pressure.json,telemetry_after,2026-09-15T21:16:14.438841+00:00,75.958,throttled=0xe0000,0,88.33203125,267.734375
Pi_WiFi,0035-synthetic-n512-ext_rebuild-t1-network.json,telemetry_before,2026-09-15T21:16:14.802275+00:00,75.471,throttled=0xe0000,0,24.03125,267.734375
Pi_WiFi,0035-synthetic-n512-ext_rebuild-t1-network.json,telemetry_after,2026-09-15T21:16:38.485996+00:00,74.984,throttled=0xe0000,0,25.1796875,267.734375
Pi_WiFi,0036-synthetic-n4096-ext_rebuild-t0-local.json,telemetry_before,2026-09-15T21:17:42.835370+00:00,74.497,throttled=0xe0000,0,23.96875,267.734375
Pi_WiFi,0036-synthetic-n4096-ext_rebuild-t0-local.json,telemetry_after,2026-09-15T21:17:46.016492+00:00,75.471,throttled=0xe0000,0,24.328125,267.734375
Pi_WiFi,0036-synthetic-n4096-ext_rebuild-t0-memory_pressure.json,telemetry_before,2026-09-15T21:17:46.446038+00:00,75.958,throttled=0xe0000,0,87.98046875,267.734375
Pi_WiFi,0036-synthetic-n4096-ext_rebuild-t0-memory_pressure.json,telemetry_after,2026-09-15T21:17:49.621013+00:00,74.984,throttled=0xe0000,0,88.34375,267.734375
Pi_WiFi,0036-synthetic-n4096-ext_rebuild-t0-network.json,telemetry_before,2026-09-15T21:17:49.983779+00:00,75.471,throttled=0xe0000,0,24.0390625,267.734375
Pi_WiFi,0036-synthetic-n4096-ext_rebuild-t0-network.json,telemetry_after,2026-09-15T21:20:11.063590+00:00,75.471,throttled=0xe0000,0,25.19140625,267.734375
Pi_WiFi,0037-synthetic-n4096-ext_cached-t2-local.json,telemetry_before,2026-09-15T21:21:08.715458+00:00,74.984,throttled=0xe0000,0,23.9765625,267.734375
Pi_WiFi,0037-synthetic-n4096-ext_cached-t2-local.json,telemetry_after,2026-09-15T21:21:11.893870+00:00,74.984,throttled=0xe0000,0,24.3359375,267.734375
Pi_WiFi,0037-synthetic-n4096-ext_cached-t2-memory_pressure.json,telemetry_before,2026-09-15T21:21:12.320804+00:00,75.471,throttled=0xe0000,0,87.98046875,267.734375
Pi_WiFi,0037-synthetic-n4096-ext_cached-t2-memory_pressure.json,telemetry_after,2026-09-15T21:21:15.494652+00:00,74.497,throttled=0xe0000,0,88.33984375,267.734375
Pi_WiFi,0037-synthetic-n4096-ext_cached-t2-network.json,telemetry_before,2026-09-15T21:21:15.858318+00:00,74.984,throttled=0xe0000,0,24.015625,267.734375
Pi_WiFi,0037-synthetic-n4096-ext_cached-t2-network.json,telemetry_after,2026-09-15T21:21:22.538605+00:00,74.984,throttled=0xe0000,0,25.17578125,267.734375
Pi_WiFi,0038-ethereum_rpc_finalized_json-n69-full-t2-local.json,telemetry_before,2026-09-15T21:21:32.477508+00:00,75.958,throttled=0xe0000,0,23.97265625,268.7265625
Pi_WiFi,0038-ethereum_rpc_finalized_json-n69-full-t2-local.json,telemetry_after,2026-09-15T21:21:38.723209+00:00,77.906,throttled=0xe0000,0,27.234375,268.7265625
Pi_WiFi,0038-ethereum_rpc_finalized_json-n69-full-t2-memory_pressure.json,telemetry_before,2026-09-15T21:21:39.151291+00:00,75.958,throttled=0xe0000,0,87.9609375,268.7265625
Pi_WiFi,0038-ethereum_rpc_finalized_json-n69-full-t2-memory_pressure.json,telemetry_after,2026-09-15T21:21:45.399356+00:00,76.932,throttled=0xe0000,0,90.73828125,268.7265625
Pi_WiFi,0038-ethereum_rpc_finalized_json-n69-full-t2-network.json,telemetry_before,2026-09-15T21:21:45.768325+00:00,77.419,throttled=0xe0000,0,24.03125,268.7265625
Pi_WiFi,0038-ethereum_rpc_finalized_json-n69-full-t2-network.json,telemetry_after,2026-09-15T21:22:09.121330+00:00,76.445,throttled=0xe0000,0,27.95703125,268.7265625
Pi_WiFi,0039-synthetic-n4096-ext_rebuild-t1-local.json,telemetry_before,2026-09-15T21:23:14.958088+00:00,75.471,throttled=0xe0000,0,23.97265625,268.7265625
Pi_WiFi,0039-synthetic-n4096-ext_rebuild-t1-local.json,telemetry_after,2026-09-15T21:23:18.133948+00:00,75.958,throttled=0xe0000,0,24.33203125,268.7265625
Pi_WiFi,0039-synthetic-n4096-ext_rebuild-t1-memory_pressure.json,telemetry_before,2026-09-15T21:23:18.559078+00:00,74.984,throttled=0xe0000,0,87.98046875,268.7265625
Pi_WiFi,0039-synthetic-n4096-ext_rebuild-t1-memory_pressure.json,telemetry_after,2026-09-15T21:23:21.734821+00:00,74.984,throttled=0xe0000,0,88.3359375,268.7265625
Pi_WiFi,0039-synthetic-n4096-ext_rebuild-t1-network.json,telemetry_before,2026-09-15T21:23:22.103007+00:00,75.471,throttled=0xe0000,0,24.0390625,268.7265625
Pi_WiFi,0039-synthetic-n4096-ext_rebuild-t1-network.json,telemetry_after,2026-09-15T21:25:43.316446+00:00,75.958,throttled=0xe0000,0,25.19140625,268.7265625
Pi_WiFi,0040-synthetic-n4096-archive-t2-archive_retrieval.json,telemetry_before,2026-09-15T21:26:37.533833+00:00,75.958,throttled=0xe0000,0,23.98046875,268.7265625
Pi_WiFi,0040-synthetic-n4096-archive-t2-archive_retrieval.json,telemetry_after,2026-09-15T21:26:40.915559+00:00,75.471,throttled=0xe0000,0,24.6015625,268.7265625
Pi_WiFi,0040-synthetic-n4096-archive-t2-local.json,telemetry_before,2026-09-15T21:26:34.000280+00:00,75.958,throttled=0xe0000,0,23.98046875,268.7265625
Pi_WiFi,0040-synthetic-n4096-archive-t2-local.json,telemetry_after,2026-09-15T21:26:37.177226+00:00,76.445,throttled=0xe0000,0,24.33203125,268.7265625
Pi_WiFi,0041-synthetic-n512-archive-t1-archive_retrieval.json,telemetry_before,2026-09-15T21:26:50.747786+00:00,76.445,throttled=0xe0000,0,23.97265625,268.7265625
Pi_WiFi,0041-synthetic-n512-archive-t1-archive_retrieval.json,telemetry_after,2026-09-15T21:26:54.110897+00:00,75.958,throttled=0xe0000,0,24.60546875,268.7265625
Pi_WiFi,0041-synthetic-n512-archive-t1-local.json,telemetry_before,2026-09-15T21:26:47.219182+00:00,75.958,throttled=0xe0000,0,23.9765625,268.7265625
Pi_WiFi,0041-synthetic-n512-archive-t1-local.json,telemetry_after,2026-09-15T21:26:50.389947+00:00,75.471,throttled=0xe0000,0,24.328125,268.7265625
Pi_WiFi,0042-synthetic-n512-full-t4-local.json,telemetry_before,2026-09-15T21:27:02.079697+00:00,76.445,throttled=0xe0000,0,23.94921875,268.7265625
Pi_WiFi,0042-synthetic-n512-full-t4-local.json,telemetry_after,2026-09-15T21:27:05.248486+00:00,74.984,throttled=0xe0000,0,24.3046875,268.7265625
Pi_WiFi,0042-synthetic-n512-full-t4-memory_pressure.json,telemetry_before,2026-09-15T21:27:05.673227+00:00,76.445,throttled=0xe0000,0,87.98046875,268.7265625
Pi_WiFi,0042-synthetic-n512-full-t4-memory_pressure.json,telemetry_after,2026-09-15T21:27:08.844729+00:00,75.958,throttled=0xe0000,0,88.33203125,268.7265625
Pi_WiFi,0042-synthetic-n512-full-t4-network.json,telemetry_before,2026-09-15T21:27:09.211913+00:00,75.471,throttled=0xe0000,0,24.03515625,268.7265625
Pi_WiFi,0042-synthetic-n512-full-t4-network.json,telemetry_after,2026-09-15T21:27:15.676513+00:00,75.471,throttled=0xe0000,0,25.1875,268.7265625
Pi_WiFi,0043-synthetic-n512-ext_rebuild-t0-energy_workload.json,telemetry_before,2026-09-15T21:27:56.058659+00:00,75.471,throttled=0xe0000,0,24.0390625,268.7265625
Pi_WiFi,0043-synthetic-n512-ext_rebuild-t0-energy_workload.json,telemetry_after,2026-09-15T21:28:19.534699+00:00,75.958,throttled=0xe0000,0,25.19140625,268.7265625
Pi_WiFi,0043-synthetic-n512-ext_rebuild-t0-local.json,telemetry_before,2026-09-15T21:27:24.584344+00:00,75.471,throttled=0xe0000,0,23.96875,268.7265625
Pi_WiFi,0043-synthetic-n512-ext_rebuild-t0-local.json,telemetry_after,2026-09-15T21:27:27.755226+00:00,75.958,throttled=0xe0000,0,24.3203125,268.7265625
Pi_WiFi,0043-synthetic-n512-ext_rebuild-t0-memory_pressure.json,telemetry_before,2026-09-15T21:27:28.214453+00:00,75.958,throttled=0xe0000,0,87.98046875,268.7265625
Pi_WiFi,0043-synthetic-n512-ext_rebuild-t0-memory_pressure.json,telemetry_after,2026-09-15T21:27:31.385567+00:00,74.984,throttled=0xe0000,0,88.3359375,268.7265625
Pi_WiFi,0043-synthetic-n512-ext_rebuild-t0-network.json,telemetry_before,2026-09-15T21:27:31.791214+00:00,75.471,throttled=0xe0000,0,24.03515625,268.7265625
Pi_WiFi,0043-synthetic-n512-ext_rebuild-t0-network.json,telemetry_after,2026-09-15T21:27:55.644581+00:00,75.471,throttled=0xe0000,0,25.1875,268.7265625
Pi_WiFi,0044-ethereum_rpc_finalized_json-n69-ext_cached-t4-local.json,telemetry_before,2026-09-15T21:28:30.682874+00:00,75.958,throttled=0xe0000,0,23.96484375,269.546875
Pi_WiFi,0044-ethereum_rpc_finalized_json-n69-ext_cached-t4-local.json,telemetry_after,2026-09-15T21:28:36.914765+00:00,76.932,throttled=0xe0000,0,29.0,269.546875
Pi_WiFi,0044-ethereum_rpc_finalized_json-n69-ext_cached-t4-memory_pressure.json,telemetry_before,2026-09-15T21:28:37.388629+00:00,76.932,throttled=0xe0000,0,87.97265625,269.546875
Pi_WiFi,0044-ethereum_rpc_finalized_json-n69-ext_cached-t4-memory_pressure.json,telemetry_after,2026-09-15T21:28:43.616100+00:00,76.932,throttled=0xe0000,0,93.015625,269.546875
Pi_WiFi,0044-ethereum_rpc_finalized_json-n69-ext_cached-t4-network.json,telemetry_before,2026-09-15T21:28:44.021665+00:00,77.419,throttled=0xe0000,0,24.02734375,269.546875
Pi_WiFi,0044-ethereum_rpc_finalized_json-n69-ext_cached-t4-network.json,telemetry_after,2026-09-15T21:29:06.399323+00:00,77.906,throttled=0xe0000,0,30.0546875,269.546875
Pi_WiFi,0045-synthetic-n4096-leaf-t1-local.json,telemetry_before,2026-09-15T21:30:03.133743+00:00,75.471,throttled=0xe0000,0,23.97265625,269.546875
Pi_WiFi,0045-synthetic-n4096-leaf-t1-local.json,telemetry_after,2026-09-15T21:30:11.773583+00:00,77.906,throttled=0xe0000,0,26.078125,269.546875
Pi_WiFi,0045-synthetic-n4096-leaf-t1-memory_pressure.json,telemetry_before,2026-09-15T21:30:12.201042+00:00,76.932,throttled=0xe0000,0,87.96875,269.546875
Pi_WiFi,0045-synthetic-n4096-leaf-t1-memory_pressure.json,telemetry_after,2026-09-15T21:30:20.865617+00:00,78.393,throttled=0xe0000,0,90.07421875,269.546875
Pi_WiFi,0045-synthetic-n4096-leaf-t1-network.json,telemetry_before,2026-09-15T21:30:21.232991+00:00,78.393,throttled=0xe0000,0,24.0390625,269.546875
Pi_WiFi,0045-synthetic-n4096-leaf-t1-network.json,telemetry_after,2026-09-15T21:30:40.459287+00:00,76.932,throttled=0xe0000,0,27.50390625,269.546875
Pi_WiFi,0046-synthetic-n512-ext_rebuild-t4-local.json,telemetry_before,2026-09-15T21:30:50.116597+00:00,76.445,throttled=0xe0000,0,23.96875,269.546875
Pi_WiFi,0046-synthetic-n512-ext_rebuild-t4-local.json,telemetry_after,2026-09-15T21:30:53.286596+00:00,76.445,throttled=0xe0000,0,24.32421875,269.546875
Pi_WiFi,0046-synthetic-n512-ext_rebuild-t4-memory_pressure.json,telemetry_before,2026-09-15T21:30:53.714386+00:00,75.958,throttled=0xe0000,0,87.96875,269.546875
Pi_WiFi,0046-synthetic-n512-ext_rebuild-t4-memory_pressure.json,telemetry_after,2026-09-15T21:30:56.887154+00:00,76.445,throttled=0xe0000,0,88.3203125,269.546875
Pi_WiFi,0046-synthetic-n512-ext_rebuild-t4-network.json,telemetry_before,2026-09-15T21:30:57.254491+00:00,75.958,throttled=0xe0000,0,24.0390625,269.546875
Pi_WiFi,0046-synthetic-n512-ext_rebuild-t4-network.json,telemetry_after,2026-09-15T21:31:21.001139+00:00,75.958,throttled=0xe0000,0,25.1875,269.546875
Pi_WiFi,0047-synthetic-n4096-ext_cached-t4-local.json,telemetry_before,2026-09-15T21:32:15.849595+00:00,74.497,throttled=0xe0000,0,23.9765625,269.546875
Pi_WiFi,0047-synthetic-n4096-ext_cached-t4-local.json,telemetry_after,2026-09-15T21:32:19.028009+00:00,74.497,throttled=0xe0000,0,24.33203125,269.546875
Pi_WiFi,0047-synthetic-n4096-ext_cached-t4-memory_pressure.json,telemetry_before,2026-09-15T21:32:19.453159+00:00,74.497,throttled=0xe0000,0,87.97265625,269.546875
Pi_WiFi,0047-synthetic-n4096-ext_cached-t4-memory_pressure.json,telemetry_after,2026-09-15T21:32:22.630124+00:00,75.471,throttled=0xe0000,0,88.33203125,269.546875
Pi_WiFi,0047-synthetic-n4096-ext_cached-t4-network.json,telemetry_before,2026-09-15T21:32:22.997606+00:00,74.984,throttled=0xe0000,0,24.03125,269.546875
Pi_WiFi,0047-synthetic-n4096-ext_cached-t4-network.json,telemetry_after,2026-09-15T21:32:29.670573+00:00,73.523,throttled=0xe0000,0,25.19140625,269.546875
Pi_WiFi,0048-synthetic-n512-leaf-t4-local.json,telemetry_before,2026-09-15T21:32:37.861928+00:00,75.958,throttled=0xe0000,0,23.96875,269.546875
Pi_WiFi,0048-synthetic-n512-leaf-t4-local.json,telemetry_after,2026-09-15T21:32:41.719877+00:00,76.445,throttled=0xe0000,0,24.6640625,269.546875
Pi_WiFi,0048-synthetic-n512-leaf-t4-memory_pressure.json,telemetry_before,2026-09-15T21:32:42.147458+00:00,75.471,throttled=0xe0000,0,87.984375,269.546875
Pi_WiFi,0048-synthetic-n512-leaf-t4-memory_pressure.json,telemetry_after,2026-09-15T21:32:45.996101+00:00,76.932,throttled=0xe0000,0,88.6953125,269.546875
Pi_WiFi,0048-synthetic-n512-leaf-t4-network.json,telemetry_before,2026-09-15T21:32:46.363395+00:00,75.471,throttled=0xe0000,0,24.03515625,269.546875
Pi_WiFi,0048-synthetic-n512-leaf-t4-network.json,telemetry_after,2026-09-15T21:32:54.405486+00:00,75.471,throttled=0xe0000,0,25.47265625,269.546875
Pi_WiFi,0049-synthetic-n512-full-t3-local.json,telemetry_before,2026-09-15T21:33:02.000363+00:00,75.471,throttled=0xe0000,0,23.96484375,269.546875
Pi_WiFi,0049-synthetic-n512-full-t3-local.json,telemetry_after,2026-09-15T21:33:05.174546+00:00,75.471,throttled=0xe0000,0,24.3203125,269.546875
Pi_WiFi,0049-synthetic-n512-full-t3-memory_pressure.json,telemetry_before,2026-09-15T21:33:05.600776+00:00,75.471,throttled=0xe0000,0,87.9765625,269.546875
Pi_WiFi,0049-synthetic-n512-full-t3-memory_pressure.json,telemetry_after,2026-09-15T21:33:08.772092+00:00,74.984,throttled=0xe0000,0,88.328125,269.546875
Pi_WiFi,0049-synthetic-n512-full-t3-network.json,telemetry_before,2026-09-15T21:33:09.141757+00:00,74.984,throttled=0xe0000,0,24.015625,269.546875
Pi_WiFi,0049-synthetic-n512-full-t3-network.json,telemetry_after,2026-09-15T21:33:15.558650+00:00,74.497,throttled=0xe0000,0,25.16796875,269.546875
Pi_WiFi,0050-synthetic-n4096-archive-t0-archive_retrieval.json,telemetry_before,2026-09-15T21:34:07.379253+00:00,76.445,throttled=0xe0000,0,23.97265625,269.546875
Pi_WiFi,0050-synthetic-n4096-archive-t0-archive_retrieval.json,telemetry_after,2026-09-15T21:34:10.759162+00:00,75.958,throttled=0xe0000,0,24.59375,269.546875
Pi_WiFi,0050-synthetic-n4096-archive-t0-local.json,telemetry_before,2026-09-15T21:34:03.842824+00:00,74.984,throttled=0xe0000,0,23.9765625,269.546875
Pi_WiFi,0050-synthetic-n4096-archive-t0-local.json,telemetry_after,2026-09-15T21:34:07.020997+00:00,75.471,throttled=0xe0000,0,24.33203125,269.546875
Pi_WiFi,0051-ethereum_rpc_finalized_json-n69-archive-t4-archive_retrieval.json,telemetry_before,2026-09-15T21:34:21.323253+00:00,78.393,throttled=0xe0000,0,23.96484375,269.546875
Pi_WiFi,0051-ethereum_rpc_finalized_json-n69-archive-t4-archive_retrieval.json,telemetry_after,2026-09-15T21:34:28.502027+00:00,78.88,throttled=0xe0000,0,30.08984375,269.546875
Pi_WiFi,0051-ethereum_rpc_finalized_json-n69-archive-t4-local.json,telemetry_before,2026-09-15T21:34:14.753527+00:00,76.445,throttled=0xe0000,0,23.96875,269.546875
Pi_WiFi,0051-ethereum_rpc_finalized_json-n69-archive-t4-local.json,telemetry_after,2026-09-15T21:34:20.963629+00:00,79.367,throttled=0xe0000,0,29.00390625,269.546875
Pi_WiFi,0052-synthetic-n512-archive-t4-archive_retrieval.json,telemetry_before,2026-09-15T21:34:38.475528+00:00,77.419,throttled=0xe0000,0,23.96484375,269.546875
Pi_WiFi,0052-synthetic-n512-archive-t4-archive_retrieval.json,telemetry_after,2026-09-15T21:34:41.837304+00:00,76.932,throttled=0xe0000,0,24.5859375,269.546875
Pi_WiFi,0052-synthetic-n512-archive-t4-local.json,telemetry_before,2026-09-15T21:34:34.945410+00:00,76.445,throttled=0xe0000,0,23.97265625,269.546875
Pi_WiFi,0052-synthetic-n512-archive-t4-local.json,telemetry_after,2026-09-15T21:34:38.118599+00:00,74.984,throttled=0xe0000,0,24.32421875,269.546875
Pi_WiFi,0053-ethereum_rpc_finalized_json-n69-archive-t1-archive_retrieval.json,telemetry_before,2026-09-15T21:34:51.988554+00:00,77.419,throttled=0xe0000,0,23.953125,269.546875
Pi_WiFi,0053-ethereum_rpc_finalized_json-n69-archive-t1-archive_retrieval.json,telemetry_after,2026-09-15T21:34:58.976725+00:00,77.419,throttled=0xe0000,0,27.28515625,269.546875
Pi_WiFi,0053-ethereum_rpc_finalized_json-n69-archive-t1-local.json,telemetry_before,2026-09-15T21:34:45.697653+00:00,77.419,throttled=0xe0000,0,23.98046875,269.546875
Pi_WiFi,0053-ethereum_rpc_finalized_json-n69-archive-t1-local.json,telemetry_after,2026-09-15T21:34:51.628621+00:00,77.906,throttled=0xe0000,0,27.12109375,269.546875
Pi_WiFi,0054-synthetic-n4096-full-t1-local.json,telemetry_before,2026-09-15T21:35:54.866576+00:00,74.497,throttled=0xe0000,0,23.96875,269.546875
Pi_WiFi,0054-synthetic-n4096-full-t1-local.json,telemetry_after,2026-09-15T21:35:58.046703+00:00,75.471,throttled=0xe0000,0,24.33203125,269.546875
Pi_WiFi,0054-synthetic-n4096-full-t1-memory_pressure.json,telemetry_before,2026-09-15T21:35:58.477407+00:00,74.984,throttled=0xe0000,0,87.984375,269.546875
Pi_WiFi,0054-synthetic-n4096-full-t1-memory_pressure.json,telemetry_after,2026-09-15T21:36:01.654663+00:00,74.497,throttled=0xe0000,0,88.34375,269.546875
Pi_WiFi,0054-synthetic-n4096-full-t1-network.json,telemetry_before,2026-09-15T21:36:02.022313+00:00,74.984,throttled=0xe0000,0,24.02734375,269.546875
Pi_WiFi,0054-synthetic-n4096-full-t1-network.json,telemetry_after,2026-09-15T21:36:08.445572+00:00,74.01,throttled=0xe0000,0,25.17578125,269.546875
Pi_WiFi,0055-synthetic-n4096-ext_cached-t3-local.json,telemetry_before,2026-09-15T21:37:02.865514+00:00,75.471,throttled=0xe0000,0,23.97265625,269.546875
Pi_WiFi,0055-synthetic-n4096-ext_cached-t3-local.json,telemetry_after,2026-09-15T21:37:06.042788+00:00,74.984,throttled=0xe0000,0,24.33203125,269.546875
Pi_WiFi,0055-synthetic-n4096-ext_cached-t3-memory_pressure.json,telemetry_before,2026-09-15T21:37:06.470511+00:00,74.497,throttled=0xe0000,0,87.95703125,269.546875
Pi_WiFi,0055-synthetic-n4096-ext_cached-t3-memory_pressure.json,telemetry_after,2026-09-15T21:37:09.644655+00:00,74.497,throttled=0xe0000,0,88.31640625,269.546875
Pi_WiFi,0055-synthetic-n4096-ext_cached-t3-network.json,telemetry_before,2026-09-15T21:37:10.010450+00:00,74.01,throttled=0xe0000,0,24.0234375,269.546875
Pi_WiFi,0055-synthetic-n4096-ext_cached-t3-network.json,telemetry_after,2026-09-15T21:37:16.503003+00:00,74.01,throttled=0xe0000,0,25.18359375,269.546875
Pi_WiFi,0056-ethereum_rpc_finalized_json-n69-archive-t2-archive_retrieval.json,telemetry_before,2026-09-15T21:37:27.020129+00:00,76.445,throttled=0xe0000,0,23.9609375,269.546875
Pi_WiFi,0056-ethereum_rpc_finalized_json-n69-archive-t2-archive_retrieval.json,telemetry_after,2026-09-15T21:37:34.237180+00:00,77.419,throttled=0xe0000,0,27.7265625,269.546875
Pi_WiFi,0056-ethereum_rpc_finalized_json-n69-archive-t2-local.json,telemetry_before,2026-09-15T21:37:20.417801+00:00,74.984,throttled=0xe0000,0,23.98046875,269.546875
Pi_WiFi,0056-ethereum_rpc_finalized_json-n69-archive-t2-local.json,telemetry_after,2026-09-15T21:37:26.658261+00:00,77.419,throttled=0xe0000,0,26.734375,269.546875
Pi_WiFi,0057-ethereum_rpc_finalized_json-n69-leaf-t4-local.json,telemetry_before,2026-09-15T21:37:43.985831+00:00,77.419,throttled=0xe0000,0,23.96875,270.64453125
Pi_WiFi,0057-ethereum_rpc_finalized_json-n69-leaf-t4-local.json,telemetry_after,2026-09-15T21:37:50.391291+00:00,76.932,throttled=0xe0000,0,29.078125,270.64453125
Pi_WiFi,0057-ethereum_rpc_finalized_json-n69-leaf-t4-memory_pressure.json,telemetry_before,2026-09-15T21:37:50.816705+00:00,76.932,throttled=0xe0000,0,87.9609375,270.64453125
Pi_WiFi,0057-ethereum_rpc_finalized_json-n69-leaf-t4-memory_pressure.json,telemetry_after,2026-09-15T21:37:57.223747+00:00,77.906,throttled=0xe0000,0,92.9453125,270.64453125
Pi_WiFi,0057-ethereum_rpc_finalized_json-n69-leaf-t4-network.json,telemetry_before,2026-09-15T21:37:57.585839+00:00,77.906,throttled=0xe0000,0,24.0390625,270.64453125
Pi_WiFi,0057-ethereum_rpc_finalized_json-n69-leaf-t4-network.json,telemetry_after,2026-09-15T21:38:19.892814+00:00,76.445,throttled=0xe0000,0,30.3046875,270.64453125
Pi_WiFi,0058-ethereum_rpc_finalized_json-n69-ext_rebuild-t3-local.json,telemetry_before,2026-09-15T21:38:34.724983+00:00,75.958,throttled=0xe0000,0,23.98046875,271.1171875
Pi_WiFi,0058-ethereum_rpc_finalized_json-n69-ext_rebuild-t3-local.json,telemetry_after,2026-09-15T21:38:40.939162+00:00,77.906,throttled=0xe0000,0,27.2734375,271.1171875
Pi_WiFi,0058-ethereum_rpc_finalized_json-n69-ext_rebuild-t3-memory_pressure.json,telemetry_before,2026-09-15T21:38:41.371660+00:00,77.419,throttled=0xe0000,0,87.97265625,271.1171875
Pi_WiFi,0058-ethereum_rpc_finalized_json-n69-ext_rebuild-t3-memory_pressure.json,telemetry_after,2026-09-15T21:38:47.567513+00:00,77.419,throttled=0xe0000,0,91.2734375,271.1171875
Pi_WiFi,0058-ethereum_rpc_finalized_json-n69-ext_rebuild-t3-network.json,telemetry_before,2026-09-15T21:38:47.934999+00:00,77.906,throttled=0xe0000,0,24.02734375,271.1171875
Pi_WiFi,0058-ethereum_rpc_finalized_json-n69-ext_rebuild-t3-network.json,telemetry_after,2026-09-15T21:40:09.825519+00:00,75.471,throttled=0xe0000,0,28.21875,271.1171875
Pi_WiFi,0059-synthetic-n512-full-t1-local.json,telemetry_before,2026-09-15T21:40:18.116797+00:00,75.471,throttled=0xe0000,0,23.9765625,271.1171875
Pi_WiFi,0059-synthetic-n512-full-t1-local.json,telemetry_after,2026-09-15T21:40:21.287474+00:00,75.471,throttled=0xe0000,0,24.33203125,271.1171875
Pi_WiFi,0059-synthetic-n512-full-t1-memory_pressure.json,telemetry_before,2026-09-15T21:40:21.713855+00:00,75.471,throttled=0xe0000,0,87.97265625,271.1171875
Pi_WiFi,0059-synthetic-n512-full-t1-memory_pressure.json,telemetry_after,2026-09-15T21:40:24.882920+00:00,75.471,throttled=0xe0000,0,88.328125,271.1171875
Pi_WiFi,0059-synthetic-n512-full-t1-network.json,telemetry_before,2026-09-15T21:40:25.250932+00:00,76.445,throttled=0xe0000,0,24.03515625,271.1171875
Pi_WiFi,0059-synthetic-n512-full-t1-network.json,telemetry_after,2026-09-15T21:40:31.954546+00:00,75.471,throttled=0xe0000,0,25.1875,271.1171875
Pi_WiFi,0060-ethereum_rpc_finalized_json-n69-leaf-t0-local.json,telemetry_before,2026-09-15T21:40:42.197704+00:00,76.932,throttled=0xe0000,0,23.9609375,271.1171875
Pi_WiFi,0060-ethereum_rpc_finalized_json-n69-leaf-t0-local.json,telemetry_after,2026-09-15T21:40:48.497597+00:00,77.906,throttled=0xe0000,0,26.8359375,271.1171875
Pi_WiFi,0060-ethereum_rpc_finalized_json-n69-leaf-t0-memory_pressure.json,telemetry_before,2026-09-15T21:40:48.929407+00:00,77.906,throttled=0xe0000,0,87.953125,271.1171875
Pi_WiFi,0060-ethereum_rpc_finalized_json-n69-leaf-t0-memory_pressure.json,telemetry_after,2026-09-15T21:40:55.204022+00:00,77.906,throttled=0xe0000,0,90.88671875,271.1171875
Pi_WiFi,0060-ethereum_rpc_finalized_json-n69-leaf-t0-network.json,telemetry_before,2026-09-15T21:40:55.569410+00:00,77.419,throttled=0xe0000,0,24.0390625,271.1171875
Pi_WiFi,0060-ethereum_rpc_finalized_json-n69-leaf-t0-network.json,telemetry_after,2026-09-15T21:41:18.657655+00:00,76.932,throttled=0xe0000,0,28.0625,271.1171875
Pi_WiFi,0061-synthetic-n512-ext_cached-t3-local.json,telemetry_before,2026-09-15T21:41:26.764145+00:00,76.932,throttled=0xe0000,0,23.98046875,271.1171875
Pi_WiFi,0061-synthetic-n512-ext_cached-t3-local.json,telemetry_after,2026-09-15T21:41:29.933473+00:00,75.958,throttled=0xe0000,0,24.33203125,271.1171875
Pi_WiFi,0061-synthetic-n512-ext_cached-t3-memory_pressure.json,telemetry_before,2026-09-15T21:41:30.363257+00:00,76.445,throttled=0xe0000,0,87.984375,271.1171875
Pi_WiFi,0061-synthetic-n512-ext_cached-t3-memory_pressure.json,telemetry_after,2026-09-15T21:41:33.535412+00:00,76.932,throttled=0xe0000,0,88.3359375,271.1171875
Pi_WiFi,0061-synthetic-n512-ext_cached-t3-network.json,telemetry_before,2026-09-15T21:41:33.900242+00:00,75.471,throttled=0xe0000,0,24.0390625,271.1171875
Pi_WiFi,0061-synthetic-n512-ext_cached-t3-network.json,telemetry_after,2026-09-15T21:41:40.352119+00:00,76.445,throttled=0xe0000,0,25.19140625,271.1171875
Pi_WiFi,0062-synthetic-n512-leaf-t1-local.json,telemetry_before,2026-09-15T21:41:48.926797+00:00,76.932,throttled=0xe0000,0,23.97265625,271.1171875
Pi_WiFi,0062-synthetic-n512-leaf-t1-local.json,telemetry_after,2026-09-15T21:41:52.777406+00:00,75.471,throttled=0xe0000,0,24.66796875,271.1171875
Pi_WiFi,0062-synthetic-n512-leaf-t1-memory_pressure.json,telemetry_before,2026-09-15T21:41:53.205207+00:00,76.445,throttled=0xe0000,0,87.98046875,271.1171875
Pi_WiFi,0062-synthetic-n512-leaf-t1-memory_pressure.json,telemetry_after,2026-09-15T21:41:57.059232+00:00,75.958,throttled=0xe0000,0,88.6953125,271.1171875
Pi_WiFi,0062-synthetic-n512-leaf-t1-network.json,telemetry_before,2026-09-15T21:41:57.425645+00:00,76.445,throttled=0xe0000,0,24.03515625,271.1171875
Pi_WiFi,0062-synthetic-n512-leaf-t1-network.json,telemetry_after,2026-09-15T21:42:05.145317+00:00,74.984,throttled=0xe0000,0,25.47265625,271.1171875
Pi_WiFi,0063-synthetic-n512-archive-t2-archive_retrieval.json,telemetry_before,2026-09-15T21:42:16.315105+00:00,75.958,throttled=0xe0000,0,23.97265625,271.1171875
Pi_WiFi,0063-synthetic-n512-archive-t2-archive_retrieval.json,telemetry_after,2026-09-15T21:42:19.678780+00:00,75.958,throttled=0xe0000,0,24.60546875,271.1171875
Pi_WiFi,0063-synthetic-n512-archive-t2-local.json,telemetry_before,2026-09-15T21:42:12.788252+00:00,75.958,throttled=0xe0000,0,23.98046875,271.1171875
Pi_WiFi,0063-synthetic-n512-archive-t2-local.json,telemetry_after,2026-09-15T21:42:15.958681+00:00,74.984,throttled=0xe0000,0,24.328125,271.1171875
Pi_WiFi,0064-synthetic-n512-archive-t0-archive_retrieval.json,telemetry_before,2026-09-15T21:42:30.528239+00:00,75.958,throttled=0xe0000,0,23.9765625,271.1171875
Pi_WiFi,0064-synthetic-n512-archive-t0-archive_retrieval.json,telemetry_after,2026-09-15T21:42:33.894614+00:00,75.471,throttled=0xe0000,0,24.609375,271.1171875
Pi_WiFi,0064-synthetic-n512-archive-t0-energy_workload.json,telemetry_before,2026-09-15T21:42:34.265713+00:00,74.984,throttled=0xe0000,0,23.9609375,271.1171875
Pi_WiFi,0064-synthetic-n512-archive-t0-energy_workload.json,telemetry_after,2026-09-15T21:42:47.306055+00:00,77.419,throttled=0xe0000,0,33.23828125,271.1171875
Pi_WiFi,0064-synthetic-n512-archive-t0-local.json,telemetry_before,2026-09-15T21:42:26.997540+00:00,74.984,throttled=0xe0000,0,23.9765625,271.1171875
Pi_WiFi,0064-synthetic-n512-archive-t0-local.json,telemetry_after,2026-09-15T21:42:30.169152+00:00,74.497,throttled=0xe0000,0,24.328125,271.1171875
Pi_WiFi,0065-synthetic-n4096-archive-t1-archive_retrieval.json,telemetry_before,2026-09-15T21:43:40.810741+00:00,75.958,throttled=0xe0000,0,23.98046875,271.1171875
Pi_WiFi,0065-synthetic-n4096-archive-t1-archive_retrieval.json,telemetry_after,2026-09-15T21:43:44.191521+00:00,76.445,throttled=0xe0000,0,24.6015625,271.1171875
Pi_WiFi,0065-synthetic-n4096-archive-t1-local.json,telemetry_before,2026-09-15T21:43:37.269959+00:00,76.932,throttled=0xe0000,0,23.9609375,271.1171875
Pi_WiFi,0065-synthetic-n4096-archive-t1-local.json,telemetry_after,2026-09-15T21:43:40.446495+00:00,75.471,throttled=0xe0000,0,24.3125,271.1171875
Pi_WiFi,0066-ethereum_rpc_finalized_json-n69-full-t1-local.json,telemetry_before,2026-09-15T21:43:54.173750+00:00,76.932,throttled=0xe0000,0,23.96875,273.6171875
Pi_WiFi,0066-ethereum_rpc_finalized_json-n69-full-t1-local.json,telemetry_after,2026-09-15T21:44:00.113250+00:00,78.393,throttled=0xe0000,0,27.10546875,273.6171875
Pi_WiFi,0066-ethereum_rpc_finalized_json-n69-full-t1-memory_pressure.json,telemetry_before,2026-09-15T21:44:00.537692+00:00,77.906,throttled=0xe0000,0,87.953125,273.6171875
Pi_WiFi,0066-ethereum_rpc_finalized_json-n69-full-t1-memory_pressure.json,telemetry_after,2026-09-15T21:44:06.474127+00:00,77.906,throttled=0xe0000,0,91.11328125,273.6171875
Pi_WiFi,0066-ethereum_rpc_finalized_json-n69-full-t1-network.json,telemetry_before,2026-09-15T21:44:06.838549+00:00,78.88,throttled=0xe0000,0,24.04296875,273.6171875
Pi_WiFi,0066-ethereum_rpc_finalized_json-n69-full-t1-network.json,telemetry_after,2026-09-15T21:44:28.076412+00:00,78.88,throttled=0xe0000,0,28.58203125,273.6171875
Pi_WiFi,0067-ethereum_rpc_finalized_json-n69-leaf-t2-local.json,telemetry_before,2026-09-15T21:44:38.029874+00:00,77.419,throttled=0xe0000,0,23.9765625,276.0546875
Pi_WiFi,0067-ethereum_rpc_finalized_json-n69-leaf-t2-local.json,telemetry_after,2026-09-15T21:44:44.422103+00:00,78.88,throttled=0xe0000,0,27.30859375,276.0546875
Pi_WiFi,0067-ethereum_rpc_finalized_json-n69-leaf-t2-memory_pressure.json,telemetry_before,2026-09-15T21:44:44.847459+00:00,78.88,throttled=0xe0000,0,87.953125,276.0546875
Pi_WiFi,0067-ethereum_rpc_finalized_json-n69-leaf-t2-memory_pressure.json,telemetry_after,2026-09-15T21:44:51.234377+00:00,79.367,throttled=0xe0000,0,91.234375,276.0546875
Pi_WiFi,0067-ethereum_rpc_finalized_json-n69-leaf-t2-network.json,telemetry_before,2026-09-15T21:44:51.600142+00:00,79.854,throttled=0xe0000,0,24.03515625,276.0546875
Pi_WiFi,0067-ethereum_rpc_finalized_json-n69-leaf-t2-network.json,telemetry_after,2026-09-15T21:45:15.730319+00:00,78.393,throttled=0xe0000,0,28.44140625,276.0546875
Pi_WiFi,0068-ethereum_rpc_finalized_json-n69-ext_cached-t0-local.json,telemetry_before,2026-09-15T21:45:25.638981+00:00,78.393,throttled=0xe0000,0,23.9765625,276.0546875
Pi_WiFi,0068-ethereum_rpc_finalized_json-n69-ext_cached-t0-local.json,telemetry_after,2026-09-15T21:45:31.754355+00:00,79.367,throttled=0xe0000,0,26.8359375,276.0546875
Pi_WiFi,0068-ethereum_rpc_finalized_json-n69-ext_cached-t0-memory_pressure.json,telemetry_before,2026-09-15T21:45:32.182371+00:00,79.367,throttled=0xe0000,0,87.9609375,276.0546875
Pi_WiFi,0068-ethereum_rpc_finalized_json-n69-ext_cached-t0-memory_pressure.json,telemetry_after,2026-09-15T21:45:38.293145+00:00,80.341,throttled=0xe0000,0,90.828125,276.0546875
Pi_WiFi,0068-ethereum_rpc_finalized_json-n69-ext_cached-t0-network.json,telemetry_before,2026-09-15T21:45:38.659047+00:00,79.367,throttled=0xe0000,0,24.01953125,276.0546875
Pi_WiFi,0068-ethereum_rpc_finalized_json-n69-ext_cached-t0-network.json,telemetry_after,2026-09-15T21:46:01.314950+00:00,75.958,throttled=0xe0000,0,28.078125,276.0546875
Pi_WiFi,0069-synthetic-n4096-ext_cached-t0-local.json,telemetry_before,2026-09-15T21:46:58.951976+00:00,75.471,throttled=0xe0000,0,23.9765625,276.0546875
Pi_WiFi,0069-synthetic-n4096-ext_cached-t0-local.json,telemetry_after,2026-09-15T21:47:02.130410+00:00,74.984,throttled=0xe0000,0,24.3359375,276.0546875
Pi_WiFi,0069-synthetic-n4096-ext_cached-t0-memory_pressure.json,telemetry_before,2026-09-15T21:47:02.554545+00:00,76.932,throttled=0xe0000,0,87.98046875,276.0546875
Pi_WiFi,0069-synthetic-n4096-ext_cached-t0-memory_pressure.json,telemetry_after,2026-09-15T21:47:05.732627+00:00,76.445,throttled=0xe0000,0,88.33984375,276.0546875
Pi_WiFi,0069-synthetic-n4096-ext_cached-t0-network.json,telemetry_before,2026-09-15T21:47:06.100233+00:00,76.445,throttled=0xe0000,0,24.02734375,276.0546875
Pi_WiFi,0069-synthetic-n4096-ext_cached-t0-network.json,telemetry_after,2026-09-15T21:47:12.789810+00:00,76.932,throttled=0xe0000,0,25.18359375,276.0546875
Pi_WiFi,0070-synthetic-n512-ext_cached-t2-local.json,telemetry_before,2026-09-15T21:47:21.250238+00:00,75.958,throttled=0xe0000,0,23.95703125,276.0546875
Pi_WiFi,0070-synthetic-n512-ext_cached-t2-local.json,telemetry_after,2026-09-15T21:47:24.417768+00:00,75.958,throttled=0xe0000,0,24.3046875,276.0546875
Pi_WiFi,0070-synthetic-n512-ext_cached-t2-memory_pressure.json,telemetry_before,2026-09-15T21:47:24.844214+00:00,76.932,throttled=0xe0000,0,87.984375,276.0546875
Pi_WiFi,0070-synthetic-n512-ext_cached-t2-memory_pressure.json,telemetry_after,2026-09-15T21:47:28.015203+00:00,75.958,throttled=0xe0000,0,88.3359375,276.0546875
Pi_WiFi,0070-synthetic-n512-ext_cached-t2-network.json,telemetry_before,2026-09-15T21:47:28.380348+00:00,76.445,throttled=0xe0000,0,24.0390625,276.0546875
Pi_WiFi,0070-synthetic-n512-ext_cached-t2-network.json,telemetry_after,2026-09-15T21:47:35.086006+00:00,75.958,throttled=0xe0000,0,25.1953125,276.0546875
Pi_WiFi,0071-ethereum_rpc_finalized_json-n69-archive-t3-archive_retrieval.json,telemetry_before,2026-09-15T21:47:46.090900+00:00,77.419,throttled=0xe0000,0,23.96484375,276.0546875
Pi_WiFi,0071-ethereum_rpc_finalized_json-n69-archive-t3-archive_retrieval.json,telemetry_after,2026-09-15T21:47:53.313860+00:00,78.88,throttled=0xe0000,0,28.1640625,276.0546875
Pi_WiFi,0071-ethereum_rpc_finalized_json-n69-archive-t3-local.json,telemetry_before,2026-09-15T21:47:39.528959+00:00,76.932,throttled=0xe0000,0,23.98046875,276.0546875
Pi_WiFi,0071-ethereum_rpc_finalized_json-n69-archive-t3-local.json,telemetry_after,2026-09-15T21:47:45.730307+00:00,77.419,throttled=0xe0000,0,27.2734375,276.0546875
Pi_WiFi,0072-ethereum_rpc_finalized_json-n69-ext_rebuild-t2-local.json,telemetry_before,2026-09-15T21:48:07.647747+00:00,77.419,throttled=0xe0000,0,23.98046875,276.0546875
Pi_WiFi,0072-ethereum_rpc_finalized_json-n69-ext_rebuild-t2-local.json,telemetry_after,2026-09-15T21:48:13.886665+00:00,78.88,throttled=0xe0000,0,26.734375,276.0546875
Pi_WiFi,0072-ethereum_rpc_finalized_json-n69-ext_rebuild-t2-memory_pressure.json,telemetry_before,2026-09-15T21:48:14.313317+00:00,79.367,throttled=0xe0000,0,87.9765625,276.0546875
Pi_WiFi,0072-ethereum_rpc_finalized_json-n69-ext_rebuild-t2-memory_pressure.json,telemetry_after,2026-09-15T21:48:20.547074+00:00,78.88,throttled=0xe0000,0,90.73828125,276.0546875
Pi_WiFi,0072-ethereum_rpc_finalized_json-n69-ext_rebuild-t2-network.json,telemetry_before,2026-09-15T21:48:20.913816+00:00,78.88,throttled=0xe0000,0,24.02734375,276.0546875
Pi_WiFi,0072-ethereum_rpc_finalized_json-n69-ext_rebuild-t2-network.json,telemetry_after,2026-09-15T21:49:42.113673+00:00,76.445,throttled=0xe0000,0,27.95703125,276.0546875
Pi_WiFi,0073-synthetic-n4096-archive-t3-archive_retrieval.json,telemetry_before,2026-09-15T21:50:36.058451+00:00,76.445,throttled=0xe0000,0,23.98046875,276.0546875
Pi_WiFi,0073-synthetic-n4096-archive-t3-archive_retrieval.json,telemetry_after,2026-09-15T21:50:39.439410+00:00,76.932,throttled=0xe0000,0,24.61328125,276.0546875
Pi_WiFi,0073-synthetic-n4096-archive-t3-local.json,telemetry_before,2026-09-15T21:50:32.528599+00:00,76.932,throttled=0xe0000,0,23.98046875,276.0546875
Pi_WiFi,0073-synthetic-n4096-archive-t3-local.json,telemetry_after,2026-09-15T21:50:35.701131+00:00,76.932,throttled=0xe0000,0,24.3359375,276.0546875
Pi_WiFi,0074-synthetic-n512-archive-t3-archive_retrieval.json,telemetry_before,2026-09-15T21:50:49.222538+00:00,77.419,throttled=0xe0000,0,23.98046875,276.0546875
Pi_WiFi,0074-synthetic-n512-archive-t3-archive_retrieval.json,telemetry_after,2026-09-15T21:50:52.581399+00:00,76.932,throttled=0xe0000,0,24.6171875,276.0546875
Pi_WiFi,0074-synthetic-n512-archive-t3-local.json,telemetry_before,2026-09-15T21:50:45.697671+00:00,77.419,throttled=0xe0000,0,23.97265625,276.0546875
Pi_WiFi,0074-synthetic-n512-archive-t3-local.json,telemetry_after,2026-09-15T21:50:48.866381+00:00,77.419,throttled=0xe0000,0,24.32421875,276.0546875
Pi_WiFi,original-n4096-B1_verified-t0.json,telemetry,2026-09-15T21:51:12.328195+00:00,81.315,throttled=0xe0000,0,34.20703125,276.0546875
Pi_WiFi,original-n4096-B1_verified-t1.json,telemetry,2026-09-15T21:51:20.120638+00:00,80.341,throttled=0xe0000,0,34.1875,276.0546875
Pi_WiFi,original-n4096-B1_verified-t2.json,telemetry,2026-09-15T21:51:21.539952+00:00,80.828,throttled=0xe0000,0,34.19921875,276.0546875
Pi_WiFi,original-n4096-B1_verified-t3.json,telemetry,2026-09-15T21:51:32.948540+00:00,81.315,throttled=0xe0000,0,34.19921875,276.0546875
Pi_WiFi,original-n4096-B1_verified-t4.json,telemetry,2026-09-15T21:51:40.805902+00:00,81.802,throttled=0xe0000,0,34.19921875,276.0546875
Pi_WiFi,original-n4096-B2_full-t0.json,telemetry,2026-09-15T21:51:13.012526+00:00,80.828,throttled=0xe0000,0,25.703125,276.0546875
Pi_WiFi,original-n4096-B2_full-t1.json,telemetry,2026-09-15T21:51:14.410886+00:00,81.315,throttled=0xe0000,0,25.6796875,276.0546875
Pi_WiFi,original-n4096-B2_full-t2.json,telemetry,2026-09-15T21:51:20.827440+00:00,81.802,throttled=0xe0000,0,25.6953125,276.0546875
Pi_WiFi,original-n4096-B2_full-t3.json,telemetry,2026-09-15T21:51:34.349236+00:00,80.341,throttled=0xe0000,0,25.6953125,276.0546875
Pi_WiFi,original-n4096-B2_full-t4.json,telemetry,2026-09-15T21:51:35.057091+00:00,81.315,throttled=0xe0000,0,25.6875,276.0546875
Pi_WiFi,original-n4096-B3_leaf-t0.json,telemetry,2026-09-15T21:51:10.909320+00:00,80.828,throttled=0xe0000,0,25.92578125,276.0546875
Pi_WiFi,original-n4096-B3_leaf-t1.json,telemetry,2026-09-15T21:51:19.413439+00:00,80.828,throttled=0xe0000,0,25.9140625,276.0546875
Pi_WiFi,original-n4096-B3_leaf-t2.json,telemetry,2026-09-15T21:51:26.564379+00:00,81.315,throttled=0xe0000,0,25.921875,276.0546875
Pi_WiFi,original-n4096-B3_leaf-t3.json,telemetry,2026-09-15T21:51:32.239281+00:00,81.315,throttled=0xe0000,0,25.93359375,276.0546875
Pi_WiFi,original-n4096-B3_leaf-t4.json,telemetry,2026-09-15T21:51:40.096587+00:00,81.315,throttled=0xe0000,0,25.91015625,276.0546875
Pi_WiFi,original-n4096-B4_ext-t0.json,telemetry,2026-09-15T21:51:11.600007+00:00,80.828,throttled=0xe0000,0,25.6953125,276.0546875
Pi_WiFi,original-n4096-B4_ext-t1.json,telemetry,2026-09-15T21:51:13.718347+00:00,80.828,throttled=0xe0000,0,25.6796875,276.0546875
Pi_WiFi,original-n4096-B4_ext-t2.json,telemetry,2026-09-15T21:51:27.251196+00:00,80.341,throttled=0xe0000,0,25.69140625,276.0546875
Pi_WiFi,original-n4096-B4_ext-t3.json,telemetry,2026-09-15T21:51:33.662861+00:00,80.828,throttled=0xe0000,0,25.69921875,276.0546875
Pi_WiFi,original-n4096-B4_ext-t4.json,telemetry,2026-09-15T21:51:41.515623+00:00,80.828,throttled=0xe0000,0,25.69921875,276.0546875
Pi_WiFi,original-n512-B1_verified-t0.json,telemetry,2026-09-15T21:50:53.168171+00:00,77.419,throttled=0xe0000,0,26.125,276.0546875
Pi_WiFi,original-n512-B1_verified-t1.json,telemetry,2026-09-15T21:50:56.314402+00:00,77.906,throttled=0xe0000,0,26.125,276.0546875
Pi_WiFi,original-n512-B1_verified-t2.json,telemetry,2026-09-15T21:51:00.548608+00:00,78.88,throttled=0xe0000,0,26.12109375,276.0546875
Pi_WiFi,original-n512-B1_verified-t3.json,telemetry,2026-09-15T21:51:01.073539+00:00,78.88,throttled=0xe0000,0,26.11328125,276.0546875
Pi_WiFi,original-n512-B1_verified-t4.json,telemetry,2026-09-15T21:51:05.812491+00:00,79.854,throttled=0xe0000,0,26.12109375,276.0546875
Pi_WiFi,original-n512-B2_full-t0.json,telemetry,2026-09-15T21:50:54.745670+00:00,77.419,throttled=0xe0000,0,25.1171875,276.0546875
Pi_WiFi,original-n512-B2_full-t1.json,telemetry,2026-09-15T21:50:55.785928+00:00,77.906,throttled=0xe0000,0,25.11328125,276.0546875
Pi_WiFi,original-n512-B2_full-t2.json,telemetry,2026-09-15T21:51:00.025429+00:00,79.367,throttled=0xe0000,0,25.11328125,276.0546875
Pi_WiFi,original-n512-B2_full-t3.json,telemetry,2026-09-15T21:51:01.598130+00:00,78.88,throttled=0xe0000,0,25.11328125,276.0546875
Pi_WiFi,original-n512-B2_full-t4.json,telemetry,2026-09-15T21:51:03.707573+00:00,79.367,throttled=0xe0000,0,25.1171875,276.0546875
Pi_WiFi,original-n512-B3_leaf-t0.json,telemetry,2026-09-15T21:50:54.224413+00:00,78.393,throttled=0xe0000,0,25.08984375,276.0546875
Pi_WiFi,original-n512-B3_leaf-t1.json,telemetry,2026-09-15T21:50:57.373399+00:00,78.393,throttled=0xe0000,0,25.109375,276.0546875
Pi_WiFi,original-n512-B3_leaf-t2.json,telemetry,2026-09-15T21:50:58.987114+00:00,79.854,throttled=0xe0000,0,25.10546875,276.0546875
Pi_WiFi,original-n512-B3_leaf-t3.json,telemetry,2026-09-15T21:51:02.663746+00:00,79.367,throttled=0xe0000,0,25.10546875,276.0546875
Pi_WiFi,original-n512-B3_leaf-t4.json,telemetry,2026-09-15T21:51:04.767436+00:00,79.367,throttled=0xe0000,0,25.11328125,276.0546875
Pi_WiFi,original-n512-B4_ext-t0.json,telemetry,2026-09-15T21:50:55.265904+00:00,77.906,throttled=0xe0000,0,25.11328125,276.0546875
Pi_WiFi,original-n512-B4_ext-t1.json,telemetry,2026-09-15T21:50:57.896240+00:00,78.88,throttled=0xe0000,0,25.1171875,276.0546875
Pi_WiFi,original-n512-B4_ext-t2.json,telemetry,2026-09-15T21:50:59.505968+00:00,79.367,throttled=0xe0000,0,25.1171875,276.0546875
Pi_WiFi,original-n512-B4_ext-t3.json,telemetry,2026-09-15T21:51:03.187102+00:00,79.367,throttled=0xe0000,0,25.125,276.0546875
Pi_WiFi,original-n512-B4_ext-t4.json,telemetry,2026-09-15T21:51:05.289941+00:00,79.367,throttled=0xe0000,0,25.12109375,276.0546875
