run,experiment,data_kind,n,mode,trial,case_id,queries,median_ms,p95_ms,p99_ms,accept_median_ms,accept_cpu_mean_ms,rss_after_MiB,rss_before_MiB,ru_maxrss_MiB_DO_NOT_USE_AS_PHASE_PEAK,memory_limit_MiB,pressure_buffer_MiB,accepted,mean_json_body_bytes,selected_payload_sha256,timing_scope
HPC,archive_retrieval,ethereum_rpc_finalized_json,69,archive,0,0012-ethereum_rpc_finalized_json-n69-archive-t0-archive_retrieval,200,12.0181055,17.66353445,18.093108769999997,3.533236,3.689785955,25.015625,21.625,139.9609375,0,0.0,200,0,b30fd288c6fd25990944a24194c89dc578c58e3c230cc8ec278c49dc890c3c38,request/read through verified acceptance
HPC,archive_retrieval,ethereum_rpc_finalized_json,69,archive,1,0053-ethereum_rpc_finalized_json-n69-archive-t1-archive_retrieval,200,11.814242,17.078703349999998,17.45532329,3.3333995,3.56541632,23.8984375,21.40234375,141.57421875,0,0.0,200,0,b30fd288c6fd25990944a24194c89dc578c58e3c230cc8ec278c49dc890c3c38,request/read through verified acceptance
HPC,archive_retrieval,ethereum_rpc_finalized_json,69,archive,2,0056-ethereum_rpc_finalized_json-n69-archive-t2-archive_retrieval,200,11.967686,17.555309349999998,17.889715149999997,3.5458534999999998,3.75653247,25.71484375,21.765625,141.57421875,0,0.0,200,0,b30fd288c6fd25990944a24194c89dc578c58e3c230cc8ec278c49dc890c3c38,request/read through verified acceptance
HPC,archive_retrieval,ethereum_rpc_finalized_json,69,archive,3,0071-ethereum_rpc_finalized_json-n69-archive-t3-archive_retrieval,200,12.011197,17.831766950000002,18.14034082,3.5161145,3.791931645,26.12890625,21.44921875,142.46875,0,0.0,200,0,b30fd288c6fd25990944a24194c89dc578c58e3c230cc8ec278c49dc890c3c38,request/read through verified acceptance
HPC,archive_retrieval,ethereum_rpc_finalized_json,69,archive,4,0051-ethereum_rpc_finalized_json-n69-archive-t4-archive_retrieval,200,12.176930500000001,17.82776815,18.07572423,3.523803,3.776115805,27.30078125,21.6953125,141.57421875,0,0.0,200,0,b30fd288c6fd25990944a24194c89dc578c58e3c230cc8ec278c49dc890c3c38,request/read through verified acceptance
HPC,archive_retrieval,synthetic,512,archive,0,0064-synthetic-n512-archive-t0-archive_retrieval,200,6.746503000000001,7.316276,7.433269469999994,0.178353,0.177858815,22.3984375,21.65625,141.57421875,0,0.0,200,0,399484347219683dce319075ea78057e1e8ffcce90859b513ec913109fec9398,request/read through verified acceptance
HPC,archive_retrieval,synthetic,512,archive,1,0041-synthetic-n512-archive-t1-archive_retrieval,200,6.581556,7.2581122,9.347771219999998,0.17860399999999998,0.17786216,22.3828125,21.6328125,141.57421875,0,0.0,200,0,399484347219683dce319075ea78057e1e8ffcce90859b513ec913109fec9398,request/read through verified acceptance
HPC,archive_retrieval,synthetic,512,archive,2,0063-synthetic-n512-archive-t2-archive_retrieval,200,6.633632,7.171156399999999,7.505908449999999,0.1796585,0.179189235,22.51953125,21.828125,141.57421875,0,0.0,200,0,399484347219683dce319075ea78057e1e8ffcce90859b513ec913109fec9398,request/read through verified acceptance
HPC,archive_retrieval,synthetic,512,archive,3,0074-synthetic-n512-archive-t3-archive_retrieval,200,6.6847235000000005,7.32726535,7.7029364199999995,0.179458,0.179857705,22.27734375,21.48828125,142.46875,0,0.0,200,0,399484347219683dce319075ea78057e1e8ffcce90859b513ec913109fec9398,request/read through verified acceptance
HPC,archive_retrieval,synthetic,512,archive,4,0052-synthetic-n512-archive-t4-archive_retrieval,200,6.759245,7.222719699999998,7.454161039999999,0.17898999999999998,0.178521895,22.4609375,21.6796875,141.57421875,0,0.0,200,0,399484347219683dce319075ea78057e1e8ffcce90859b513ec913109fec9398,request/read through verified acceptance
HPC,archive_retrieval,synthetic,4096,archive,0,0050-synthetic-n4096-archive-t0-archive_retrieval,200,6.632586,7.095819549999999,7.318031629999998,0.18494100000000002,0.184328285,22.37109375,21.62109375,141.57421875,0,0.0,200,0,0687bb27f05141a424b31da9247a1c02625c10a06caaa5ff34a33daeb97eabec,request/read through verified acceptance
HPC,archive_retrieval,synthetic,4096,archive,1,0065-synthetic-n4096-archive-t1-archive_retrieval,200,6.7509235,7.2122155,7.411943799999997,0.18316149999999998,0.1826195,22.48828125,21.7109375,142.46875,0,0.0,200,0,0687bb27f05141a424b31da9247a1c02625c10a06caaa5ff34a33daeb97eabec,request/read through verified acceptance
HPC,archive_retrieval,synthetic,4096,archive,2,0040-synthetic-n4096-archive-t2-archive_retrieval,200,7.9901515,24.12224054999998,48.61879739999994,0.18228650000000002,0.181999355,22.46484375,21.7734375,141.57421875,0,0.0,200,0,0687bb27f05141a424b31da9247a1c02625c10a06caaa5ff34a33daeb97eabec,request/read through verified acceptance
HPC,archive_retrieval,synthetic,4096,archive,3,0073-synthetic-n4096-archive-t3-archive_retrieval,200,6.5699565,6.98575805,7.319399579999994,0.1847345,0.184374515,22.2578125,21.46875,142.46875,0,0.0,200,0,0687bb27f05141a424b31da9247a1c02625c10a06caaa5ff34a33daeb97eabec,request/read through verified acceptance
HPC,archive_retrieval,synthetic,4096,archive,4,0031-synthetic-n4096-archive-t4-archive_retrieval,200,6.6357265000000005,7.351062849999999,7.648923299999999,0.18430649999999998,0.18405583,22.4140625,21.6640625,141.57421875,0,0.0,200,0,0687bb27f05141a424b31da9247a1c02625c10a06caaa5ff34a33daeb97eabec,request/read through verified acceptance
HPC,local,ethereum_rpc_finalized_json,69,archive,0,0012-ethereum_rpc_finalized_json-n69-archive-t0-local,200,3.5884435,7.4566816,7.53445541,3.5877179999999997,3.734741735,24.87890625,21.6953125,139.9609375,0,0.0,200,0,b30fd288c6fd25990944a24194c89dc578c58e3c230cc8ec278c49dc890c3c38,pre-delivered response acceptance only
HPC,local,ethereum_rpc_finalized_json,69,archive,1,0053-ethereum_rpc_finalized_json-n69-archive-t1-local,200,3.241784,6.7237566,6.74039009,3.240932,3.55342431,24.8984375,21.4375,141.57421875,0,0.0,200,0,b30fd288c6fd25990944a24194c89dc578c58e3c230cc8ec278c49dc890c3c38,pre-delivered response acceptance only
HPC,local,ethereum_rpc_finalized_json,69,archive,2,0056-ethereum_rpc_finalized_json-n69-archive-t2-local,200,3.5857305,7.135094949999999,7.18167479,3.5849124999999997,3.8218076500000002,24.69921875,21.7734375,141.57421875,0,0.0,200,0,b30fd288c6fd25990944a24194c89dc578c58e3c230cc8ec278c49dc890c3c38,pre-delivered response acceptance only
HPC,local,ethereum_rpc_finalized_json,69,archive,3,0071-ethereum_rpc_finalized_json-n69-archive-t3-local,200,3.6132425,7.372433149999999,7.42945634,3.61235,3.847023075,24.91796875,21.80859375,142.46875,0,0.0,200,0,b30fd288c6fd25990944a24194c89dc578c58e3c230cc8ec278c49dc890c3c38,pre-delivered response acceptance only
HPC,local,ethereum_rpc_finalized_json,69,archive,4,0051-ethereum_rpc_finalized_json-n69-archive-t4-local,200,3.5844785000000003,7.5257060000000005,7.58489765,3.583731,3.854452365,26.6796875,21.40625,141.57421875,0,0.0,200,0,b30fd288c6fd25990944a24194c89dc578c58e3c230cc8ec278c49dc890c3c38,pre-delivered response acceptance only
HPC,local,ethereum_rpc_finalized_json,69,ext_cached,0,0068-ethereum_rpc_finalized_json-n69-ext_cached-t0-local,200,3.590766,7.3576875,7.405566469999999,3.5898655,3.727484585,24.8203125,21.7734375,142.46875,0,0.0,200,0,b30fd288c6fd25990944a24194c89dc578c58e3c230cc8ec278c49dc890c3c38,pre-delivered response acceptance only
HPC,local,ethereum_rpc_finalized_json,69,ext_cached,1,0007-ethereum_rpc_finalized_json-n69-ext_cached-t1-local,200,3.2344144999999997,6.70714805,6.73444961,3.2336460000000002,3.549860545,25.2421875,21.81640625,138.73046875,0,0.0,200,0,b30fd288c6fd25990944a24194c89dc578c58e3c230cc8ec278c49dc890c3c38,pre-delivered response acceptance only
HPC,local,ethereum_rpc_finalized_json,69,ext_cached,2,0005-ethereum_rpc_finalized_json-n69-ext_cached-t2-local,200,3.5893154999999997,7.1398411500000005,7.16285675,3.588555,3.83553071,24.5703125,21.62890625,137.66796875,0,0.0,200,0,b30fd288c6fd25990944a24194c89dc578c58e3c230cc8ec278c49dc890c3c38,pre-delivered response acceptance only
HPC,local,ethereum_rpc_finalized_json,69,ext_cached,3,0004-ethereum_rpc_finalized_json-n69-ext_cached-t3-local,200,3.6318165000000002,7.49490875,7.58986277,3.6309495,3.85209066,24.78515625,21.625,137.66796875,0,0.0,200,0,b30fd288c6fd25990944a24194c89dc578c58e3c230cc8ec278c49dc890c3c38,pre-delivered response acceptance only
HPC,local,ethereum_rpc_finalized_json,69,ext_cached,4,0044-ethereum_rpc_finalized_json-n69-ext_cached-t4-local,200,3.5711765,7.4881907000000005,7.526966879999999,3.5704325,3.838604595,26.8046875,21.51953125,141.57421875,0,0.0,200,0,b30fd288c6fd25990944a24194c89dc578c58e3c230cc8ec278c49dc890c3c38,pre-delivered response acceptance only
HPC,local,ethereum_rpc_finalized_json,69,ext_rebuild,0,0008-ethereum_rpc_finalized_json-n69-ext_rebuild-t0-local,200,3.5861675,7.350762249999998,7.53298082,3.5853675000000003,3.72757603,24.6875,21.46484375,138.73046875,0,0.0,200,0,b30fd288c6fd25990944a24194c89dc578c58e3c230cc8ec278c49dc890c3c38,pre-delivered response acceptance only
HPC,local,ethereum_rpc_finalized_json,69,ext_rebuild,1,0006-ethereum_rpc_finalized_json-n69-ext_rebuild-t1-local,200,3.262705,6.7187199,6.808535749999999,3.2618365,3.56988027,25.140625,21.7109375,138.73046875,0,0.0,200,0,b30fd288c6fd25990944a24194c89dc578c58e3c230cc8ec278c49dc890c3c38,pre-delivered response acceptance only
HPC,local,ethereum_rpc_finalized_json,69,ext_rebuild,2,0072-ethereum_rpc_finalized_json-n69-ext_rebuild-t2-local,200,3.587471,7.13120985,7.1539516999999995,3.5867050000000003,3.820044925,24.609375,21.7265625,142.46875,0,0.0,200,0,b30fd288c6fd25990944a24194c89dc578c58e3c230cc8ec278c49dc890c3c38,pre-delivered response acceptance only
HPC,local,ethereum_rpc_finalized_json,69,ext_rebuild,3,0058-ethereum_rpc_finalized_json-n69-ext_rebuild-t3-local,200,3.6457755,7.37454635,7.45418437,3.64485,3.85260287,24.8203125,21.70703125,141.57421875,0,0.0,200,0,b30fd288c6fd25990944a24194c89dc578c58e3c230cc8ec278c49dc890c3c38,pre-delivered response acceptance only
HPC,local,ethereum_rpc_finalized_json,69,ext_rebuild,4,0024-ethereum_rpc_finalized_json-n69-ext_rebuild-t4-local,200,3.5742165000000004,7.5172382,7.574458869999999,3.573526,3.846173685,26.9453125,21.76953125,141.57421875,0,0.0,200,0,b30fd288c6fd25990944a24194c89dc578c58e3c230cc8ec278c49dc890c3c38,pre-delivered response acceptance only
HPC,local,ethereum_rpc_finalized_json,69,full,0,0029-ethereum_rpc_finalized_json-n69-full-t0-local,200,3.5879045,7.4669758999999996,7.558923920000001,3.5871310000000003,3.735715165,24.5546875,21.40625,141.57421875,0,0.0,200,0,b30fd288c6fd25990944a24194c89dc578c58e3c230cc8ec278c49dc890c3c38,pre-delivered response acceptance only
HPC,local,ethereum_rpc_finalized_json,69,full,1,0066-ethereum_rpc_finalized_json-n69-full-t1-local,200,3.239184,6.66660895,6.72793378,3.238378,3.549091395,24.90234375,21.44140625,142.46875,0,0.0,200,0,b30fd288c6fd25990944a24194c89dc578c58e3c230cc8ec278c49dc890c3c38,pre-delivered response acceptance only
HPC,local,ethereum_rpc_finalized_json,69,full,2,0038-ethereum_rpc_finalized_json-n69-full-t2-local,200,3.569817,7.092541,7.17240127,3.5691135000000003,3.826161125,24.69140625,21.69140625,141.57421875,0,0.0,200,0,b30fd288c6fd25990944a24194c89dc578c58e3c230cc8ec278c49dc890c3c38,pre-delivered response acceptance only
HPC,local,ethereum_rpc_finalized_json,69,full,3,0002-ethereum_rpc_finalized_json-n69-full-t3-local,200,3.6022800000000004,7.4735318,7.52840815,3.601509,3.84503965,24.625,21.47265625,137.66796875,0,0.0,200,0,b30fd288c6fd25990944a24194c89dc578c58e3c230cc8ec278c49dc890c3c38,pre-delivered response acceptance only
HPC,local,ethereum_rpc_finalized_json,69,full,4,0009-ethereum_rpc_finalized_json-n69-full-t4-local,200,3.546372,7.551896999999999,7.670171379999999,3.5457575,3.840229465,26.9140625,21.68359375,138.73046875,0,0.0,200,0,b30fd288c6fd25990944a24194c89dc578c58e3c230cc8ec278c49dc890c3c38,pre-delivered response acceptance only
HPC,local,ethereum_rpc_finalized_json,69,leaf,0,0060-ethereum_rpc_finalized_json-n69-leaf-t0-local,200,3.734633,7.122908649999999,7.30806963,3.733827,3.85727113,24.5859375,21.65234375,141.57421875,0,0.0,200,0,b30fd288c6fd25990944a24194c89dc578c58e3c230cc8ec278c49dc890c3c38,pre-delivered response acceptance only
HPC,local,ethereum_rpc_finalized_json,69,leaf,1,0010-ethereum_rpc_finalized_json-n69-leaf-t1-local,200,3.412914,7.05294485,7.1721993,3.412153,3.7320053,24.4921875,21.4765625,138.73046875,0,0.0,200,0,b30fd288c6fd25990944a24194c89dc578c58e3c230cc8ec278c49dc890c3c38,pre-delivered response acceptance only
HPC,local,ethereum_rpc_finalized_json,69,leaf,2,0067-ethereum_rpc_finalized_json-n69-leaf-t2-local,200,3.703073,7.1579083,7.29613213,3.702345,3.956876885,24.3984375,21.69140625,142.46875,0,0.0,200,0,b30fd288c6fd25990944a24194c89dc578c58e3c230cc8ec278c49dc890c3c38,pre-delivered response acceptance only
HPC,local,ethereum_rpc_finalized_json,69,leaf,3,0013-ethereum_rpc_finalized_json-n69-leaf-t3-local,200,3.8123425,7.65494205,7.694454149999999,3.81151,4.015091415,24.4140625,21.61328125,139.9609375,0,0.0,200,0,b30fd288c6fd25990944a24194c89dc578c58e3c230cc8ec278c49dc890c3c38,pre-delivered response acceptance only
HPC,local,ethereum_rpc_finalized_json,69,leaf,4,0057-ethereum_rpc_finalized_json-n69-leaf-t4-local,200,3.727429,7.81628325,7.90706974,3.7267785,3.997982225,26.54296875,21.8203125,141.57421875,0,0.0,200,0,b30fd288c6fd25990944a24194c89dc578c58e3c230cc8ec278c49dc890c3c38,pre-delivered response acceptance only
HPC,local,synthetic,512,archive,0,0064-synthetic-n512-archive-t0-local,200,0.174141,0.1821832,0.19637226,0.173665,0.173644155,22.140625,21.828125,141.57421875,0,0.0,200,0,399484347219683dce319075ea78057e1e8ffcce90859b513ec913109fec9398,pre-delivered response acceptance only
HPC,local,synthetic,512,archive,1,0041-synthetic-n512-archive-t1-local,200,0.1731605,0.1772734,0.17940290999999997,0.17269,0.17215222,21.83984375,21.484375,141.57421875,0,0.0,200,0,399484347219683dce319075ea78057e1e8ffcce90859b513ec913109fec9398,pre-delivered response acceptance only
HPC,local,synthetic,512,archive,2,0063-synthetic-n512-archive-t2-local,200,0.1727305,0.17732094999999998,0.18315290999999984,0.17223149999999998,0.171901725,22.0546875,21.73828125,141.57421875,0,0.0,200,0,399484347219683dce319075ea78057e1e8ffcce90859b513ec913109fec9398,pre-delivered response acceptance only
HPC,local,synthetic,512,archive,3,0074-synthetic-n512-archive-t3-local,200,0.17217100000000002,0.17641959999999998,0.1815571399999999,0.17168250000000002,0.171298945,22.09765625,21.78125,142.46875,0,0.0,200,0,399484347219683dce319075ea78057e1e8ffcce90859b513ec913109fec9398,pre-delivered response acceptance only
HPC,local,synthetic,512,archive,4,0052-synthetic-n512-archive-t4-local,200,0.172148,0.17631405,0.17858590999999993,0.171658,0.171298975,22.046875,21.671875,141.57421875,0,0.0,200,0,399484347219683dce319075ea78057e1e8ffcce90859b513ec913109fec9398,pre-delivered response acceptance only
HPC,local,synthetic,512,ext_cached,0,0023-synthetic-n512-ext_cached-t0-local,200,0.1741185,0.19111859999999994,0.20852155999999997,0.1736105,0.174581675,21.77734375,21.41796875,141.57421875,0,0.0,200,0,399484347219683dce319075ea78057e1e8ffcce90859b513ec913109fec9398,pre-delivered response acceptance only
HPC,local,synthetic,512,ext_cached,1,0016-synthetic-n512-ext_cached-t1-local,200,0.1732495,0.1814834,0.19452437999999997,0.1727265,0.172789055,21.97265625,21.62109375,140.6875,0,0.0,200,0,399484347219683dce319075ea78057e1e8ffcce90859b513ec913109fec9398,pre-delivered response acceptance only
HPC,local,synthetic,512,ext_cached,2,0070-synthetic-n512-ext_cached-t2-local,200,0.17459,0.17835485,0.18303802,0.174099,0.173632525,22.14453125,21.83203125,142.46875,0,0.0,200,0,399484347219683dce319075ea78057e1e8ffcce90859b513ec913109fec9398,pre-delivered response acceptance only
HPC,local,synthetic,512,ext_cached,3,0061-synthetic-n512-ext_cached-t3-local,200,0.174309,0.1834822,0.20066772999999993,0.1737995,0.174106585,22.0546875,21.6796875,141.57421875,0,0.0,200,0,399484347219683dce319075ea78057e1e8ffcce90859b513ec913109fec9398,pre-delivered response acceptance only
HPC,local,synthetic,512,ext_cached,4,0032-synthetic-n512-ext_cached-t4-local,200,0.1713945,0.1794112,0.19481996999999993,0.170902,0.171312295,22.0546875,21.73828125,141.57421875,0,0.0,200,0,399484347219683dce319075ea78057e1e8ffcce90859b513ec913109fec9398,pre-delivered response acceptance only
HPC,local,synthetic,512,ext_rebuild,0,0043-synthetic-n512-ext_rebuild-t0-local,200,0.17150749999999998,0.1764751,0.18377654,0.1710035,0.170794515,21.97265625,21.66796875,141.57421875,0,0.0,200,0,399484347219683dce319075ea78057e1e8ffcce90859b513ec913109fec9398,pre-delivered response acceptance only
HPC,local,synthetic,512,ext_rebuild,1,0035-synthetic-n512-ext_rebuild-t1-local,200,0.17260999999999999,0.17636734999999998,0.17799092999999994,0.172094,0.171796865,22.1015625,21.78515625,141.57421875,0,0.0,200,0,399484347219683dce319075ea78057e1e8ffcce90859b513ec913109fec9398,pre-delivered response acceptance only
HPC,local,synthetic,512,ext_rebuild,2,0030-synthetic-n512-ext_rebuild-t2-local,200,0.171989,0.1759732,0.17880072999999994,0.1715215,0.17107214,22.078125,21.703125,141.57421875,0,0.0,200,0,399484347219683dce319075ea78057e1e8ffcce90859b513ec913109fec9398,pre-delivered response acceptance only
HPC,local,synthetic,512,ext_rebuild,3,0034-synthetic-n512-ext_rebuild-t3-local,200,0.172908,0.17762055,0.18560538999999995,0.172363,0.172134875,22.09375,21.77734375,141.57421875,0,0.0,200,0,399484347219683dce319075ea78057e1e8ffcce90859b513ec913109fec9398,pre-delivered response acceptance only
HPC,local,synthetic,512,ext_rebuild,4,0046-synthetic-n512-ext_rebuild-t4-local,200,0.1708395,0.17606415,0.18274515999999993,0.170348,0.17029515,21.98828125,21.98828125,141.57421875,0,0.0,200,0,399484347219683dce319075ea78057e1e8ffcce90859b513ec913109fec9398,pre-delivered response acceptance only
HPC,local,synthetic,512,full,0,0033-synthetic-n512-full-t0-local,200,0.17254799999999998,0.1768194,0.17907955999999997,0.172046,0.17182849,22.1015625,21.7265625,141.57421875,0,0.0,200,0,399484347219683dce319075ea78057e1e8ffcce90859b513ec913109fec9398,pre-delivered response acceptance only
HPC,local,synthetic,512,full,1,0059-synthetic-n512-full-t1-local,200,0.17132750000000002,0.1757303,0.17704689999999992,0.17083199999999998,0.170477615,22.1484375,21.7734375,141.57421875,0,0.0,200,0,399484347219683dce319075ea78057e1e8ffcce90859b513ec913109fec9398,pre-delivered response acceptance only
HPC,local,synthetic,512,full,2,0000-synthetic-n512-full-t2-local,200,0.17458849999999998,0.1948183,0.20252921000000002,0.174078,0.174585305,22.05078125,21.67578125,106.27734375,0,0.0,200,0,399484347219683dce319075ea78057e1e8ffcce90859b513ec913109fec9398,pre-delivered response acceptance only
HPC,local,synthetic,512,full,3,0049-synthetic-n512-full-t3-local,200,0.1714835,0.17514115,0.17733952999999997,0.1709755,0.170485855,22.14453125,21.828125,141.57421875,0,0.0,200,0,399484347219683dce319075ea78057e1e8ffcce90859b513ec913109fec9398,pre-delivered response acceptance only
HPC,local,synthetic,512,full,4,0042-synthetic-n512-full-t4-local,200,0.17279450000000002,0.18224105,0.2002419599999998,0.1722935,0.172884605,22.0859375,21.7109375,141.57421875,0,0.0,200,0,399484347219683dce319075ea78057e1e8ffcce90859b513ec913109fec9398,pre-delivered response acceptance only
HPC,local,synthetic,512,leaf,0,0028-synthetic-n512-leaf-t0-local,200,0.8163210000000001,0.8210709,0.83045046,0.8157509999999999,0.813064545,22.43359375,21.625,141.57421875,0,0.0,200,0,399484347219683dce319075ea78057e1e8ffcce90859b513ec913109fec9398,pre-delivered response acceptance only
HPC,local,synthetic,512,leaf,1,0062-synthetic-n512-leaf-t1-local,200,0.8254295,0.847453,0.8611683199999999,0.8247615,0.824285985,22.53515625,21.78515625,141.57421875,0,0.0,200,0,399484347219683dce319075ea78057e1e8ffcce90859b513ec913109fec9398,pre-delivered response acceptance only
HPC,local,synthetic,512,leaf,2,0027-synthetic-n512-leaf-t2-local,200,0.8644164999999999,0.9018732999999999,0.9445434899999998,0.8637775000000001,0.85268379,22.515625,21.70703125,141.57421875,0,0.0,200,0,399484347219683dce319075ea78057e1e8ffcce90859b513ec913109fec9398,pre-delivered response acceptance only
HPC,local,synthetic,512,leaf,3,0025-synthetic-n512-leaf-t3-local,200,0.8188165,0.82352935,0.83056885,0.818247,0.815198805,22.27734375,21.48828125,141.57421875,0,0.0,200,0,399484347219683dce319075ea78057e1e8ffcce90859b513ec913109fec9398,pre-delivered response acceptance only
HPC,local,synthetic,512,leaf,4,0048-synthetic-n512-leaf-t4-local,200,0.8170014999999999,0.82149085,0.8294139299999992,0.8163864999999999,0.8137726,22.48828125,21.73828125,141.57421875,0,0.0,200,0,399484347219683dce319075ea78057e1e8ffcce90859b513ec913109fec9398,pre-delivered response acceptance only
HPC,local,synthetic,4096,archive,0,0050-synthetic-n4096-archive-t0-local,200,0.1769045,0.18159495,0.1900247399999995,0.1764365,0.17660826500000001,21.8828125,21.53125,141.57421875,0,0.0,200,0,0687bb27f05141a424b31da9247a1c02625c10a06caaa5ff34a33daeb97eabec,pre-delivered response acceptance only
HPC,local,synthetic,4096,archive,1,0065-synthetic-n4096-archive-t1-local,200,0.17705949999999998,0.18096515000000002,0.1865510599999995,0.17658849999999998,0.176504185,21.95703125,21.6484375,142.46875,0,0.0,200,0,0687bb27f05141a424b31da9247a1c02625c10a06caaa5ff34a33daeb97eabec,pre-delivered response acceptance only
HPC,local,synthetic,4096,archive,2,0040-synthetic-n4096-archive-t2-local,200,0.175202,0.18003965,0.1856520199999994,0.174722,0.175275425,22.14453125,21.828125,141.57421875,0,0.0,200,0,0687bb27f05141a424b31da9247a1c02625c10a06caaa5ff34a33daeb97eabec,pre-delivered response acceptance only
HPC,local,synthetic,4096,archive,3,0073-synthetic-n4096-archive-t3-local,200,0.1767245,0.18305345,0.19428708999999947,0.17620000000000002,0.176687015,22.1015625,21.78515625,142.46875,0,0.0,200,0,0687bb27f05141a424b31da9247a1c02625c10a06caaa5ff34a33daeb97eabec,pre-delivered response acceptance only
HPC,local,synthetic,4096,archive,4,0031-synthetic-n4096-archive-t4-local,200,0.177961,0.18208425,0.18682931999999955,0.1774665,0.177494625,22.1640625,21.84765625,141.57421875,0,0.0,200,0,0687bb27f05141a424b31da9247a1c02625c10a06caaa5ff34a33daeb97eabec,pre-delivered response acceptance only
HPC,local,synthetic,4096,ext_cached,0,0069-synthetic-n4096-ext_cached-t0-local,200,0.178633,0.19507604999999995,0.21325931999999972,0.178116,0.17895978,22.14453125,21.83203125,142.46875,0,0.0,200,0,0687bb27f05141a424b31da9247a1c02625c10a06caaa5ff34a33daeb97eabec,pre-delivered response acceptance only
HPC,local,synthetic,4096,ext_cached,1,0001-synthetic-n4096-ext_cached-t1-local,200,0.177541,0.1826347,0.20708689999999952,0.1770475,0.177549835,21.94140625,21.625,113.71484375,0,0.0,200,0,0687bb27f05141a424b31da9247a1c02625c10a06caaa5ff34a33daeb97eabec,pre-delivered response acceptance only
HPC,local,synthetic,4096,ext_cached,2,0037-synthetic-n4096-ext_cached-t2-local,200,0.1766565,0.1811206,0.19059562999999946,0.17618450000000002,0.176522395,21.84375,21.48828125,141.57421875,0,0.0,200,0,0687bb27f05141a424b31da9247a1c02625c10a06caaa5ff34a33daeb97eabec,pre-delivered response acceptance only
HPC,local,synthetic,4096,ext_cached,3,0055-synthetic-n4096-ext_cached-t3-local,200,0.17693199999999998,0.1988121,0.21696874999999952,0.1763915,0.179329835,22.09765625,21.72265625,141.57421875,0,0.0,200,0,0687bb27f05141a424b31da9247a1c02625c10a06caaa5ff34a33daeb97eabec,pre-delivered response acceptance only
HPC,local,synthetic,4096,ext_cached,4,0047-synthetic-n4096-ext_cached-t4-local,200,0.17787999999999998,0.18247755,0.19951450999999942,0.1773845,0.177848975,21.83984375,21.48828125,141.57421875,0,0.0,200,0,0687bb27f05141a424b31da9247a1c02625c10a06caaa5ff34a33daeb97eabec,pre-delivered response acceptance only
HPC,local,synthetic,4096,ext_rebuild,0,0036-synthetic-n4096-ext_rebuild-t0-local,200,0.175356,0.17995039999999998,0.18320056999999937,0.1748885,0.175273685,22.078125,21.703125,141.57421875,0,0.0,200,0,0687bb27f05141a424b31da9247a1c02625c10a06caaa5ff34a33daeb97eabec,pre-delivered response acceptance only
HPC,local,synthetic,4096,ext_rebuild,1,0039-synthetic-n4096-ext_rebuild-t1-local,200,0.180687,0.20166524999999996,0.21645351999999968,0.1801615,0.181838645,21.7734375,21.4140625,141.57421875,0,0.0,200,0,0687bb27f05141a424b31da9247a1c02625c10a06caaa5ff34a33daeb97eabec,pre-delivered response acceptance only
HPC,local,synthetic,4096,ext_rebuild,2,0020-synthetic-n4096-ext_rebuild-t2-local,200,0.175943,0.1825513,0.20974734999999958,0.17546450000000002,0.176184925,21.77734375,21.41796875,141.57421875,0,0.0,200,0,0687bb27f05141a424b31da9247a1c02625c10a06caaa5ff34a33daeb97eabec,pre-delivered response acceptance only
HPC,local,synthetic,4096,ext_rebuild,3,0014-synthetic-n4096-ext_rebuild-t3-local,200,0.17500749999999998,0.17943195,0.18729266999999938,0.1744985,0.17482206,21.98828125,21.671875,139.9609375,0,0.0,200,0,0687bb27f05141a424b31da9247a1c02625c10a06caaa5ff34a33daeb97eabec,pre-delivered response acceptance only
HPC,local,synthetic,4096,ext_rebuild,4,0021-synthetic-n4096-ext_rebuild-t4-local,200,0.178345,0.18245445,0.1890633599999994,0.1778695,0.178340215,22.0546875,21.6796875,141.57421875,0,0.0,200,0,0687bb27f05141a424b31da9247a1c02625c10a06caaa5ff34a33daeb97eabec,pre-delivered response acceptance only
HPC,local,synthetic,4096,full,0,0011-synthetic-n4096-full-t0-local,200,0.1761565,0.180097,0.18769321999999947,0.175678,0.17588765,21.94921875,21.6328125,139.9609375,0,0.0,200,0,0687bb27f05141a424b31da9247a1c02625c10a06caaa5ff34a33daeb97eabec,pre-delivered response acceptance only
HPC,local,synthetic,4096,full,1,0054-synthetic-n4096-full-t1-local,200,0.1793595,0.1837269,0.18873978999999946,0.1788525,0.179068885,22.1484375,21.83203125,141.57421875,0,0.0,200,0,0687bb27f05141a424b31da9247a1c02625c10a06caaa5ff34a33daeb97eabec,pre-delivered response acceptance only
HPC,local,synthetic,4096,full,2,0022-synthetic-n4096-full-t2-local,200,0.17601450000000002,0.18167694999999995,0.20651569999999975,0.175495,0.175918795,22.02734375,21.7109375,141.57421875,0,0.0,200,0,0687bb27f05141a424b31da9247a1c02625c10a06caaa5ff34a33daeb97eabec,pre-delivered response acceptance only
HPC,local,synthetic,4096,full,3,0003-synthetic-n4096-full-t3-local,200,0.17534,0.17966715,0.18870038999999955,0.1748255,0.17497286,22.1015625,21.7265625,137.66796875,0,0.0,200,0,0687bb27f05141a424b31da9247a1c02625c10a06caaa5ff34a33daeb97eabec,pre-delivered response acceptance only
HPC,local,synthetic,4096,full,4,0019-synthetic-n4096-full-t4-local,200,0.182262,0.206813,0.2619566099999999,0.1817515,0.18664414,22.13671875,21.82421875,141.05859375,0,0.0,200,0,0687bb27f05141a424b31da9247a1c02625c10a06caaa5ff34a33daeb97eabec,pre-delivered response acceptance only
HPC,local,synthetic,4096,leaf,0,0018-synthetic-n4096-leaf-t0-local,200,5.264419,5.34460325,5.39326358,5.263787499999999,5.25622824,24.51953125,21.765625,140.94140625,0,0.0,200,0,0687bb27f05141a424b31da9247a1c02625c10a06caaa5ff34a33daeb97eabec,pre-delivered response acceptance only
HPC,local,synthetic,4096,leaf,1,0045-synthetic-n4096-leaf-t1-local,200,5.277309499999999,5.33238765,5.35417986,5.2765645,5.25003643,24.49609375,21.625,141.57421875,0,0.0,200,0,0687bb27f05141a424b31da9247a1c02625c10a06caaa5ff34a33daeb97eabec,pre-delivered response acceptance only
HPC,local,synthetic,4096,leaf,2,0026-synthetic-n4096-leaf-t2-local,200,5.3066455,5.3388652,5.362249409999999,5.305958,5.296227615,24.59765625,21.78515625,141.57421875,0,0.0,200,0,0687bb27f05141a424b31da9247a1c02625c10a06caaa5ff34a33daeb97eabec,pre-delivered response acceptance only
HPC,local,synthetic,4096,leaf,3,0017-synthetic-n4096-leaf-t3-local,200,5.285394,5.3077235,5.40726468,5.2845905,5.27137588,24.33984375,21.48828125,140.6875,0,0.0,200,0,0687bb27f05141a424b31da9247a1c02625c10a06caaa5ff34a33daeb97eabec,pre-delivered response acceptance only
HPC,local,synthetic,4096,leaf,4,0015-synthetic-n4096-leaf-t4-local,200,5.3033874999999995,5.36590095,5.433233550000001,5.302595500000001,5.29218563,24.5,21.6875,140.6875,0,0.0,200,0,0687bb27f05141a424b31da9247a1c02625c10a06caaa5ff34a33daeb97eabec,pre-delivered response acceptance only
HPC,memory_pressure,ethereum_rpc_finalized_json,69,ext_cached,0,0068-ethereum_rpc_finalized_json-n69-ext_cached-t0-memory_pressure,200,3.597532,7.274945399999999,7.42080237,3.5967725,3.72151517,88.7578125,85.8515625,142.46875,256,64.0,200,0,b30fd288c6fd25990944a24194c89dc578c58e3c230cc8ec278c49dc890c3c38,pre-delivered response acceptance only
HPC,memory_pressure,ethereum_rpc_finalized_json,69,ext_cached,1,0007-ethereum_rpc_finalized_json-n69-ext_cached-t1-memory_pressure,200,3.229541,6.664356199999999,6.70308118,3.2288295,3.54177876,89.109375,85.921875,138.73046875,256,64.0,200,0,b30fd288c6fd25990944a24194c89dc578c58e3c230cc8ec278c49dc890c3c38,pre-delivered response acceptance only
HPC,memory_pressure,ethereum_rpc_finalized_json,69,ext_cached,2,0005-ethereum_rpc_finalized_json-n69-ext_cached-t2-memory_pressure,200,3.5871885,7.098206299999999,7.14954831,3.5865125,3.831245335,88.7578125,86.01171875,137.66796875,256,64.0,200,0,b30fd288c6fd25990944a24194c89dc578c58e3c230cc8ec278c49dc890c3c38,pre-delivered response acceptance only
HPC,memory_pressure,ethereum_rpc_finalized_json,69,ext_cached,3,0004-ethereum_rpc_finalized_json-n69-ext_cached-t3-memory_pressure,200,3.6436615000000003,7.50012395,7.53165356,3.6429495000000003,3.880396405,88.72265625,85.8125,137.66796875,256,64.0,200,0,b30fd288c6fd25990944a24194c89dc578c58e3c230cc8ec278c49dc890c3c38,pre-delivered response acceptance only
HPC,memory_pressure,ethereum_rpc_finalized_json,69,ext_cached,4,0044-ethereum_rpc_finalized_json-n69-ext_cached-t4-memory_pressure,200,3.5599355,7.451517699999999,7.51820499,3.5593529999999998,3.833924705,90.80859375,85.70703125,141.57421875,256,64.0,200,0,b30fd288c6fd25990944a24194c89dc578c58e3c230cc8ec278c49dc890c3c38,pre-delivered response acceptance only
HPC,memory_pressure,ethereum_rpc_finalized_json,69,ext_rebuild,0,0008-ethereum_rpc_finalized_json-n69-ext_rebuild-t0-memory_pressure,200,3.5895479999999997,7.4684425999999995,7.53171225,3.5890035,3.73402348,88.76171875,85.859375,138.73046875,256,64.0,200,0,b30fd288c6fd25990944a24194c89dc578c58e3c230cc8ec278c49dc890c3c38,pre-delivered response acceptance only
HPC,memory_pressure,ethereum_rpc_finalized_json,69,ext_rebuild,1,0006-ethereum_rpc_finalized_json-n69-ext_rebuild-t1-memory_pressure,200,3.3042935,6.6602969,6.738175549999999,3.3036355,3.54484315,89.26171875,86.0234375,138.73046875,256,64.0,200,0,b30fd288c6fd25990944a24194c89dc578c58e3c230cc8ec278c49dc890c3c38,pre-delivered response acceptance only
HPC,memory_pressure,ethereum_rpc_finalized_json,69,ext_rebuild,2,0072-ethereum_rpc_finalized_json-n69-ext_rebuild-t2-memory_pressure,200,3.5680655000000003,7.13716215,7.15034713,3.567444,3.818411565,88.64453125,85.97265625,142.46875,256,64.0,200,0,b30fd288c6fd25990944a24194c89dc578c58e3c230cc8ec278c49dc890c3c38,pre-delivered response acceptance only
HPC,memory_pressure,ethereum_rpc_finalized_json,69,ext_rebuild,3,0058-ethereum_rpc_finalized_json-n69-ext_rebuild-t3-memory_pressure,200,3.6447745,7.37139655,7.390529470000001,3.643941,3.849010315,88.79296875,85.87890625,141.57421875,256,64.0,200,0,b30fd288c6fd25990944a24194c89dc578c58e3c230cc8ec278c49dc890c3c38,pre-delivered response acceptance only
HPC,memory_pressure,ethereum_rpc_finalized_json,69,ext_rebuild,4,0024-ethereum_rpc_finalized_json-n69-ext_rebuild-t4-memory_pressure,200,3.5683035,7.60286745,7.68944848,3.567702,3.862342205,90.953125,85.9765625,141.57421875,256,64.0,200,0,b30fd288c6fd25990944a24194c89dc578c58e3c230cc8ec278c49dc890c3c38,pre-delivered response acceptance only
HPC,memory_pressure,ethereum_rpc_finalized_json,69,full,0,0029-ethereum_rpc_finalized_json-n69-full-t0-memory_pressure,200,3.5867389999999997,7.419151549999999,7.5288207,3.586158,3.736228605,88.74609375,85.81640625,141.57421875,256,64.0,200,0,b30fd288c6fd25990944a24194c89dc578c58e3c230cc8ec278c49dc890c3c38,pre-delivered response acceptance only
HPC,memory_pressure,ethereum_rpc_finalized_json,69,full,1,0066-ethereum_rpc_finalized_json-n69-full-t1-memory_pressure,200,3.2287809999999997,6.6186742999999995,6.7142208,3.228179,3.53191614,89.06640625,85.83203125,142.46875,256,64.0,200,0,b30fd288c6fd25990944a24194c89dc578c58e3c230cc8ec278c49dc890c3c38,pre-delivered response acceptance only
HPC,memory_pressure,ethereum_rpc_finalized_json,69,full,2,0038-ethereum_rpc_finalized_json-n69-full-t2-memory_pressure,200,3.5806835,7.13802855,7.152788419999999,3.579491,3.83257396,88.64453125,85.96875,141.57421875,256,64.0,200,0,b30fd288c6fd25990944a24194c89dc578c58e3c230cc8ec278c49dc890c3c38,pre-delivered response acceptance only
HPC,memory_pressure,ethereum_rpc_finalized_json,69,full,3,0002-ethereum_rpc_finalized_json-n69-full-t3-memory_pressure,200,3.640771,7.50952985,7.54728103,3.640084,3.856492275,88.671875,85.703125,137.66796875,256,64.0,200,0,b30fd288c6fd25990944a24194c89dc578c58e3c230cc8ec278c49dc890c3c38,pre-delivered response acceptance only
HPC,memory_pressure,ethereum_rpc_finalized_json,69,full,4,0009-ethereum_rpc_finalized_json-n69-full-t4-memory_pressure,200,3.5853330000000003,7.52744695,7.5610877599999995,3.5847379999999998,3.86948495,90.6875,85.59765625,138.73046875,256,64.0,200,0,b30fd288c6fd25990944a24194c89dc578c58e3c230cc8ec278c49dc890c3c38,pre-delivered response acceptance only
HPC,memory_pressure,ethereum_rpc_finalized_json,69,leaf,0,0060-ethereum_rpc_finalized_json-n69-leaf-t0-memory_pressure,200,3.7311864999999997,7.14519225,7.308754339999999,3.7304145,3.865875795,88.5078125,85.70703125,141.57421875,256,64.0,200,0,b30fd288c6fd25990944a24194c89dc578c58e3c230cc8ec278c49dc890c3c38,pre-delivered response acceptance only
HPC,memory_pressure,ethereum_rpc_finalized_json,69,leaf,1,0010-ethereum_rpc_finalized_json-n69-leaf-t1-memory_pressure,200,3.4375305000000003,7.065630249999999,7.2157395,3.4367615000000002,3.73643457,88.61328125,85.84765625,138.73046875,256,64.0,200,0,b30fd288c6fd25990944a24194c89dc578c58e3c230cc8ec278c49dc890c3c38,pre-delivered response acceptance only
HPC,memory_pressure,ethereum_rpc_finalized_json,69,leaf,2,0067-ethereum_rpc_finalized_json-n69-leaf-t2-memory_pressure,200,3.7163585,7.2448671,7.32712961,3.715761,3.971025015,88.328125,85.8671875,142.46875,256,64.0,200,0,b30fd288c6fd25990944a24194c89dc578c58e3c230cc8ec278c49dc890c3c38,pre-delivered response acceptance only
HPC,memory_pressure,ethereum_rpc_finalized_json,69,leaf,3,0013-ethereum_rpc_finalized_json-n69-leaf-t3-memory_pressure,200,3.803777,7.6182037,7.76355162,3.8030195,4.017664875,88.41015625,85.8203125,139.9609375,256,64.0,200,0,b30fd288c6fd25990944a24194c89dc578c58e3c230cc8ec278c49dc890c3c38,pre-delivered response acceptance only
HPC,memory_pressure,ethereum_rpc_finalized_json,69,leaf,4,0057-ethereum_rpc_finalized_json-n69-leaf-t4-memory_pressure,200,3.745701,7.80953525,7.90764332,3.745106,3.999467385,90.44921875,85.96875,141.57421875,256,64.0,200,0,b30fd288c6fd25990944a24194c89dc578c58e3c230cc8ec278c49dc890c3c38,pre-delivered response acceptance only
HPC,memory_pressure,synthetic,512,ext_cached,0,0023-synthetic-n512-ext_cached-t0-memory_pressure,200,0.169731,0.17426674999999997,0.17751198999999993,0.169357,0.169232925,85.62890625,85.62890625,141.57421875,256,64.0,200,0,399484347219683dce319075ea78057e1e8ffcce90859b513ec913109fec9398,pre-delivered response acceptance only
HPC,memory_pressure,synthetic,512,ext_cached,1,0016-synthetic-n512-ext_cached-t1-memory_pressure,200,0.171488,0.17512225,0.17849174999999992,0.171102,0.170850655,85.8203125,85.8203125,140.6875,256,64.0,200,0,399484347219683dce319075ea78057e1e8ffcce90859b513ec913109fec9398,pre-delivered response acceptance only
HPC,memory_pressure,synthetic,512,ext_cached,2,0070-synthetic-n512-ext_cached-t2-memory_pressure,200,0.1735235,0.18798594999999999,0.20485252999999995,0.173142,0.173881715,85.92578125,85.92578125,142.46875,256,64.0,200,0,399484347219683dce319075ea78057e1e8ffcce90859b513ec913109fec9398,pre-delivered response acceptance only
HPC,memory_pressure,synthetic,512,ext_cached,3,0061-synthetic-n512-ext_cached-t3-memory_pressure,200,0.172157,0.18280914999999998,0.20696198999999998,0.171812,0.172586915,85.98046875,85.98046875,141.57421875,256,64.0,200,0,399484347219683dce319075ea78057e1e8ffcce90859b513ec913109fec9398,pre-delivered response acceptance only
HPC,memory_pressure,synthetic,512,ext_cached,4,0032-synthetic-n512-ext_cached-t4-memory_pressure,200,0.16948400000000002,0.1734383,0.17533332999999993,0.1691,0.168781525,85.94140625,85.94140625,141.57421875,256,64.0,200,0,399484347219683dce319075ea78057e1e8ffcce90859b513ec913109fec9398,pre-delivered response acceptance only
HPC,memory_pressure,synthetic,512,ext_rebuild,0,0043-synthetic-n512-ext_rebuild-t0-memory_pressure,200,0.1694255,0.1734905,0.17575547999999994,0.1690645,0.168886875,85.9921875,85.9921875,141.57421875,256,64.0,200,0,399484347219683dce319075ea78057e1e8ffcce90859b513ec913109fec9398,pre-delivered response acceptance only
HPC,memory_pressure,synthetic,512,ext_rebuild,1,0035-synthetic-n512-ext_rebuild-t1-memory_pressure,200,0.1719975,0.17621065,0.17900561999999998,0.171631,0.17136458,85.82421875,85.82421875,141.57421875,256,64.0,200,0,399484347219683dce319075ea78057e1e8ffcce90859b513ec913109fec9398,pre-delivered response acceptance only
HPC,memory_pressure,synthetic,512,ext_rebuild,2,0030-synthetic-n512-ext_rebuild-t2-memory_pressure,200,0.16994900000000002,0.1748218,0.1825757299999996,0.1695805,0.169726505,85.97265625,85.97265625,141.57421875,256,64.0,200,0,399484347219683dce319075ea78057e1e8ffcce90859b513ec913109fec9398,pre-delivered response acceptance only
HPC,memory_pressure,synthetic,512,ext_rebuild,3,0034-synthetic-n512-ext_rebuild-t3-memory_pressure,200,0.172623,0.18853219999999996,0.19625028999999983,0.172248,0.172973555,85.875,85.875,141.57421875,256,64.0,200,0,399484347219683dce319075ea78057e1e8ffcce90859b513ec913109fec9398,pre-delivered response acceptance only
HPC,memory_pressure,synthetic,512,ext_rebuild,4,0046-synthetic-n512-ext_rebuild-t4-memory_pressure,200,0.1691025,0.1744445,0.17783237,0.168703,0.168380345,85.97265625,85.97265625,141.57421875,256,64.0,200,0,399484347219683dce319075ea78057e1e8ffcce90859b513ec913109fec9398,pre-delivered response acceptance only
HPC,memory_pressure,synthetic,512,full,0,0033-synthetic-n512-full-t0-memory_pressure,200,0.171213,0.175226,0.18111626999999994,0.170831,0.17056067,85.90625,85.90625,141.57421875,256,64.0,200,0,399484347219683dce319075ea78057e1e8ffcce90859b513ec913109fec9398,pre-delivered response acceptance only
HPC,memory_pressure,synthetic,512,full,1,0059-synthetic-n512-full-t1-memory_pressure,200,0.17294500000000002,0.1859418,0.198347,0.17252699999999999,0.173060155,86.0234375,86.0234375,141.57421875,256,64.0,200,0,399484347219683dce319075ea78057e1e8ffcce90859b513ec913109fec9398,pre-delivered response acceptance only
HPC,memory_pressure,synthetic,512,full,2,0000-synthetic-n512-full-t2-memory_pressure,200,0.172608,0.18431424999999993,0.20366644999999986,0.17219099999999998,0.17283188,85.9296875,85.9296875,106.27734375,256,64.0,200,0,399484347219683dce319075ea78057e1e8ffcce90859b513ec913109fec9398,pre-delivered response acceptance only
HPC,memory_pressure,synthetic,512,full,3,0049-synthetic-n512-full-t3-memory_pressure,200,0.16999550000000002,0.17452465,0.17955475999999992,0.1696515,0.16953033,85.8515625,85.8515625,141.57421875,256,64.0,200,0,399484347219683dce319075ea78057e1e8ffcce90859b513ec913109fec9398,pre-delivered response acceptance only
HPC,memory_pressure,synthetic,512,full,4,0042-synthetic-n512-full-t4-memory_pressure,200,0.169884,0.1737033,0.17775137,0.169531,0.169090725,85.68359375,85.68359375,141.57421875,256,64.0,200,0,399484347219683dce319075ea78057e1e8ffcce90859b513ec913109fec9398,pre-delivered response acceptance only
HPC,memory_pressure,synthetic,512,leaf,0,0028-synthetic-n512-leaf-t0-memory_pressure,200,0.815212,0.8195896,0.82383058,0.8146819999999999,0.81186066,86.1484375,85.61328125,141.57421875,256,64.0,200,0,399484347219683dce319075ea78057e1e8ffcce90859b513ec913109fec9398,pre-delivered response acceptance only
HPC,memory_pressure,synthetic,512,leaf,1,0062-synthetic-n512-leaf-t1-memory_pressure,200,0.8192405,0.82419285,0.82804156,0.8188095,0.81586031,86.45703125,85.96484375,141.57421875,256,64.0,200,0,399484347219683dce319075ea78057e1e8ffcce90859b513ec913109fec9398,pre-delivered response acceptance only
HPC,memory_pressure,synthetic,512,leaf,2,0027-synthetic-n512-leaf-t2-memory_pressure,200,0.8224705,0.8395113,0.8558623099999997,0.8219175000000001,0.82003183,86.1953125,85.66015625,141.57421875,256,64.0,200,0,399484347219683dce319075ea78057e1e8ffcce90859b513ec913109fec9398,pre-delivered response acceptance only
HPC,memory_pressure,synthetic,512,leaf,3,0025-synthetic-n512-leaf-t3-memory_pressure,200,0.8279915,0.90650455,0.927707,0.8275980000000001,0.83313462,86.26953125,85.77734375,141.57421875,256,64.0,200,0,399484347219683dce319075ea78057e1e8ffcce90859b513ec913109fec9398,pre-delivered response acceptance only
HPC,memory_pressure,synthetic,512,leaf,4,0048-synthetic-n512-leaf-t4-memory_pressure,200,0.8173825,0.82172375,0.8394415799999995,0.8168965,0.81458668,86.1875,85.65234375,141.57421875,256,64.0,200,0,399484347219683dce319075ea78057e1e8ffcce90859b513ec913109fec9398,pre-delivered response acceptance only
HPC,memory_pressure,synthetic,4096,ext_cached,0,0069-synthetic-n4096-ext_cached-t0-memory_pressure,200,0.17604150000000002,0.18106015,0.1881274299999994,0.17570950000000002,0.176181245,85.84765625,85.84765625,142.46875,256,64.0,200,0,0687bb27f05141a424b31da9247a1c02625c10a06caaa5ff34a33daeb97eabec,pre-delivered response acceptance only
HPC,memory_pressure,synthetic,4096,ext_cached,1,0001-synthetic-n4096-ext_cached-t1-memory_pressure,200,0.1772535,0.18285425,0.1906521799999994,0.17688500000000001,0.177465545,85.7109375,85.7109375,113.71484375,256,64.0,200,0,0687bb27f05141a424b31da9247a1c02625c10a06caaa5ff34a33daeb97eabec,pre-delivered response acceptance only
HPC,memory_pressure,synthetic,4096,ext_cached,2,0037-synthetic-n4096-ext_cached-t2-memory_pressure,200,0.1768905,0.18754824999999994,0.20487192999999976,0.176502,0.177326535,85.82421875,85.82421875,141.57421875,256,64.0,200,0,0687bb27f05141a424b31da9247a1c02625c10a06caaa5ff34a33daeb97eabec,pre-delivered response acceptance only
HPC,memory_pressure,synthetic,4096,ext_cached,3,0055-synthetic-n4096-ext_cached-t3-memory_pressure,200,0.17749,0.18149964999999998,0.19365485999999943,0.17712,0.17753393,86.01953125,86.01953125,141.57421875,256,64.0,200,0,0687bb27f05141a424b31da9247a1c02625c10a06caaa5ff34a33daeb97eabec,pre-delivered response acceptance only
HPC,memory_pressure,synthetic,4096,ext_cached,4,0047-synthetic-n4096-ext_cached-t4-memory_pressure,200,0.175941,0.18000315,0.18774129999999944,0.175565,0.17612166,85.953125,85.953125,141.57421875,256,64.0,200,0,0687bb27f05141a424b31da9247a1c02625c10a06caaa5ff34a33daeb97eabec,pre-delivered response acceptance only
HPC,memory_pressure,synthetic,4096,ext_rebuild,0,0036-synthetic-n4096-ext_rebuild-t0-memory_pressure,200,0.1751565,0.1799218,0.1896266199999994,0.17477,0.17514784,86.0390625,86.0390625,141.57421875,256,64.0,200,0,0687bb27f05141a424b31da9247a1c02625c10a06caaa5ff34a33daeb97eabec,pre-delivered response acceptance only
HPC,memory_pressure,synthetic,4096,ext_rebuild,1,0039-synthetic-n4096-ext_rebuild-t1-memory_pressure,200,0.176056,0.1806401,0.19001533999999945,0.1756745,0.176200505,85.640625,85.640625,141.57421875,256,64.0,200,0,0687bb27f05141a424b31da9247a1c02625c10a06caaa5ff34a33daeb97eabec,pre-delivered response acceptance only
HPC,memory_pressure,synthetic,4096,ext_rebuild,2,0020-synthetic-n4096-ext_rebuild-t2-memory_pressure,200,0.1757125,0.18030949999999998,0.18514378999999934,0.1753285,0.17578404,86.01171875,86.01171875,141.57421875,256,64.0,200,0,0687bb27f05141a424b31da9247a1c02625c10a06caaa5ff34a33daeb97eabec,pre-delivered response acceptance only
HPC,memory_pressure,synthetic,4096,ext_rebuild,3,0014-synthetic-n4096-ext_rebuild-t3-memory_pressure,200,0.1743905,0.1788126,0.20670068999999958,0.173987,0.1746604,86.0234375,86.0234375,139.9609375,256,64.0,200,0,0687bb27f05141a424b31da9247a1c02625c10a06caaa5ff34a33daeb97eabec,pre-delivered response acceptance only
HPC,memory_pressure,synthetic,4096,ext_rebuild,4,0021-synthetic-n4096-ext_rebuild-t4-memory_pressure,200,0.178105,0.18268865,0.20636278999999955,0.1777215,0.178413915,85.80859375,85.80859375,141.57421875,256,64.0,200,0,0687bb27f05141a424b31da9247a1c02625c10a06caaa5ff34a33daeb97eabec,pre-delivered response acceptance only
HPC,memory_pressure,synthetic,4096,full,0,0011-synthetic-n4096-full-t0-memory_pressure,200,0.177146,0.18713099999999988,0.20342913999999976,0.176824,0.177597425,85.875,85.875,139.9609375,256,64.0,200,0,0687bb27f05141a424b31da9247a1c02625c10a06caaa5ff34a33daeb97eabec,pre-delivered response acceptance only
HPC,memory_pressure,synthetic,4096,full,1,0054-synthetic-n4096-full-t1-memory_pressure,200,0.17896099999999998,0.18354815,0.19396045999999945,0.17857250000000002,0.179086,85.984375,85.984375,141.57421875,256,64.0,200,0,0687bb27f05141a424b31da9247a1c02625c10a06caaa5ff34a33daeb97eabec,pre-delivered response acceptance only
HPC,memory_pressure,synthetic,4096,full,2,0022-synthetic-n4096-full-t2-memory_pressure,200,0.175258,0.17946910000000002,0.1912043499999997,0.174869,0.17512673,85.9375,85.9375,141.57421875,256,64.0,200,0,0687bb27f05141a424b31da9247a1c02625c10a06caaa5ff34a33daeb97eabec,pre-delivered response acceptance only
HPC,memory_pressure,synthetic,4096,full,3,0003-synthetic-n4096-full-t3-memory_pressure,200,0.1738385,0.1780006,0.1859249899999997,0.1734635,0.173739015,85.84765625,85.84765625,137.66796875,256,64.0,200,0,0687bb27f05141a424b31da9247a1c02625c10a06caaa5ff34a33daeb97eabec,pre-delivered response acceptance only
HPC,memory_pressure,synthetic,4096,full,4,0019-synthetic-n4096-full-t4-memory_pressure,200,0.1789425,0.18667255,0.2051163499999995,0.178567,0.17941162,85.94140625,85.94140625,141.05859375,256,64.0,200,0,0687bb27f05141a424b31da9247a1c02625c10a06caaa5ff34a33daeb97eabec,pre-delivered response acceptance only
HPC,memory_pressure,synthetic,4096,leaf,0,0018-synthetic-n4096-leaf-t0-memory_pressure,200,5.2386305,5.26207535,5.770115499999999,5.237991,5.23525234,88.44140625,85.88671875,140.94140625,256,64.0,200,0,0687bb27f05141a424b31da9247a1c02625c10a06caaa5ff34a33daeb97eabec,pre-delivered response acceptance only
HPC,memory_pressure,synthetic,4096,leaf,1,0045-synthetic-n4096-leaf-t1-memory_pressure,200,5.228693,5.30719325,5.36861682,5.2280755,5.209230155,88.40234375,85.859375,141.57421875,256,64.0,200,0,0687bb27f05141a424b31da9247a1c02625c10a06caaa5ff34a33daeb97eabec,pre-delivered response acceptance only
HPC,memory_pressure,synthetic,4096,leaf,2,0026-synthetic-n4096-leaf-t2-memory_pressure,200,5.240997999999999,5.262904,5.335985229999999,5.2403379999999995,5.22935112,88.5390625,85.984375,141.57421875,256,64.0,200,0,0687bb27f05141a424b31da9247a1c02625c10a06caaa5ff34a33daeb97eabec,pre-delivered response acceptance only
HPC,memory_pressure,synthetic,4096,leaf,3,0017-synthetic-n4096-leaf-t3-memory_pressure,200,5.211158,5.25587085,5.48358633,5.210569,5.20144702,88.44140625,85.88671875,140.6875,256,64.0,200,0,0687bb27f05141a424b31da9247a1c02625c10a06caaa5ff34a33daeb97eabec,pre-delivered response acceptance only
HPC,memory_pressure,synthetic,4096,leaf,4,0015-synthetic-n4096-leaf-t4-memory_pressure,200,5.2465969999999995,5.2760565,5.2876978900000005,5.2460015,5.226635875,88.5234375,86.0390625,140.6875,256,64.0,200,0,0687bb27f05141a424b31da9247a1c02625c10a06caaa5ff34a33daeb97eabec,pre-delivered response acceptance only
HPC,original_e2,synthetic,512,B1_verified,0,original-n512-B1_verified-t0,200,0.1292125,0.1356458,0.14761670999999998,,,,,,,,,,,unchanged original E2 acceptance after in-process handoff
HPC,original_e2,synthetic,512,B1_verified,1,original-n512-B1_verified-t1,200,0.13139800000000001,0.1391625,0.14796593999999993,,,,,,,,,,,unchanged original E2 acceptance after in-process handoff
HPC,original_e2,synthetic,512,B1_verified,2,original-n512-B1_verified-t2,200,0.1316775,0.13455430000000002,0.14517402,,,,,,,,,,,unchanged original E2 acceptance after in-process handoff
HPC,original_e2,synthetic,512,B1_verified,3,original-n512-B1_verified-t3,200,0.130378,0.133385,0.14402729999999997,,,,,,,,,,,unchanged original E2 acceptance after in-process handoff
HPC,original_e2,synthetic,512,B1_verified,4,original-n512-B1_verified-t4,200,0.126415,0.1296527,0.13749096999999993,,,,,,,,,,,unchanged original E2 acceptance after in-process handoff
HPC,original_e2,synthetic,512,B2_full,0,original-n512-B2_full-t0,200,0.130302,0.14252025,0.14973641000000001,,,,,,,,,,,unchanged original E2 acceptance after in-process handoff
HPC,original_e2,synthetic,512,B2_full,1,original-n512-B2_full-t1,200,0.1322915,0.13970029999999997,0.14936786999999999,,,,,,,,,,,unchanged original E2 acceptance after in-process handoff
HPC,original_e2,synthetic,512,B2_full,2,original-n512-B2_full-t2,200,0.1286505,0.1404467,0.1488730799999999,,,,,,,,,,,unchanged original E2 acceptance after in-process handoff
HPC,original_e2,synthetic,512,B2_full,3,original-n512-B2_full-t3,200,0.13091150000000001,0.1344532,0.14604752,,,,,,,,,,,unchanged original E2 acceptance after in-process handoff
HPC,original_e2,synthetic,512,B2_full,4,original-n512-B2_full-t4,200,0.1267475,0.12967605000000001,0.13408882999999996,,,,,,,,,,,unchanged original E2 acceptance after in-process handoff
HPC,original_e2,synthetic,512,B3_leaf,0,original-n512-B3_leaf-t0,200,0.6458315,0.71301405,0.7303142899999999,,,,,,,,,,,unchanged original E2 acceptance after in-process handoff
HPC,original_e2,synthetic,512,B3_leaf,1,original-n512-B3_leaf-t1,200,0.644543,0.66133475,0.66728023,,,,,,,,,,,unchanged original E2 acceptance after in-process handoff
HPC,original_e2,synthetic,512,B3_leaf,2,original-n512-B3_leaf-t2,200,0.6476445,0.6700991000000001,0.7136895699999998,,,,,,,,,,,unchanged original E2 acceptance after in-process handoff
HPC,original_e2,synthetic,512,B3_leaf,3,original-n512-B3_leaf-t3,200,0.640607,0.6659037999999999,0.6739661699999999,,,,,,,,,,,unchanged original E2 acceptance after in-process handoff
HPC,original_e2,synthetic,512,B3_leaf,4,original-n512-B3_leaf-t4,200,0.6377360000000001,0.64133335,0.6698770199999999,,,,,,,,,,,unchanged original E2 acceptance after in-process handoff
HPC,original_e2,synthetic,512,B4_ext,0,original-n512-B4_ext-t0,200,0.13138149999999998,0.14036905,0.14800137,,,,,,,,,,,unchanged original E2 acceptance after in-process handoff
HPC,original_e2,synthetic,512,B4_ext,1,original-n512-B4_ext-t1,200,0.1310645,0.1403327,0.14798091999999996,,,,,,,,,,,unchanged original E2 acceptance after in-process handoff
HPC,original_e2,synthetic,512,B4_ext,2,original-n512-B4_ext-t2,200,0.1285755,0.1347552,0.14750440999999997,,,,,,,,,,,unchanged original E2 acceptance after in-process handoff
HPC,original_e2,synthetic,512,B4_ext,3,original-n512-B4_ext-t3,200,0.12860149999999998,0.1343507,0.14803436,,,,,,,,,,,unchanged original E2 acceptance after in-process handoff
HPC,original_e2,synthetic,512,B4_ext,4,original-n512-B4_ext-t4,200,0.1281525,0.13316485,0.14451319999999998,,,,,,,,,,,unchanged original E2 acceptance after in-process handoff
HPC,original_e2,synthetic,4096,B1_verified,0,original-n4096-B1_verified-t0,200,0.1313685,0.13420100000000001,0.1400522999999999,,,,,,,,,,,unchanged original E2 acceptance after in-process handoff
HPC,original_e2,synthetic,4096,B1_verified,1,original-n4096-B1_verified-t1,200,0.1309705,0.13557734999999999,0.14548298999999992,,,,,,,,,,,unchanged original E2 acceptance after in-process handoff
HPC,original_e2,synthetic,4096,B1_verified,2,original-n4096-B1_verified-t2,200,0.132742,0.13676560000000001,0.15145310999999997,,,,,,,,,,,unchanged original E2 acceptance after in-process handoff
HPC,original_e2,synthetic,4096,B1_verified,3,original-n4096-B1_verified-t3,200,0.1313765,0.13972475,0.15178332999999994,,,,,,,,,,,unchanged original E2 acceptance after in-process handoff
HPC,original_e2,synthetic,4096,B1_verified,4,original-n4096-B1_verified-t4,200,0.133044,0.14455505,0.15308648,,,,,,,,,,,unchanged original E2 acceptance after in-process handoff
HPC,original_e2,synthetic,4096,B2_full,0,original-n4096-B2_full-t0,200,0.1304835,0.13555764999999997,0.15145767999999993,,,,,,,,,,,unchanged original E2 acceptance after in-process handoff
HPC,original_e2,synthetic,4096,B2_full,1,original-n4096-B2_full-t1,200,0.13029449999999998,0.137822,0.15197865,,,,,,,,,,,unchanged original E2 acceptance after in-process handoff
HPC,original_e2,synthetic,4096,B2_full,2,original-n4096-B2_full-t2,200,0.1335955,0.14454689999999998,0.15405447999999997,,,,,,,,,,,unchanged original E2 acceptance after in-process handoff
HPC,original_e2,synthetic,4096,B2_full,3,original-n4096-B2_full-t3,200,0.13111850000000003,0.13351605,0.13642995999999996,,,,,,,,,,,unchanged original E2 acceptance after in-process handoff
HPC,original_e2,synthetic,4096,B2_full,4,original-n4096-B2_full-t4,200,0.1352605,0.14072069999999998,0.15424895999999996,,,,,,,,,,,unchanged original E2 acceptance after in-process handoff
HPC,original_e2,synthetic,4096,B3_leaf,0,original-n4096-B3_leaf-t0,200,4.140329,4.2205141500000005,4.255706439999999,,,,,,,,,,,unchanged original E2 acceptance after in-process handoff
HPC,original_e2,synthetic,4096,B3_leaf,1,original-n4096-B3_leaf-t1,200,4.190655,4.3128974,4.45433439,,,,,,,,,,,unchanged original E2 acceptance after in-process handoff
HPC,original_e2,synthetic,4096,B3_leaf,2,original-n4096-B3_leaf-t2,200,4.1118325,4.20165595,4.22586706,,,,,,,,,,,unchanged original E2 acceptance after in-process handoff
HPC,original_e2,synthetic,4096,B3_leaf,3,original-n4096-B3_leaf-t3,200,4.127872999999999,4.21879605,4.25203003,,,,,,,,,,,unchanged original E2 acceptance after in-process handoff
HPC,original_e2,synthetic,4096,B3_leaf,4,original-n4096-B3_leaf-t4,200,4.1356865,4.1971093,4.28504931,,,,,,,,,,,unchanged original E2 acceptance after in-process handoff
HPC,original_e2,synthetic,4096,B4_ext,0,original-n4096-B4_ext-t0,200,0.1312165,0.13845154999999998,0.15195139999999988,,,,,,,,,,,unchanged original E2 acceptance after in-process handoff
HPC,original_e2,synthetic,4096,B4_ext,1,original-n4096-B4_ext-t1,200,0.1337255,0.13761445,0.15030839999999998,,,,,,,,,,,unchanged original E2 acceptance after in-process handoff
HPC,original_e2,synthetic,4096,B4_ext,2,original-n4096-B4_ext-t2,200,0.1325925,0.1390416,0.15267291999999977,,,,,,,,,,,unchanged original E2 acceptance after in-process handoff
HPC,original_e2,synthetic,4096,B4_ext,3,original-n4096-B4_ext-t3,200,0.1347235,0.13857745,0.14940269,,,,,,,,,,,unchanged original E2 acceptance after in-process handoff
HPC,original_e2,synthetic,4096,B4_ext,4,original-n4096-B4_ext-t4,200,0.13339600000000001,0.13998524999999998,0.14666884999999996,,,,,,,,,,,unchanged original E2 acceptance after in-process handoff
Pi_Ethernet,archive_retrieval,ethereum_rpc_finalized_json,69,archive,0,0012-ethereum_rpc_finalized_json-n69-archive-t0-archive_retrieval,200,17.1398995,35.0093335,35.102357469999994,10.1704695,10.64324429,27.39453125,23.96875,267.80859375,0,0.0,200,0,b30fd288c6fd25990944a24194c89dc578c58e3c230cc8ec278c49dc890c3c38,request/read through verified acceptance
Pi_Ethernet,archive_retrieval,ethereum_rpc_finalized_json,69,archive,1,0053-ethereum_rpc_finalized_json-n69-archive-t1-archive_retrieval,200,16.643864,33.9522628,34.04256347,9.3278645,10.217222855,27.3046875,23.96484375,269.86328125,0,0.0,200,0,b30fd288c6fd25990944a24194c89dc578c58e3c230cc8ec278c49dc890c3c38,request/read through verified acceptance
Pi_Ethernet,archive_retrieval,ethereum_rpc_finalized_json,69,archive,2,0056-ethereum_rpc_finalized_json-n69-archive-t2-archive_retrieval,200,17.401249999999997,35.61954735,35.847106999999994,10.1213975,10.841436445,27.7421875,23.96875,269.86328125,0,0.0,200,0,b30fd288c6fd25990944a24194c89dc578c58e3c230cc8ec278c49dc890c3c38,request/read through verified acceptance
Pi_Ethernet,archive_retrieval,ethereum_rpc_finalized_json,69,archive,3,0071-ethereum_rpc_finalized_json-n69-archive-t3-archive_retrieval,200,17.9500755,36.70425845,37.072500039999994,10.493077,10.99758782,28.16796875,23.96484375,277.3203125,0,0.0,200,0,b30fd288c6fd25990944a24194c89dc578c58e3c230cc8ec278c49dc890c3c38,request/read through verified acceptance
Pi_Ethernet,archive_retrieval,ethereum_rpc_finalized_json,69,archive,4,0051-ethereum_rpc_finalized_json-n69-archive-t4-archive_retrieval,200,17.612060999999997,36.5652882,36.65161232,10.2610065,10.89807843,30.10546875,23.96875,269.86328125,0,0.0,200,0,b30fd288c6fd25990944a24194c89dc578c58e3c230cc8ec278c49dc890c3c38,request/read through verified acceptance
Pi_Ethernet,archive_retrieval,synthetic,512,archive,0,0064-synthetic-n512-archive-t0-archive_retrieval,200,1.6135665000000001,1.68066315,2.1672192100000003,0.561185,0.561996055,24.61328125,23.98046875,271.38671875,0,0.0,200,0,399484347219683dce319075ea78057e1e8ffcce90859b513ec913109fec9398,request/read through verified acceptance
Pi_Ethernet,archive_retrieval,synthetic,512,archive,1,0041-synthetic-n512-archive-t1-archive_retrieval,200,1.5977234999999999,1.6877564,1.8202681299999997,0.5595465,0.5599814,24.61328125,23.98046875,269.375,0,0.0,200,0,399484347219683dce319075ea78057e1e8ffcce90859b513ec913109fec9398,request/read through verified acceptance
Pi_Ethernet,archive_retrieval,synthetic,512,archive,2,0063-synthetic-n512-archive-t2-archive_retrieval,200,1.6314635000000002,1.67438005,1.7087027,0.5676760000000001,0.566976635,24.6171875,23.98046875,271.38671875,0,0.0,200,0,399484347219683dce319075ea78057e1e8ffcce90859b513ec913109fec9398,request/read through verified acceptance
Pi_Ethernet,archive_retrieval,synthetic,512,archive,3,0074-synthetic-n512-archive-t3-archive_retrieval,200,1.60419,1.6827518,1.8808623299999974,0.565224,0.565935965,24.61328125,23.98046875,277.3203125,0,0.0,200,0,399484347219683dce319075ea78057e1e8ffcce90859b513ec913109fec9398,request/read through verified acceptance
Pi_Ethernet,archive_retrieval,synthetic,512,archive,4,0052-synthetic-n512-archive-t4-archive_retrieval,200,1.6096215,1.65864455,1.6862414,0.5627225,0.56232417,24.609375,23.9765625,269.86328125,0,0.0,200,0,399484347219683dce319075ea78057e1e8ffcce90859b513ec913109fec9398,request/read through verified acceptance
Pi_Ethernet,archive_retrieval,synthetic,4096,archive,0,0050-synthetic-n4096-archive-t0-archive_retrieval,200,1.6763240000000001,1.73614035,2.13453699,0.5903235,0.5919325,24.60546875,23.97265625,269.86328125,0,0.0,200,0,0687bb27f05141a424b31da9247a1c02625c10a06caaa5ff34a33daeb97eabec,request/read through verified acceptance
Pi_Ethernet,archive_retrieval,synthetic,4096,archive,1,0065-synthetic-n4096-archive-t1-archive_retrieval,200,1.685092,1.7413018,1.7989484599999992,0.5909995,0.590544235,24.60546875,23.97265625,271.38671875,0,0.0,200,0,0687bb27f05141a424b31da9247a1c02625c10a06caaa5ff34a33daeb97eabec,request/read through verified acceptance
Pi_Ethernet,archive_retrieval,synthetic,4096,archive,2,0040-synthetic-n4096-archive-t2-archive_retrieval,200,1.6961285,1.76220425,2.1315023499999985,0.5902215,0.592034395,24.609375,23.9765625,269.375,0,0.0,200,0,0687bb27f05141a424b31da9247a1c02625c10a06caaa5ff34a33daeb97eabec,request/read through verified acceptance
Pi_Ethernet,archive_retrieval,synthetic,4096,archive,3,0073-synthetic-n4096-archive-t3-archive_retrieval,200,1.694003,1.7620556499999998,2.1525390999999994,0.590325,0.59275678,24.59375,23.97265625,277.3203125,0,0.0,200,0,0687bb27f05141a424b31da9247a1c02625c10a06caaa5ff34a33daeb97eabec,request/read through verified acceptance
Pi_Ethernet,archive_retrieval,synthetic,4096,archive,4,0031-synthetic-n4096-archive-t4-archive_retrieval,200,1.7000635,1.7997492499999996,2.1004566599999994,0.59362,0.596440005,24.609375,23.9765625,268.0078125,0,0.0,200,0,0687bb27f05141a424b31da9247a1c02625c10a06caaa5ff34a33daeb97eabec,request/read through verified acceptance
Pi_Ethernet,local,ethereum_rpc_finalized_json,69,archive,0,0012-ethereum_rpc_finalized_json-n69-archive-t0-local,200,10.278291,21.1897454,21.248448059999998,10.275051,10.74106786,26.83984375,23.97265625,267.80859375,0,0.0,200,0,b30fd288c6fd25990944a24194c89dc578c58e3c230cc8ec278c49dc890c3c38,pre-delivered response acceptance only
Pi_Ethernet,local,ethereum_rpc_finalized_json,69,archive,1,0053-ethereum_rpc_finalized_json-n69-archive-t1-local,200,9.3355405,18.8369189,18.932740589999998,9.3314565,10.185331035,27.109375,23.96484375,269.86328125,0,0.0,200,0,b30fd288c6fd25990944a24194c89dc578c58e3c230cc8ec278c49dc890c3c38,pre-delivered response acceptance only
Pi_Ethernet,local,ethereum_rpc_finalized_json,69,archive,2,0056-ethereum_rpc_finalized_json-n69-archive-t2-local,200,10.268756,20.419775599999987,21.163614369999998,10.2653955,11.050642615,27.2265625,23.9609375,269.86328125,0,0.0,200,0,b30fd288c6fd25990944a24194c89dc578c58e3c230cc8ec278c49dc890c3c38,pre-delivered response acceptance only
Pi_Ethernet,local,ethereum_rpc_finalized_json,69,archive,3,0071-ethereum_rpc_finalized_json-n69-archive-t3-local,200,10.4514205,21.10521035,21.16160958,10.447199,11.045084935,27.26953125,23.97265625,277.3203125,0,0.0,200,0,b30fd288c6fd25990944a24194c89dc578c58e3c230cc8ec278c49dc890c3c38,pre-delivered response acceptance only
Pi_Ethernet,local,ethereum_rpc_finalized_json,69,archive,4,0051-ethereum_rpc_finalized_json-n69-archive-t4-local,200,10.159590999999999,21.71964405,21.782673250000002,10.1563415,11.128337205,29.01171875,23.96875,269.86328125,0,0.0,200,0,b30fd288c6fd25990944a24194c89dc578c58e3c230cc8ec278c49dc890c3c38,pre-delivered response acceptance only
Pi_Ethernet,local,ethereum_rpc_finalized_json,69,ext_cached,0,0068-ethereum_rpc_finalized_json-n69-ext_cached-t0-local,200,10.301617499999999,21.26730855,21.34440993,10.297867499999999,10.745967565,26.8203125,23.94140625,277.3203125,0,0.0,200,0,b30fd288c6fd25990944a24194c89dc578c58e3c230cc8ec278c49dc890c3c38,pre-delivered response acceptance only
Pi_Ethernet,local,ethereum_rpc_finalized_json,69,ext_cached,1,0007-ethereum_rpc_finalized_json-n69-ext_cached-t1-local,200,9.338804,18.878720299999998,18.902784,9.334536,10.19406251,27.11328125,23.953125,267.8046875,0,0.0,200,0,b30fd288c6fd25990944a24194c89dc578c58e3c230cc8ec278c49dc890c3c38,pre-delivered response acceptance only
Pi_Ethernet,local,ethereum_rpc_finalized_json,69,ext_cached,2,0005-ethereum_rpc_finalized_json-n69-ext_cached-t2-local,200,10.3193135,21.132791649999998,21.251098990000003,10.3153225,11.062322115,26.73046875,23.95703125,267.38671875,0,0.0,200,0,b30fd288c6fd25990944a24194c89dc578c58e3c230cc8ec278c49dc890c3c38,pre-delivered response acceptance only
Pi_Ethernet,local,ethereum_rpc_finalized_json,69,ext_cached,3,0004-ethereum_rpc_finalized_json-n69-ext_cached-t3-local,200,10.466412,21.26733705,21.34432359,10.4620695,11.067292215,27.26171875,23.94921875,265.625,0,0.0,200,0,b30fd288c6fd25990944a24194c89dc578c58e3c230cc8ec278c49dc890c3c38,pre-delivered response acceptance only
Pi_Ethernet,local,ethereum_rpc_finalized_json,69,ext_cached,4,0044-ethereum_rpc_finalized_json-n69-ext_cached-t4-local,200,10.155766499999999,21.677702999999998,21.76191841,10.1516,11.103450685,29.0078125,23.94921875,269.86328125,0,0.0,200,0,b30fd288c6fd25990944a24194c89dc578c58e3c230cc8ec278c49dc890c3c38,pre-delivered response acceptance only
Pi_Ethernet,local,ethereum_rpc_finalized_json,69,ext_rebuild,0,0008-ethereum_rpc_finalized_json-n69-ext_rebuild-t0-local,200,10.2626135,21.3393391,21.44605948,10.2589745,10.743859725,26.8359375,23.97265625,267.80859375,0,0.0,200,0,b30fd288c6fd25990944a24194c89dc578c58e3c230cc8ec278c49dc890c3c38,pre-delivered response acceptance only
Pi_Ethernet,local,ethereum_rpc_finalized_json,69,ext_rebuild,1,0006-ethereum_rpc_finalized_json-n69-ext_rebuild-t1-local,200,9.3007855,19.0399656,19.081411409999998,9.297480499999999,10.25147951,27.109375,23.96875,267.4609375,0,0.0,200,0,b30fd288c6fd25990944a24194c89dc578c58e3c230cc8ec278c49dc890c3c38,pre-delivered response acceptance only
Pi_Ethernet,local,ethereum_rpc_finalized_json,69,ext_rebuild,2,0072-ethereum_rpc_finalized_json-n69-ext_rebuild-t2-local,200,10.3120045,20.079077499999993,20.42881029,10.3084125,11.031217635,26.65234375,23.96875,277.3203125,0,0.0,200,0,b30fd288c6fd25990944a24194c89dc578c58e3c230cc8ec278c49dc890c3c38,pre-delivered response acceptance only
Pi_Ethernet,local,ethereum_rpc_finalized_json,69,ext_rebuild,3,0058-ethereum_rpc_finalized_json-n69-ext_rebuild-t3-local,200,10.7891455,21.0123684,21.289007,10.785563,11.07959032,26.72265625,23.97265625,271.38671875,0,0.0,200,0,b30fd288c6fd25990944a24194c89dc578c58e3c230cc8ec278c49dc890c3c38,pre-delivered response acceptance only
Pi_Ethernet,local,ethereum_rpc_finalized_json,69,ext_rebuild,4,0024-ethereum_rpc_finalized_json-n69-ext_rebuild-t4-local,200,10.174176,21.443322249999998,21.52286403,10.1710555,11.091364495,29.0078125,23.96875,267.80859375,0,0.0,200,0,b30fd288c6fd25990944a24194c89dc578c58e3c230cc8ec278c49dc890c3c38,pre-delivered response acceptance only
Pi_Ethernet,local,ethereum_rpc_finalized_json,69,full,0,0029-ethereum_rpc_finalized_json-n69-full-t0-local,200,10.3713485,21.24922455,21.29481167,10.367228,10.79222275,26.83203125,23.97265625,268.0078125,0,0.0,200,0,b30fd288c6fd25990944a24194c89dc578c58e3c230cc8ec278c49dc890c3c38,pre-delivered response acceptance only
Pi_Ethernet,local,ethereum_rpc_finalized_json,69,full,1,0066-ethereum_rpc_finalized_json-n69-full-t1-local,200,9.364799,18.9943819,19.031501369999997,9.361474999999999,10.23251083,27.109375,23.97265625,276.25,0,0.0,200,0,b30fd288c6fd25990944a24194c89dc578c58e3c230cc8ec278c49dc890c3c38,pre-delivered response acceptance only
Pi_Ethernet,local,ethereum_rpc_finalized_json,69,full,2,0038-ethereum_rpc_finalized_json-n69-full-t2-local,200,10.308521500000001,21.010488,21.0827457,10.304929,11.05336571,26.7265625,23.9765625,269.375,0,0.0,200,0,b30fd288c6fd25990944a24194c89dc578c58e3c230cc8ec278c49dc890c3c38,pre-delivered response acceptance only
Pi_Ethernet,local,ethereum_rpc_finalized_json,69,full,3,0002-ethereum_rpc_finalized_json-n69-full-t3-local,200,10.419355,20.985504799999998,21.10670266,10.4151055,11.032361815,27.26953125,23.98046875,250.1640625,0,0.0,200,0,b30fd288c6fd25990944a24194c89dc578c58e3c230cc8ec278c49dc890c3c38,pre-delivered response acceptance only
Pi_Ethernet,local,ethereum_rpc_finalized_json,69,full,4,0009-ethereum_rpc_finalized_json-n69-full-t4-local,200,10.1795235,21.55212385,21.69694048,10.176125,11.096580005,29.01171875,23.98046875,267.80859375,0,0.0,200,0,b30fd288c6fd25990944a24194c89dc578c58e3c230cc8ec278c49dc890c3c38,pre-delivered response acceptance only
Pi_Ethernet,local,ethereum_rpc_finalized_json,69,leaf,0,0060-ethereum_rpc_finalized_json-n69-leaf-t0-local,200,11.0404285,20.892384449999998,20.94102522,11.037077,11.42623103,26.88671875,23.9765625,271.38671875,0,0.0,200,0,b30fd288c6fd25990944a24194c89dc578c58e3c230cc8ec278c49dc890c3c38,pre-delivered response acceptance only
Pi_Ethernet,local,ethereum_rpc_finalized_json,69,leaf,1,0010-ethereum_rpc_finalized_json-n69-leaf-t1-local,200,10.0569985,19.70076465,19.79558982,10.0539055,10.979361095,27.04296875,23.9765625,267.80859375,0,0.0,200,0,b30fd288c6fd25990944a24194c89dc578c58e3c230cc8ec278c49dc890c3c38,pre-delivered response acceptance only
Pi_Ethernet,local,ethereum_rpc_finalized_json,69,leaf,2,0067-ethereum_rpc_finalized_json-n69-leaf-t2-local,200,11.0740955,20.9288758,20.97069222,11.070308,11.729179325,27.234375,23.9765625,277.25,0,0.0,200,0,b30fd288c6fd25990944a24194c89dc578c58e3c230cc8ec278c49dc890c3c38,pre-delivered response acceptance only
Pi_Ethernet,local,ethereum_rpc_finalized_json,69,leaf,3,0013-ethereum_rpc_finalized_json-n69-leaf-t3-local,200,11.5343265,21.825746549999998,21.92273573,11.530234,11.89548633,26.796875,23.98046875,267.80859375,0,0.0,200,0,b30fd288c6fd25990944a24194c89dc578c58e3c230cc8ec278c49dc890c3c38,pre-delivered response acceptance only
Pi_Ethernet,local,ethereum_rpc_finalized_json,69,leaf,4,0057-ethereum_rpc_finalized_json-n69-leaf-t4-local,200,11.0337435,22.3804947,22.49036591,11.030725499999999,11.89875172,28.921875,23.9609375,271.38671875,0,0.0,200,0,b30fd288c6fd25990944a24194c89dc578c58e3c230cc8ec278c49dc890c3c38,pre-delivered response acceptance only
Pi_Ethernet,local,synthetic,512,archive,0,0064-synthetic-n512-archive-t0-local,200,0.5265655,0.5517373499999999,0.5680641099999992,0.525482,0.526215755,24.30859375,23.9609375,271.38671875,0,0.0,200,0,399484347219683dce319075ea78057e1e8ffcce90859b513ec913109fec9398,pre-delivered response acceptance only
Pi_Ethernet,local,synthetic,512,archive,1,0041-synthetic-n512-archive-t1-local,200,0.531954,0.5588546,0.5766191399999995,0.53076,0.53192742,24.32421875,23.97265625,269.375,0,0.0,200,0,399484347219683dce319075ea78057e1e8ffcce90859b513ec913109fec9398,pre-delivered response acceptance only
Pi_Ethernet,local,synthetic,512,archive,2,0063-synthetic-n512-archive-t2-local,200,0.534121,0.59824955,0.70399419,0.533056,0.540139985,24.31640625,23.96484375,271.38671875,0,0.0,200,0,399484347219683dce319075ea78057e1e8ffcce90859b513ec913109fec9398,pre-delivered response acceptance only
Pi_Ethernet,local,synthetic,512,archive,3,0074-synthetic-n512-archive-t3-local,200,0.5351589999999999,0.5623222999999999,0.5955685899999997,0.5338259999999999,0.534530535,24.31640625,23.96484375,277.3203125,0,0.0,200,0,399484347219683dce319075ea78057e1e8ffcce90859b513ec913109fec9398,pre-delivered response acceptance only
Pi_Ethernet,local,synthetic,512,archive,4,0052-synthetic-n512-archive-t4-local,200,0.5307965,0.5529115,0.5758724199999993,0.5296485,0.529064005,24.32421875,23.9765625,269.86328125,0,0.0,200,0,399484347219683dce319075ea78057e1e8ffcce90859b513ec913109fec9398,pre-delivered response acceptance only
Pi_Ethernet,local,synthetic,512,ext_cached,0,0023-synthetic-n512-ext_cached-t0-local,200,0.5375004999999999,0.5862981999999998,0.7042575799999998,0.536065,0.540824395,24.33203125,23.9765625,267.80859375,0,0.0,200,0,399484347219683dce319075ea78057e1e8ffcce90859b513ec913109fec9398,pre-delivered response acceptance only
Pi_Ethernet,local,synthetic,512,ext_cached,1,0016-synthetic-n512-ext_cached-t1-local,200,0.5285655,0.5543629,0.5794823199999994,0.527297,0.527753425,24.32421875,23.96875,267.80859375,0,0.0,200,0,399484347219683dce319075ea78057e1e8ffcce90859b513ec913109fec9398,pre-delivered response acceptance only
Pi_Ethernet,local,synthetic,512,ext_cached,2,0070-synthetic-n512-ext_cached-t2-local,200,0.5395110000000001,0.5682594,0.6018627399999998,0.5381685,0.53901846,24.328125,23.9765625,277.3203125,0,0.0,200,0,399484347219683dce319075ea78057e1e8ffcce90859b513ec913109fec9398,pre-delivered response acceptance only
Pi_Ethernet,local,synthetic,512,ext_cached,3,0061-synthetic-n512-ext_cached-t3-local,200,0.5292325,0.55781985,0.5771143899999993,0.528065,0.52918898,24.32421875,23.96875,271.38671875,0,0.0,200,0,399484347219683dce319075ea78057e1e8ffcce90859b513ec913109fec9398,pre-delivered response acceptance only
Pi_Ethernet,local,synthetic,512,ext_cached,4,0032-synthetic-n512-ext_cached-t4-local,200,0.5318335000000001,0.5594155999999999,0.58290826,0.5304075,0.53141432,24.33203125,23.9765625,268.0078125,0,0.0,200,0,399484347219683dce319075ea78057e1e8ffcce90859b513ec913109fec9398,pre-delivered response acceptance only
Pi_Ethernet,local,synthetic,512,ext_rebuild,0,0043-synthetic-n512-ext_rebuild-t0-local,200,0.5299355,0.55909745,0.6066886999999997,0.5285835000000001,0.530733855,24.32421875,23.96875,269.375,0,0.0,200,0,399484347219683dce319075ea78057e1e8ffcce90859b513ec913109fec9398,pre-delivered response acceptance only
Pi_Ethernet,local,synthetic,512,ext_rebuild,1,0035-synthetic-n512-ext_rebuild-t1-local,200,0.533769,0.58271525,0.7043695499999999,0.5324260000000001,0.538047865,24.328125,23.9765625,268.0078125,0,0.0,200,0,399484347219683dce319075ea78057e1e8ffcce90859b513ec913109fec9398,pre-delivered response acceptance only
Pi_Ethernet,local,synthetic,512,ext_rebuild,2,0030-synthetic-n512-ext_rebuild-t2-local,200,0.5305835,0.5568706999999999,0.5705390399999999,0.529398,0.52973824,24.3203125,23.96484375,268.0078125,0,0.0,200,0,399484347219683dce319075ea78057e1e8ffcce90859b513ec913109fec9398,pre-delivered response acceptance only
Pi_Ethernet,local,synthetic,512,ext_rebuild,3,0034-synthetic-n512-ext_rebuild-t3-local,200,0.529315,0.5570543499999999,0.600819249999999,0.5281485,0.53043075,24.33203125,23.9765625,268.0078125,0,0.0,200,0,399484347219683dce319075ea78057e1e8ffcce90859b513ec913109fec9398,pre-delivered response acceptance only
Pi_Ethernet,local,synthetic,512,ext_rebuild,4,0046-synthetic-n512-ext_rebuild-t4-local,200,0.539454,0.56512095,0.6155013199999999,0.5383155,0.53901247,24.328125,23.97265625,269.86328125,0,0.0,200,0,399484347219683dce319075ea78057e1e8ffcce90859b513ec913109fec9398,pre-delivered response acceptance only
Pi_Ethernet,local,synthetic,512,full,0,0033-synthetic-n512-full-t0-local,200,0.5319725,0.5564953,0.5771106599999993,0.530732,0.53099868,24.30859375,23.95703125,268.0078125,0,0.0,200,0,399484347219683dce319075ea78057e1e8ffcce90859b513ec913109fec9398,pre-delivered response acceptance only
Pi_Ethernet,local,synthetic,512,full,1,0059-synthetic-n512-full-t1-local,200,0.533019,0.56191615,0.6192543999999993,0.531686,0.533356685,24.32421875,23.9765625,271.38671875,0,0.0,200,0,399484347219683dce319075ea78057e1e8ffcce90859b513ec913109fec9398,pre-delivered response acceptance only
Pi_Ethernet,local,synthetic,512,full,2,0000-synthetic-n512-full-t2-local,200,0.529992,0.602173,0.6502462399999996,0.5287135000000001,0.53419034,24.33203125,23.98046875,108.46875,0,0.0,200,0,399484347219683dce319075ea78057e1e8ffcce90859b513ec913109fec9398,pre-delivered response acceptance only
Pi_Ethernet,local,synthetic,512,full,3,0049-synthetic-n512-full-t3-local,200,0.541065,0.5657093,0.6014106999999995,0.5396485,0.540499615,24.32421875,23.97265625,269.86328125,0,0.0,200,0,399484347219683dce319075ea78057e1e8ffcce90859b513ec913109fec9398,pre-delivered response acceptance only
Pi_Ethernet,local,synthetic,512,full,4,0042-synthetic-n512-full-t4-local,200,0.5324905,0.5575378499999999,0.5718882099999996,0.531167,0.531834785,24.33203125,23.98046875,269.375,0,0.0,200,0,399484347219683dce319075ea78057e1e8ffcce90859b513ec913109fec9398,pre-delivered response acceptance only
Pi_Ethernet,local,synthetic,512,leaf,0,0028-synthetic-n512-leaf-t0-local,200,3.308872,3.36865145,3.4281007,3.305807,3.30319119,24.6640625,23.9765625,267.80859375,0,0.0,200,0,399484347219683dce319075ea78057e1e8ffcce90859b513ec913109fec9398,pre-delivered response acceptance only
Pi_Ethernet,local,synthetic,512,leaf,1,0062-synthetic-n512-leaf-t1-local,200,3.318732,3.3691801,3.47809441,3.316204,3.313418145,24.671875,23.984375,271.38671875,0,0.0,200,0,399484347219683dce319075ea78057e1e8ffcce90859b513ec913109fec9398,pre-delivered response acceptance only
Pi_Ethernet,local,synthetic,512,leaf,2,0027-synthetic-n512-leaf-t2-local,200,3.2821225,3.33373555,3.4107600799999997,3.2800665,3.279032565,24.66796875,23.98046875,267.80859375,0,0.0,200,0,399484347219683dce319075ea78057e1e8ffcce90859b513ec913109fec9398,pre-delivered response acceptance only
Pi_Ethernet,local,synthetic,512,leaf,3,0025-synthetic-n512-leaf-t3-local,200,3.2556969999999996,3.30075555,3.42152915,3.2533725000000002,3.24899741,24.65234375,23.96484375,267.80859375,0,0.0,200,0,399484347219683dce319075ea78057e1e8ffcce90859b513ec913109fec9398,pre-delivered response acceptance only
Pi_Ethernet,local,synthetic,512,leaf,4,0048-synthetic-n512-leaf-t4-local,200,3.280076,3.3358354,3.43128619,3.277464,3.27580006,24.66796875,23.98046875,269.86328125,0,0.0,200,0,399484347219683dce319075ea78057e1e8ffcce90859b513ec913109fec9398,pre-delivered response acceptance only
Pi_Ethernet,local,synthetic,4096,archive,0,0050-synthetic-n4096-archive-t0-local,200,0.5498705,0.5778624,0.5937014999999991,0.5483885,0.549862215,24.33203125,23.97265625,269.86328125,0,0.0,200,0,0687bb27f05141a424b31da9247a1c02625c10a06caaa5ff34a33daeb97eabec,pre-delivered response acceptance only
Pi_Ethernet,local,synthetic,4096,archive,1,0065-synthetic-n4096-archive-t1-local,200,0.5570930000000001,0.58535315,0.5988785399999997,0.555769,0.55624017,24.33203125,23.97265625,271.38671875,0,0.0,200,0,0687bb27f05141a424b31da9247a1c02625c10a06caaa5ff34a33daeb97eabec,pre-delivered response acceptance only
Pi_Ethernet,local,synthetic,4096,archive,2,0040-synthetic-n4096-archive-t2-local,200,0.553463,0.5804207,0.5974413199999998,0.5522875,0.553557995,24.3359375,23.9765625,269.375,0,0.0,200,0,0687bb27f05141a424b31da9247a1c02625c10a06caaa5ff34a33daeb97eabec,pre-delivered response acceptance only
Pi_Ethernet,local,synthetic,4096,archive,3,0073-synthetic-n4096-archive-t3-local,200,0.5530474999999999,0.5804726,0.6090728599999998,0.551677,0.55219646,24.33203125,23.97265625,277.3203125,0,0.0,200,0,0687bb27f05141a424b31da9247a1c02625c10a06caaa5ff34a33daeb97eabec,pre-delivered response acceptance only
Pi_Ethernet,local,synthetic,4096,archive,4,0031-synthetic-n4096-archive-t4-local,200,0.5563055,0.5852897,0.6267644699999999,0.554944,0.555579685,24.32421875,23.96484375,268.0078125,0,0.0,200,0,0687bb27f05141a424b31da9247a1c02625c10a06caaa5ff34a33daeb97eabec,pre-delivered response acceptance only
Pi_Ethernet,local,synthetic,4096,ext_cached,0,0069-synthetic-n4096-ext_cached-t0-local,200,0.5502594999999999,0.5928038,0.7243302699999999,0.5490465,0.55401122,24.328125,23.96875,277.3203125,0,0.0,200,0,0687bb27f05141a424b31da9247a1c02625c10a06caaa5ff34a33daeb97eabec,pre-delivered response acceptance only
Pi_Ethernet,local,synthetic,4096,ext_cached,1,0001-synthetic-n4096-ext_cached-t1-local,200,0.5531385,0.57960285,0.5939765799999996,0.551879,0.552542395,24.32421875,23.96875,133.40234375,0,0.0,200,0,0687bb27f05141a424b31da9247a1c02625c10a06caaa5ff34a33daeb97eabec,pre-delivered response acceptance only
Pi_Ethernet,local,synthetic,4096,ext_cached,2,0037-synthetic-n4096-ext_cached-t2-local,200,0.5537685,0.6007106,0.7317055899999998,0.5523985,0.55695491,24.31640625,23.95703125,268.0078125,0,0.0,200,0,0687bb27f05141a424b31da9247a1c02625c10a06caaa5ff34a33daeb97eabec,pre-delivered response acceptance only
Pi_Ethernet,local,synthetic,4096,ext_cached,3,0055-synthetic-n4096-ext_cached-t3-local,200,0.5536110000000001,0.5824512000000001,0.62507033,0.5523335,0.553775965,24.3359375,23.9765625,269.86328125,0,0.0,200,0,0687bb27f05141a424b31da9247a1c02625c10a06caaa5ff34a33daeb97eabec,pre-delivered response acceptance only
Pi_Ethernet,local,synthetic,4096,ext_cached,4,0047-synthetic-n4096-ext_cached-t4-local,200,0.5587225,0.58401415,0.5938805199999999,0.5575005,0.557953855,24.328125,23.96875,269.86328125,0,0.0,200,0,0687bb27f05141a424b31da9247a1c02625c10a06caaa5ff34a33daeb97eabec,pre-delivered response acceptance only
Pi_Ethernet,local,synthetic,4096,ext_rebuild,0,0036-synthetic-n4096-ext_rebuild-t0-local,200,0.5601659999999999,0.59850255,0.7203210699999999,0.5590735,0.563001275,24.328125,23.96875,268.0078125,0,0.0,200,0,0687bb27f05141a424b31da9247a1c02625c10a06caaa5ff34a33daeb97eabec,pre-delivered response acceptance only
Pi_Ethernet,local,synthetic,4096,ext_rebuild,1,0039-synthetic-n4096-ext_rebuild-t1-local,200,0.5565739999999999,0.58118385,0.6041217399999999,0.555157,0.55583516,24.33203125,23.97265625,269.375,0,0.0,200,0,0687bb27f05141a424b31da9247a1c02625c10a06caaa5ff34a33daeb97eabec,pre-delivered response acceptance only
Pi_Ethernet,local,synthetic,4096,ext_rebuild,2,0020-synthetic-n4096-ext_rebuild-t2-local,200,0.557898,0.5874451999999999,0.6038304399999995,0.5564905,0.557466355,24.3359375,23.9765625,267.80859375,0,0.0,200,0,0687bb27f05141a424b31da9247a1c02625c10a06caaa5ff34a33daeb97eabec,pre-delivered response acceptance only
Pi_Ethernet,local,synthetic,4096,ext_rebuild,3,0014-synthetic-n4096-ext_rebuild-t3-local,200,0.5584075,0.6005488999999999,0.7452390399999997,0.5571945,0.56189339,24.3359375,23.9765625,267.80859375,0,0.0,200,0,0687bb27f05141a424b31da9247a1c02625c10a06caaa5ff34a33daeb97eabec,pre-delivered response acceptance only
Pi_Ethernet,local,synthetic,4096,ext_rebuild,4,0021-synthetic-n4096-ext_rebuild-t4-local,200,0.5564724999999999,0.5809105,0.5889134099999999,0.5552035,0.554826565,24.32421875,23.96875,267.80859375,0,0.0,200,0,0687bb27f05141a424b31da9247a1c02625c10a06caaa5ff34a33daeb97eabec,pre-delivered response acceptance only
Pi_Ethernet,local,synthetic,4096,full,0,0011-synthetic-n4096-full-t0-local,200,0.5475095000000001,0.57463075,0.5901654099999998,0.5463335,0.547360835,24.33203125,23.9765625,267.80859375,0,0.0,200,0,0687bb27f05141a424b31da9247a1c02625c10a06caaa5ff34a33daeb97eabec,pre-delivered response acceptance only
Pi_Ethernet,local,synthetic,4096,full,1,0054-synthetic-n4096-full-t1-local,200,0.5509175,0.5892654999999999,0.7271672999999998,0.549704,0.55454509,24.33203125,23.9765625,269.86328125,0,0.0,200,0,0687bb27f05141a424b31da9247a1c02625c10a06caaa5ff34a33daeb97eabec,pre-delivered response acceptance only
Pi_Ethernet,local,synthetic,4096,full,2,0022-synthetic-n4096-full-t2-local,200,0.5580005,0.6049243999999999,0.7247977399999999,0.556676,0.561657985,24.328125,23.97265625,267.80859375,0,0.0,200,0,0687bb27f05141a424b31da9247a1c02625c10a06caaa5ff34a33daeb97eabec,pre-delivered response acceptance only
Pi_Ethernet,local,synthetic,4096,full,3,0003-synthetic-n4096-full-t3-local,200,0.5576205000000001,0.5836469,0.5969128499999996,0.5562495,0.55638751,24.328125,23.97265625,250.1640625,0,0.0,200,0,0687bb27f05141a424b31da9247a1c02625c10a06caaa5ff34a33daeb97eabec,pre-delivered response acceptance only
Pi_Ethernet,local,synthetic,4096,full,4,0019-synthetic-n4096-full-t4-local,200,0.551491,0.58378655,0.6368451799999999,0.5502225000000001,0.552035365,24.328125,23.97265625,267.80859375,0,0.0,200,0,0687bb27f05141a424b31da9247a1c02625c10a06caaa5ff34a33daeb97eabec,pre-delivered response acceptance only
Pi_Ethernet,local,synthetic,4096,leaf,0,0018-synthetic-n4096-leaf-t0-local,200,22.0997285,22.40213585,22.71432966,22.095266000000002,22.09319554,26.07421875,23.97265625,267.80859375,0,0.0,200,0,0687bb27f05141a424b31da9247a1c02625c10a06caaa5ff34a33daeb97eabec,pre-delivered response acceptance only
Pi_Ethernet,local,synthetic,4096,leaf,1,0045-synthetic-n4096-leaf-t1-local,200,23.199097000000002,23.52604655,23.86322581,23.195634,23.2089478,26.0703125,23.96875,269.86328125,0,0.0,200,0,0687bb27f05141a424b31da9247a1c02625c10a06caaa5ff34a33daeb97eabec,pre-delivered response acceptance only
Pi_Ethernet,local,synthetic,4096,leaf,2,0026-synthetic-n4096-leaf-t2-local,200,22.281820500000002,22.645118250000003,23.061915259999996,22.2785155,22.27685924,26.07421875,23.97265625,267.80859375,0,0.0,200,0,0687bb27f05141a424b31da9247a1c02625c10a06caaa5ff34a33daeb97eabec,pre-delivered response acceptance only
Pi_Ethernet,local,synthetic,4096,leaf,3,0017-synthetic-n4096-leaf-t3-local,200,22.7257915,23.33572775,23.54507528,22.721199,22.73930823,26.07421875,23.97265625,267.80859375,0,0.0,200,0,0687bb27f05141a424b31da9247a1c02625c10a06caaa5ff34a33daeb97eabec,pre-delivered response acceptance only
Pi_Ethernet,local,synthetic,4096,leaf,4,0015-synthetic-n4096-leaf-t4-local,200,22.2574095,22.567689299999998,22.85159898,22.2533545,22.255905245,26.08203125,23.98046875,267.80859375,0,0.0,200,0,0687bb27f05141a424b31da9247a1c02625c10a06caaa5ff34a33daeb97eabec,pre-delivered response acceptance only
Pi_Ethernet,memory_pressure,ethereum_rpc_finalized_json,69,ext_cached,0,0068-ethereum_rpc_finalized_json-n69-ext_cached-t0-memory_pressure,200,10.27496,21.27413295,21.380527450000002,10.2717195,10.72283404,90.83984375,87.97265625,277.3203125,256,64.0,200,0,b30fd288c6fd25990944a24194c89dc578c58e3c230cc8ec278c49dc890c3c38,pre-delivered response acceptance only
Pi_Ethernet,memory_pressure,ethereum_rpc_finalized_json,69,ext_cached,1,0007-ethereum_rpc_finalized_json-n69-ext_cached-t1-memory_pressure,200,9.423404999999999,18.89719655,18.98537852,9.419748,10.218160605,91.12109375,87.97265625,267.8046875,256,64.0,200,0,b30fd288c6fd25990944a24194c89dc578c58e3c230cc8ec278c49dc890c3c38,pre-delivered response acceptance only
Pi_Ethernet,memory_pressure,ethereum_rpc_finalized_json,69,ext_cached,2,0005-ethereum_rpc_finalized_json-n69-ext_cached-t2-memory_pressure,200,10.280722,21.219987800000002,21.279756369999998,10.276906499999999,11.053358,90.7265625,87.96875,267.38671875,256,64.0,200,0,b30fd288c6fd25990944a24194c89dc578c58e3c230cc8ec278c49dc890c3c38,pre-delivered response acceptance only
Pi_Ethernet,memory_pressure,ethereum_rpc_finalized_json,69,ext_cached,3,0004-ethereum_rpc_finalized_json-n69-ext_cached-t3-memory_pressure,200,10.482199000000001,21.1107139,21.206279809999998,10.4773285,11.05966694,91.2734375,87.97265625,265.625,256,64.0,200,0,b30fd288c6fd25990944a24194c89dc578c58e3c230cc8ec278c49dc890c3c38,pre-delivered response acceptance only
Pi_Ethernet,memory_pressure,ethereum_rpc_finalized_json,69,ext_cached,4,0044-ethereum_rpc_finalized_json-n69-ext_cached-t4-memory_pressure,200,10.157868,21.7279101,21.789226189999997,10.154423999999999,11.070440875,93.01171875,87.96484375,269.86328125,256,64.0,200,0,b30fd288c6fd25990944a24194c89dc578c58e3c230cc8ec278c49dc890c3c38,pre-delivered response acceptance only
Pi_Ethernet,memory_pressure,ethereum_rpc_finalized_json,69,ext_rebuild,0,0008-ethereum_rpc_finalized_json-n69-ext_rebuild-t0-memory_pressure,200,10.302095000000001,20.995144349999997,21.04613381,10.2986225,10.728624795,90.84375,87.9765625,267.80859375,256,64.0,200,0,b30fd288c6fd25990944a24194c89dc578c58e3c230cc8ec278c49dc890c3c38,pre-delivered response acceptance only
Pi_Ethernet,memory_pressure,ethereum_rpc_finalized_json,69,ext_rebuild,1,0006-ethereum_rpc_finalized_json-n69-ext_rebuild-t1-memory_pressure,200,9.2687675,18.82364275,18.88704778,9.265388000000002,10.140972325,91.1171875,87.96875,267.4609375,256,64.0,200,0,b30fd288c6fd25990944a24194c89dc578c58e3c230cc8ec278c49dc890c3c38,pre-delivered response acceptance only
Pi_Ethernet,memory_pressure,ethereum_rpc_finalized_json,69,ext_rebuild,2,0072-ethereum_rpc_finalized_json-n69-ext_rebuild-t2-memory_pressure,200,10.2978845,21.16342795,21.267141589999998,10.294301,11.069045085,90.73828125,87.9765625,277.3203125,256,64.0,200,0,b30fd288c6fd25990944a24194c89dc578c58e3c230cc8ec278c49dc890c3c38,pre-delivered response acceptance only
Pi_Ethernet,memory_pressure,ethereum_rpc_finalized_json,69,ext_rebuild,3,0058-ethereum_rpc_finalized_json-n69-ext_rebuild-t3-memory_pressure,200,10.472003,21.2871397,21.39222137,10.468253,11.072649865,91.2734375,87.97265625,271.38671875,256,64.0,200,0,b30fd288c6fd25990944a24194c89dc578c58e3c230cc8ec278c49dc890c3c38,pre-delivered response acceptance only
Pi_Ethernet,memory_pressure,ethereum_rpc_finalized_json,69,ext_rebuild,4,0024-ethereum_rpc_finalized_json-n69-ext_rebuild-t4-memory_pressure,200,10.175,21.6201135,21.74062677,10.1714535,11.077046445,93.01953125,87.97265625,267.80859375,256,64.0,200,0,b30fd288c6fd25990944a24194c89dc578c58e3c230cc8ec278c49dc890c3c38,pre-delivered response acceptance only
Pi_Ethernet,memory_pressure,ethereum_rpc_finalized_json,69,full,0,0029-ethereum_rpc_finalized_json-n69-full-t0-memory_pressure,200,10.304109,21.0520341,21.11248899,10.300868000000001,10.726139035,90.83984375,87.97265625,268.0078125,256,64.0,200,0,b30fd288c6fd25990944a24194c89dc578c58e3c230cc8ec278c49dc890c3c38,pre-delivered response acceptance only
Pi_Ethernet,memory_pressure,ethereum_rpc_finalized_json,69,full,1,0066-ethereum_rpc_finalized_json-n69-full-t1-memory_pressure,200,9.4879545,19.0109977,19.05986884,9.483816000000001,10.187608585,91.12109375,87.9765625,276.25,256,64.0,200,0,b30fd288c6fd25990944a24194c89dc578c58e3c230cc8ec278c49dc890c3c38,pre-delivered response acceptance only
Pi_Ethernet,memory_pressure,ethereum_rpc_finalized_json,69,full,2,0038-ethereum_rpc_finalized_json-n69-full-t2-memory_pressure,200,10.272225500000001,20.214592849999985,21.143276259999997,10.2684855,11.084988115,91.23046875,87.96875,269.375,256,64.0,200,0,b30fd288c6fd25990944a24194c89dc578c58e3c230cc8ec278c49dc890c3c38,pre-delivered response acceptance only
Pi_Ethernet,memory_pressure,ethereum_rpc_finalized_json,69,full,3,0002-ethereum_rpc_finalized_json-n69-full-t3-memory_pressure,200,10.4535305,21.06660475,21.14213607,10.4496505,11.04232937,91.26953125,87.96875,250.1640625,256,64.0,200,0,b30fd288c6fd25990944a24194c89dc578c58e3c230cc8ec278c49dc890c3c38,pre-delivered response acceptance only
Pi_Ethernet,memory_pressure,ethereum_rpc_finalized_json,69,full,4,0009-ethereum_rpc_finalized_json-n69-full-t4-memory_pressure,200,10.114858,21.5745559,21.70144032,10.111895,11.11374814,93.0078125,87.96484375,267.80859375,256,64.0,200,0,b30fd288c6fd25990944a24194c89dc578c58e3c230cc8ec278c49dc890c3c38,pre-delivered response acceptance only
Pi_Ethernet,memory_pressure,ethereum_rpc_finalized_json,69,leaf,0,0060-ethereum_rpc_finalized_json-n69-leaf-t0-memory_pressure,200,11.06841,21.7948864,22.01941166,11.064836,11.466073265,90.85546875,87.9765625,271.38671875,256,64.0,200,0,b30fd288c6fd25990944a24194c89dc578c58e3c230cc8ec278c49dc890c3c38,pre-delivered response acceptance only
Pi_Ethernet,memory_pressure,ethereum_rpc_finalized_json,69,leaf,1,0010-ethereum_rpc_finalized_json-n69-leaf-t1-memory_pressure,200,10.1008955,19.9254336,20.092025879999998,10.0964785,11.004015705,91.1953125,87.96875,267.80859375,256,64.0,200,0,b30fd288c6fd25990944a24194c89dc578c58e3c230cc8ec278c49dc890c3c38,pre-delivered response acceptance only
Pi_Ethernet,memory_pressure,ethereum_rpc_finalized_json,69,leaf,2,0067-ethereum_rpc_finalized_json-n69-leaf-t2-memory_pressure,200,11.047994,20.90334845,21.09360674,11.044133,11.75458064,91.296875,87.9609375,277.25,256,64.0,200,0,b30fd288c6fd25990944a24194c89dc578c58e3c230cc8ec278c49dc890c3c38,pre-delivered response acceptance only
Pi_Ethernet,memory_pressure,ethereum_rpc_finalized_json,69,leaf,3,0013-ethereum_rpc_finalized_json-n69-leaf-t3-memory_pressure,200,11.3256535,21.9723935,22.0252554,11.320978,11.886399794999999,91.35546875,87.9765625,267.80859375,256,64.0,200,0,b30fd288c6fd25990944a24194c89dc578c58e3c230cc8ec278c49dc890c3c38,pre-delivered response acceptance only
Pi_Ethernet,memory_pressure,ethereum_rpc_finalized_json,69,leaf,4,0057-ethereum_rpc_finalized_json-n69-leaf-t4-memory_pressure,200,11.052225,22.36215975,22.47376966,11.0478915,11.88497825,93.1015625,87.9765625,271.38671875,256,64.0,200,0,b30fd288c6fd25990944a24194c89dc578c58e3c230cc8ec278c49dc890c3c38,pre-delivered response acceptance only
Pi_Ethernet,memory_pressure,synthetic,512,ext_cached,0,0023-synthetic-n512-ext_cached-t0-memory_pressure,200,0.531056,0.56091105,0.6346474399999995,0.529945,0.531953955,88.3359375,87.984375,267.80859375,256,64.0,200,0,399484347219683dce319075ea78057e1e8ffcce90859b513ec913109fec9398,pre-delivered response acceptance only
Pi_Ethernet,memory_pressure,synthetic,512,ext_cached,1,0016-synthetic-n512-ext_cached-t1-memory_pressure,200,0.529463,0.55881715,0.5743847399999997,0.5283709999999999,0.52931706,88.3359375,87.984375,267.80859375,256,64.0,200,0,399484347219683dce319075ea78057e1e8ffcce90859b513ec913109fec9398,pre-delivered response acceptance only
Pi_Ethernet,memory_pressure,synthetic,512,ext_cached,2,0070-synthetic-n512-ext_cached-t2-memory_pressure,200,0.5305575,0.5605629,0.5879924499999999,0.529345,0.530990435,88.328125,87.9765625,277.3203125,256,64.0,200,0,399484347219683dce319075ea78057e1e8ffcce90859b513ec913109fec9398,pre-delivered response acceptance only
Pi_Ethernet,memory_pressure,synthetic,512,ext_cached,3,0061-synthetic-n512-ext_cached-t3-memory_pressure,200,0.5365285,0.5717746,0.6829250199999998,0.5354175,0.539748025,88.3359375,87.984375,271.38671875,256,64.0,200,0,399484347219683dce319075ea78057e1e8ffcce90859b513ec913109fec9398,pre-delivered response acceptance only
Pi_Ethernet,memory_pressure,synthetic,512,ext_cached,4,0032-synthetic-n512-ext_cached-t4-memory_pressure,200,0.538916,0.57345815,0.6152705799999996,0.53775,0.53885165,88.3203125,87.96875,268.0078125,256,64.0,200,0,399484347219683dce319075ea78057e1e8ffcce90859b513ec913109fec9398,pre-delivered response acceptance only
Pi_Ethernet,memory_pressure,synthetic,512,ext_rebuild,0,0043-synthetic-n512-ext_rebuild-t0-memory_pressure,200,0.5353615,0.56433105,0.6038099299999999,0.5342875,0.53483213,88.328125,87.98046875,269.375,256,64.0,200,0,399484347219683dce319075ea78057e1e8ffcce90859b513ec913109fec9398,pre-delivered response acceptance only
Pi_Ethernet,memory_pressure,synthetic,512,ext_rebuild,1,0035-synthetic-n512-ext_rebuild-t1-memory_pressure,200,0.529426,0.5546265,0.5755604799999994,0.5282875,0.529171745,88.3359375,87.984375,268.0078125,256,64.0,200,0,399484347219683dce319075ea78057e1e8ffcce90859b513ec913109fec9398,pre-delivered response acceptance only
Pi_Ethernet,memory_pressure,synthetic,512,ext_rebuild,2,0030-synthetic-n512-ext_rebuild-t2-memory_pressure,200,0.5318149999999999,0.56221625,0.6135176199999995,0.5306390000000001,0.53220351,88.3359375,87.984375,268.0078125,256,64.0,200,0,399484347219683dce319075ea78057e1e8ffcce90859b513ec913109fec9398,pre-delivered response acceptance only
Pi_Ethernet,memory_pressure,synthetic,512,ext_rebuild,3,0034-synthetic-n512-ext_rebuild-t3-memory_pressure,200,0.5341480000000001,0.5695363499999999,0.7257333199999996,0.53275,0.53726016,88.3203125,87.96875,268.0078125,256,64.0,200,0,399484347219683dce319075ea78057e1e8ffcce90859b513ec913109fec9398,pre-delivered response acceptance only
Pi_Ethernet,memory_pressure,synthetic,512,ext_rebuild,4,0046-synthetic-n512-ext_rebuild-t4-memory_pressure,200,0.533315,0.558306,0.5794191099999999,0.532075,0.53241973,88.328125,87.9765625,269.86328125,256,64.0,200,0,399484347219683dce319075ea78057e1e8ffcce90859b513ec913109fec9398,pre-delivered response acceptance only
Pi_Ethernet,memory_pressure,synthetic,512,full,0,0033-synthetic-n512-full-t0-memory_pressure,200,0.5333985,0.5762222499999999,0.7022667399999994,0.5322965,0.53678821,88.32421875,87.9765625,268.0078125,256,64.0,200,0,399484347219683dce319075ea78057e1e8ffcce90859b513ec913109fec9398,pre-delivered response acceptance only
Pi_Ethernet,memory_pressure,synthetic,512,full,1,0059-synthetic-n512-full-t1-memory_pressure,200,0.528232,0.5692321999999999,0.7029658199999999,0.526797,0.53157789,88.3359375,87.984375,271.38671875,256,64.0,200,0,399484347219683dce319075ea78057e1e8ffcce90859b513ec913109fec9398,pre-delivered response acceptance only
Pi_Ethernet,memory_pressure,synthetic,512,full,2,0000-synthetic-n512-full-t2-memory_pressure,200,0.529436,0.60323525,0.65371534,0.5283154999999999,0.53337492,88.3359375,87.984375,108.46875,256,64.0,200,0,399484347219683dce319075ea78057e1e8ffcce90859b513ec913109fec9398,pre-delivered response acceptance only
Pi_Ethernet,memory_pressure,synthetic,512,full,3,0049-synthetic-n512-full-t3-memory_pressure,200,0.52913,0.5636697499999999,0.69947852,0.527862,0.532021465,88.328125,87.9765625,269.86328125,256,64.0,200,0,399484347219683dce319075ea78057e1e8ffcce90859b513ec913109fec9398,pre-delivered response acceptance only
Pi_Ethernet,memory_pressure,synthetic,512,full,4,0042-synthetic-n512-full-t4-memory_pressure,200,0.526658,0.5588008999999999,0.6018329499999996,0.5255655,0.527477,88.3203125,87.96875,269.375,256,64.0,200,0,399484347219683dce319075ea78057e1e8ffcce90859b513ec913109fec9398,pre-delivered response acceptance only
Pi_Ethernet,memory_pressure,synthetic,512,leaf,0,0028-synthetic-n512-leaf-t0-memory_pressure,200,3.2788905,3.3641239999999994,3.4750796599999996,3.2769095000000004,3.27528088,88.6796875,87.984375,267.80859375,256,64.0,200,0,399484347219683dce319075ea78057e1e8ffcce90859b513ec913109fec9398,pre-delivered response acceptance only
Pi_Ethernet,memory_pressure,synthetic,512,leaf,1,0062-synthetic-n512-leaf-t1-memory_pressure,200,3.368648,3.41677625,3.52770595,3.3669165000000003,3.35996483,88.67578125,87.98046875,271.38671875,256,64.0,200,0,399484347219683dce319075ea78057e1e8ffcce90859b513ec913109fec9398,pre-delivered response acceptance only
Pi_Ethernet,memory_pressure,synthetic,512,leaf,2,0027-synthetic-n512-leaf-t2-memory_pressure,200,3.2455765,3.29471985,3.3714690800000002,3.242882,3.23923783,88.65625,87.9609375,267.80859375,256,64.0,200,0,399484347219683dce319075ea78057e1e8ffcce90859b513ec913109fec9398,pre-delivered response acceptance only
Pi_Ethernet,memory_pressure,synthetic,512,leaf,3,0025-synthetic-n512-leaf-t3-memory_pressure,200,3.276178,3.3234067499999997,3.4532603699999997,3.2738259999999997,3.27094892,88.67578125,87.98046875,267.80859375,256,64.0,200,0,399484347219683dce319075ea78057e1e8ffcce90859b513ec913109fec9398,pre-delivered response acceptance only
Pi_Ethernet,memory_pressure,synthetic,512,leaf,4,0048-synthetic-n512-leaf-t4-memory_pressure,200,3.2712054999999998,3.31911715,3.3573679899999993,3.2682510000000002,3.26469934,88.671875,87.9765625,269.86328125,256,64.0,200,0,399484347219683dce319075ea78057e1e8ffcce90859b513ec913109fec9398,pre-delivered response acceptance only
Pi_Ethernet,memory_pressure,synthetic,4096,ext_cached,0,0069-synthetic-n4096-ext_cached-t0-memory_pressure,200,0.5533995,0.5805008,0.5940091899999999,0.5522975,0.55317278,88.3359375,87.9765625,277.3203125,256,64.0,200,0,0687bb27f05141a424b31da9247a1c02625c10a06caaa5ff34a33daeb97eabec,pre-delivered response acceptance only
Pi_Ethernet,memory_pressure,synthetic,4096,ext_cached,1,0001-synthetic-n4096-ext_cached-t1-memory_pressure,200,0.5581290000000001,0.5850598499999999,0.5978828599999999,0.556981,0.55742883,88.3359375,87.98046875,133.40234375,256,64.0,200,0,0687bb27f05141a424b31da9247a1c02625c10a06caaa5ff34a33daeb97eabec,pre-delivered response acceptance only
Pi_Ethernet,memory_pressure,synthetic,4096,ext_cached,2,0037-synthetic-n4096-ext_cached-t2-memory_pressure,200,0.5606115,0.5884918499999999,0.6016357999999996,0.5593055,0.56009959,88.34375,87.984375,268.0078125,256,64.0,200,0,0687bb27f05141a424b31da9247a1c02625c10a06caaa5ff34a33daeb97eabec,pre-delivered response acceptance only
Pi_Ethernet,memory_pressure,synthetic,4096,ext_cached,3,0055-synthetic-n4096-ext_cached-t3-memory_pressure,200,0.5591295000000001,0.5844674000000001,0.6016564299999999,0.5579635000000001,0.558382295,88.3359375,87.9765625,269.86328125,256,64.0,200,0,0687bb27f05141a424b31da9247a1c02625c10a06caaa5ff34a33daeb97eabec,pre-delivered response acceptance only
Pi_Ethernet,memory_pressure,synthetic,4096,ext_cached,4,0047-synthetic-n4096-ext_cached-t4-memory_pressure,200,0.559472,0.5869896,0.5999743199999998,0.5579905000000001,0.55865085,88.34765625,87.98828125,269.86328125,256,64.0,200,0,0687bb27f05141a424b31da9247a1c02625c10a06caaa5ff34a33daeb97eabec,pre-delivered response acceptance only
Pi_Ethernet,memory_pressure,synthetic,4096,ext_rebuild,0,0036-synthetic-n4096-ext_rebuild-t0-memory_pressure,200,0.5536760000000001,0.58199335,0.6091032799999994,0.5526105,0.553679335,88.33984375,87.98046875,268.0078125,256,64.0,200,0,0687bb27f05141a424b31da9247a1c02625c10a06caaa5ff34a33daeb97eabec,pre-delivered response acceptance only
Pi_Ethernet,memory_pressure,synthetic,4096,ext_rebuild,1,0039-synthetic-n4096-ext_rebuild-t1-memory_pressure,200,0.553204,0.5809151,0.58984296,0.552037,0.55371994,88.34375,87.984375,269.375,256,64.0,200,0,0687bb27f05141a424b31da9247a1c02625c10a06caaa5ff34a33daeb97eabec,pre-delivered response acceptance only
Pi_Ethernet,memory_pressure,synthetic,4096,ext_rebuild,2,0020-synthetic-n4096-ext_rebuild-t2-memory_pressure,200,0.5632225,0.5957671,0.60870189,0.5616395000000001,0.562657615,88.34375,87.984375,267.80859375,256,64.0,200,0,0687bb27f05141a424b31da9247a1c02625c10a06caaa5ff34a33daeb97eabec,pre-delivered response acceptance only
Pi_Ethernet,memory_pressure,synthetic,4096,ext_rebuild,3,0014-synthetic-n4096-ext_rebuild-t3-memory_pressure,200,0.550898,0.57483375,0.58716167,0.5496015000000001,0.549645915,88.33984375,87.98046875,267.80859375,256,64.0,200,0,0687bb27f05141a424b31da9247a1c02625c10a06caaa5ff34a33daeb97eabec,pre-delivered response acceptance only
Pi_Ethernet,memory_pressure,synthetic,4096,ext_rebuild,4,0021-synthetic-n4096-ext_rebuild-t4-memory_pressure,200,0.5541855,0.580825,0.5932597799999997,0.5529725,0.55388191,88.33984375,87.98046875,267.80859375,256,64.0,200,0,0687bb27f05141a424b31da9247a1c02625c10a06caaa5ff34a33daeb97eabec,pre-delivered response acceptance only
Pi_Ethernet,memory_pressure,synthetic,4096,full,0,0011-synthetic-n4096-full-t0-memory_pressure,200,0.551963,0.5793439,0.5940350299999999,0.5507595000000001,0.550841525,88.34375,87.984375,267.80859375,256,64.0,200,0,0687bb27f05141a424b31da9247a1c02625c10a06caaa5ff34a33daeb97eabec,pre-delivered response acceptance only
Pi_Ethernet,memory_pressure,synthetic,4096,full,1,0054-synthetic-n4096-full-t1-memory_pressure,200,0.560398,0.58746785,0.6050534799999999,0.5592125,0.559518065,88.33984375,87.984375,269.86328125,256,64.0,200,0,0687bb27f05141a424b31da9247a1c02625c10a06caaa5ff34a33daeb97eabec,pre-delivered response acceptance only
Pi_Ethernet,memory_pressure,synthetic,4096,full,2,0022-synthetic-n4096-full-t2-memory_pressure,200,0.5514265,0.5792051,0.5922570699999998,0.550037,0.55105626,88.3359375,87.9765625,267.80859375,256,64.0,200,0,0687bb27f05141a424b31da9247a1c02625c10a06caaa5ff34a33daeb97eabec,pre-delivered response acceptance only
Pi_Ethernet,memory_pressure,synthetic,4096,full,3,0003-synthetic-n4096-full-t3-memory_pressure,200,0.5608420000000001,0.58644475,0.6027833699999999,0.5595275,0.55925091,88.32421875,87.96484375,250.1640625,256,64.0,200,0,0687bb27f05141a424b31da9247a1c02625c10a06caaa5ff34a33daeb97eabec,pre-delivered response acceptance only
Pi_Ethernet,memory_pressure,synthetic,4096,full,4,0019-synthetic-n4096-full-t4-memory_pressure,200,0.5540835,0.5778791,0.5946274999999993,0.552861,0.55301129,88.34375,87.984375,267.80859375,256,64.0,200,0,0687bb27f05141a424b31da9247a1c02625c10a06caaa5ff34a33daeb97eabec,pre-delivered response acceptance only
Pi_Ethernet,memory_pressure,synthetic,4096,leaf,0,0018-synthetic-n4096-leaf-t0-memory_pressure,200,22.8360035,23.20599975,23.385721389999997,22.832143,22.818909645,90.08984375,87.98046875,267.80859375,256,64.0,200,0,0687bb27f05141a424b31da9247a1c02625c10a06caaa5ff34a33daeb97eabec,pre-delivered response acceptance only
Pi_Ethernet,memory_pressure,synthetic,4096,leaf,1,0045-synthetic-n4096-leaf-t1-memory_pressure,200,23.6093865,24.0365813,24.218129599999997,23.604636499999998,23.55745402,90.0859375,87.9765625,269.86328125,256,64.0,200,0,0687bb27f05141a424b31da9247a1c02625c10a06caaa5ff34a33daeb97eabec,pre-delivered response acceptance only
Pi_Ethernet,memory_pressure,synthetic,4096,leaf,2,0026-synthetic-n4096-leaf-t2-memory_pressure,200,22.477066999999998,22.8493172,23.104942400000002,22.4722245,22.474055215,90.07421875,87.96875,267.80859375,256,64.0,200,0,0687bb27f05141a424b31da9247a1c02625c10a06caaa5ff34a33daeb97eabec,pre-delivered response acceptance only
Pi_Ethernet,memory_pressure,synthetic,4096,leaf,3,0017-synthetic-n4096-leaf-t3-memory_pressure,200,22.190078,22.4811696,22.90393303,22.186143,22.16255631,90.08984375,87.984375,267.80859375,256,64.0,200,0,0687bb27f05141a424b31da9247a1c02625c10a06caaa5ff34a33daeb97eabec,pre-delivered response acceptance only
Pi_Ethernet,memory_pressure,synthetic,4096,leaf,4,0015-synthetic-n4096-leaf-t4-memory_pressure,200,22.686985999999997,23.015498299999997,23.17410074,22.683625499999998,22.660765845,90.0859375,87.98046875,267.80859375,256,64.0,200,0,0687bb27f05141a424b31da9247a1c02625c10a06caaa5ff34a33daeb97eabec,pre-delivered response acceptance only
Pi_Ethernet,network,ethereum_rpc_finalized_json,69,ext_cached,0,0068-ethereum_rpc_finalized_json-n69-ext_cached-t0-network,200,85.935176,160.5416655,185.63850122999997,10.085389,10.56732693,28.08984375,24.0390625,277.3203125,0,0.0,200,632568.66,b30fd288c6fd25990944a24194c89dc578c58e3c230cc8ec278c49dc890c3c38,request/read through verified acceptance
Pi_Ethernet,network,ethereum_rpc_finalized_json,69,ext_cached,1,0007-ethereum_rpc_finalized_json-n69-ext_cached-t1-network,200,75.5894145,151.29070055,166.53650121999996,9.424007,10.204690745,28.57421875,24.03125,267.8046875,0,0.0,200,606714.385,b30fd288c6fd25990944a24194c89dc578c58e3c230cc8ec278c49dc890c3c38,request/read through verified acceptance
Pi_Ethernet,network,ethereum_rpc_finalized_json,69,ext_cached,2,0005-ethereum_rpc_finalized_json-n69-ext_cached-t2-network,200,81.942864,159.6789419,184.9195379699999,10.366804,10.879791785,27.9609375,24.03125,267.38671875,0,0.0,200,649745.0,b30fd288c6fd25990944a24194c89dc578c58e3c230cc8ec278c49dc890c3c38,request/read through verified acceptance
Pi_Ethernet,network,ethereum_rpc_finalized_json,69,ext_cached,3,0004-ethereum_rpc_finalized_json-n69-ext_cached-t3-network,200,81.50520900000001,163.2022285,187.20940301999997,10.152315999999999,10.914822105,28.23046875,24.0390625,265.625,0,0.0,200,652725.68,b30fd288c6fd25990944a24194c89dc578c58e3c230cc8ec278c49dc890c3c38,request/read through verified acceptance
Pi_Ethernet,network,ethereum_rpc_finalized_json,69,ext_cached,4,0044-ethereum_rpc_finalized_json-n69-ext_cached-t4-network,200,80.63355999999999,164.5036014,189.8921972299999,10.231645,10.846483495,30.05078125,24.03125,269.86328125,0,0.0,200,649418.16,b30fd288c6fd25990944a24194c89dc578c58e3c230cc8ec278c49dc890c3c38,request/read through verified acceptance
Pi_Ethernet,network,ethereum_rpc_finalized_json,69,ext_rebuild,0,0008-ethereum_rpc_finalized_json-n69-ext_rebuild-t0-network,200,344.0677915,422.98523515,425.53468085,10.2480775,10.60039803,28.08203125,24.03515625,267.80859375,0,0.0,200,632578.68,b30fd288c6fd25990944a24194c89dc578c58e3c230cc8ec278c49dc890c3c38,request/read through verified acceptance
Pi_Ethernet,network,ethereum_rpc_finalized_json,69,ext_rebuild,1,0006-ethereum_rpc_finalized_json-n69-ext_rebuild-t1-network,200,337.0946935,412.980601,413.60254329,9.5149305,10.21749136,28.56640625,24.02734375,267.4609375,0,0.0,200,606724.96,b30fd288c6fd25990944a24194c89dc578c58e3c230cc8ec278c49dc890c3c38,request/read through verified acceptance
Pi_Ethernet,network,ethereum_rpc_finalized_json,69,ext_rebuild,2,0072-ethereum_rpc_finalized_json-n69-ext_rebuild-t2-network,200,342.466044,420.7861226,423.28564406,10.182347499999999,10.87747025,27.9453125,24.01953125,277.3203125,0,0.0,200,649755.72,b30fd288c6fd25990944a24194c89dc578c58e3c230cc8ec278c49dc890c3c38,request/read through verified acceptance
Pi_Ethernet,network,ethereum_rpc_finalized_json,69,ext_rebuild,3,0058-ethereum_rpc_finalized_json-n69-ext_rebuild-t3-network,200,343.60355100000004,424.75174695,427.11901686000004,10.284774500000001,10.910997745,28.22265625,24.03125,271.38671875,0,0.0,200,652736.48,b30fd288c6fd25990944a24194c89dc578c58e3c230cc8ec278c49dc890c3c38,request/read through verified acceptance
Pi_Ethernet,network,ethereum_rpc_finalized_json,69,ext_rebuild,4,0024-ethereum_rpc_finalized_json-n69-ext_rebuild-t4-network,200,344.403588,427.32558394999995,429.65263826,10.1716575,10.894667415,30.05078125,24.03125,267.80859375,0,0.0,200,649428.99,b30fd288c6fd25990944a24194c89dc578c58e3c230cc8ec278c49dc890c3c38,request/read through verified acceptance
Pi_Ethernet,network,ethereum_rpc_finalized_json,69,full,0,0029-ethereum_rpc_finalized_json-n69-full-t0-network,200,81.3576315,160.78440335,185.95902157999996,10.173463,10.60634583,28.0859375,24.0390625,268.0078125,0,0.0,200,632555.525,b30fd288c6fd25990944a24194c89dc578c58e3c230cc8ec278c49dc890c3c38,request/read through verified acceptance
Pi_Ethernet,network,ethereum_rpc_finalized_json,69,full,1,0066-ethereum_rpc_finalized_json-n69-full-t1-network,200,75.5992535,151.64717025,170.23586972,9.383215499999999,10.21167507,28.5703125,24.03125,276.25,0,0.0,200,606702.435,b30fd288c6fd25990944a24194c89dc578c58e3c230cc8ec278c49dc890c3c38,request/read through verified acceptance
Pi_Ethernet,network,ethereum_rpc_finalized_json,69,full,2,0038-ethereum_rpc_finalized_json-n69-full-t2-network,200,80.88458,160.27282225,180.74766122999992,10.270689,10.88362714,27.94921875,24.0234375,269.375,0,0.0,200,649732.69,b30fd288c6fd25990944a24194c89dc578c58e3c230cc8ec278c49dc890c3c38,request/read through verified acceptance
Pi_Ethernet,network,ethereum_rpc_finalized_json,69,full,3,0002-ethereum_rpc_finalized_json-n69-full-t3-network,200,85.3216525,179.00394354999995,191.10856529999998,10.229349500000001,10.921422925,28.22265625,24.03125,250.1640625,0,0.0,200,652713.94,b30fd288c6fd25990944a24194c89dc578c58e3c230cc8ec278c49dc890c3c38,request/read through verified acceptance
Pi_Ethernet,network,ethereum_rpc_finalized_json,69,full,4,0009-ethereum_rpc_finalized_json-n69-full-t4-network,200,80.590129,164.4883359,183.15437248999996,10.241883999999999,10.895872605,30.046875,24.02734375,267.80859375,0,0.0,200,649406.135,b30fd288c6fd25990944a24194c89dc578c58e3c230cc8ec278c49dc890c3c38,request/read through verified acceptance
Pi_Ethernet,network,ethereum_rpc_finalized_json,69,leaf,0,0060-ethereum_rpc_finalized_json-n69-leaf-t0-network,200,83.32419,161.44534125,186.96283927,10.863228,11.35437587,28.0625,24.0390625,271.38671875,0,0.0,200,640466.605,b30fd288c6fd25990944a24194c89dc578c58e3c230cc8ec278c49dc890c3c38,request/read through verified acceptance
Pi_Ethernet,network,ethereum_rpc_finalized_json,69,leaf,1,0010-ethereum_rpc_finalized_json-n69-leaf-t1-network,200,83.957492,153.19419670000002,172.24252499000002,10.379298,10.95720094,28.83203125,24.03515625,267.80859375,0,0.0,200,614613.8,b30fd288c6fd25990944a24194c89dc578c58e3c230cc8ec278c49dc890c3c38,request/read through verified acceptance
Pi_Ethernet,network,ethereum_rpc_finalized_json,69,leaf,2,0067-ethereum_rpc_finalized_json-n69-leaf-t2-network,200,83.2822745,162.07898014999998,182.2227882699999,11.075428500000001,11.70293261,28.62109375,24.0234375,277.25,0,0.0,200,657643.855,b30fd288c6fd25990944a24194c89dc578c58e3c230cc8ec278c49dc890c3c38,request/read through verified acceptance
Pi_Ethernet,network,ethereum_rpc_finalized_json,69,leaf,3,0013-ethereum_rpc_finalized_json-n69-leaf-t3-network,200,82.2564075,164.92080865,190.52032626,11.0736395,11.719569835,28.69921875,24.04296875,267.80859375,0,0.0,200,660624.4,b30fd288c6fd25990944a24194c89dc578c58e3c230cc8ec278c49dc890c3c38,request/read through verified acceptance
Pi_Ethernet,network,ethereum_rpc_finalized_json,69,leaf,4,0057-ethereum_rpc_finalized_json-n69-leaf-t4-network,200,83.469844,166.70367185,187.98041652999996,11.14351,11.66950248,30.30859375,24.0390625,271.38671875,0,0.0,200,657317.32,b30fd288c6fd25990944a24194c89dc578c58e3c230cc8ec278c49dc890c3c38,request/read through verified acceptance
Pi_Ethernet,network,synthetic,512,ext_cached,0,0023-synthetic-n512-ext_cached-t0-network,200,3.9630834999999998,6.3307434,7.880415899999999,0.6357395,0.63261591,25.19140625,24.0390625,267.80859375,0,0.0,200,4729.775,399484347219683dce319075ea78057e1e8ffcce90859b513ec913109fec9398,request/read through verified acceptance
Pi_Ethernet,network,synthetic,512,ext_cached,1,0016-synthetic-n512-ext_cached-t1-network,200,3.9113615,4.003741600000001,4.170931439999998,0.617656,0.618040375,25.18359375,24.03125,267.80859375,0,0.0,200,4729.74,399484347219683dce319075ea78057e1e8ffcce90859b513ec913109fec9398,request/read through verified acceptance
Pi_Ethernet,network,synthetic,512,ext_cached,2,0070-synthetic-n512-ext_cached-t2-network,200,3.945196,4.02442,4.387797649999999,0.6269355,0.627293025,25.18359375,24.03125,277.3203125,0,0.0,200,4729.74,399484347219683dce319075ea78057e1e8ffcce90859b513ec913109fec9398,request/read through verified acceptance
Pi_Ethernet,network,synthetic,512,ext_cached,3,0061-synthetic-n512-ext_cached-t3-network,200,3.949259,4.06835145,4.41489859,0.6282025,0.625682075,25.18359375,24.03125,271.38671875,0,0.0,200,4729.51,399484347219683dce319075ea78057e1e8ffcce90859b513ec913109fec9398,request/read through verified acceptance
Pi_Ethernet,network,synthetic,512,ext_cached,4,0032-synthetic-n512-ext_cached-t4-network,200,3.985293,4.0538346,4.299739,0.6385164999999999,0.633600445,25.19140625,24.0390625,268.0078125,0,0.0,200,4729.76,399484347219683dce319075ea78057e1e8ffcce90859b513ec913109fec9398,request/read through verified acceptance
Pi_Ethernet,network,synthetic,512,ext_rebuild,0,0043-synthetic-n512-ext_rebuild-t0-network,200,78.6839615,79.54220600000001,80.9171064999999,0.661322,0.660393775,25.1875,24.0390625,269.375,0,0.0,200,4739.775,399484347219683dce319075ea78057e1e8ffcce90859b513ec913109fec9398,request/read through verified acceptance
Pi_Ethernet,network,synthetic,512,ext_rebuild,1,0035-synthetic-n512-ext_rebuild-t1-network,200,78.74995799999999,79.31841265,80.8305042299999,0.6493869999999999,0.65094449,25.18359375,24.03125,268.0078125,0,0.0,200,4739.755,399484347219683dce319075ea78057e1e8ffcce90859b513ec913109fec9398,request/read through verified acceptance
Pi_Ethernet,network,synthetic,512,ext_rebuild,2,0030-synthetic-n512-ext_rebuild-t2-network,200,78.517417,79.1003446,80.64430702999998,0.6514245000000001,0.651603155,25.1875,24.0390625,268.0078125,0,0.0,200,4739.755,399484347219683dce319075ea78057e1e8ffcce90859b513ec913109fec9398,request/read through verified acceptance
Pi_Ethernet,network,synthetic,512,ext_rebuild,3,0034-synthetic-n512-ext_rebuild-t3-network,200,78.802621,79.53051710000001,80.94342024999986,0.6483595,0.651342045,25.171875,24.0234375,268.0078125,0,0.0,200,4739.51,399484347219683dce319075ea78057e1e8ffcce90859b513ec913109fec9398,request/read through verified acceptance
Pi_Ethernet,network,synthetic,512,ext_rebuild,4,0046-synthetic-n512-ext_rebuild-t4-network,200,78.7990925,79.5992008,80.92718249999984,0.64923,0.651609885,25.18359375,24.03515625,269.86328125,0,0.0,200,4739.775,399484347219683dce319075ea78057e1e8ffcce90859b513ec913109fec9398,request/read through verified acceptance
Pi_Ethernet,network,synthetic,512,full,0,0033-synthetic-n512-full-t0-network,200,3.9340345,3.99950925,4.32142215,0.6323970000000001,0.62963863,25.1875,24.0390625,268.0078125,0,0.0,200,4717.76,399484347219683dce319075ea78057e1e8ffcce90859b513ec913109fec9398,request/read through verified acceptance
Pi_Ethernet,network,synthetic,512,full,1,0059-synthetic-n512-full-t1-network,200,3.9552769999999997,7.732182149999999,7.82962255,0.6225635,0.62299071,25.18359375,24.03515625,271.38671875,0,0.0,200,4717.805,399484347219683dce319075ea78057e1e8ffcce90859b513ec913109fec9398,request/read through verified acceptance
Pi_Ethernet,network,synthetic,512,full,2,0000-synthetic-n512-full-t2-network,200,3.931325,4.06116155,4.337115809999999,0.61911,0.61781319,25.18359375,24.03515625,108.46875,0,0.0,200,4716.74,399484347219683dce319075ea78057e1e8ffcce90859b513ec913109fec9398,request/read through verified acceptance
Pi_Ethernet,network,synthetic,512,full,3,0049-synthetic-n512-full-t3-network,200,3.9420640000000002,4.0656528,4.413725689999999,0.627221,0.62517785,25.1875,24.0390625,269.86328125,0,0.0,200,4717.51,399484347219683dce319075ea78057e1e8ffcce90859b513ec913109fec9398,request/read through verified acceptance
Pi_Ethernet,network,synthetic,512,full,4,0042-synthetic-n512-full-t4-network,200,3.936148,4.06053895,4.38912739,0.6246195,0.624295705,25.1875,24.0390625,269.375,0,0.0,200,4717.76,399484347219683dce319075ea78057e1e8ffcce90859b513ec913109fec9398,request/read through verified acceptance
Pi_Ethernet,network,synthetic,512,leaf,0,0028-synthetic-n512-leaf-t0-network,200,10.6935365,11.0098157,15.899806639999998,3.3820895,3.373413885,25.4609375,24.03125,267.80859375,0,0.0,200,38166.795,399484347219683dce319075ea78057e1e8ffcce90859b513ec913109fec9398,request/read through verified acceptance
Pi_Ethernet,network,synthetic,512,leaf,1,0062-synthetic-n512-leaf-t1-network,200,10.767656,10.991733499999999,16.11726763,3.3983235,3.392715655,25.453125,24.0234375,271.38671875,0,0.0,200,38166.77,399484347219683dce319075ea78057e1e8ffcce90859b513ec913109fec9398,request/read through verified acceptance
Pi_Ethernet,network,synthetic,512,leaf,2,0027-synthetic-n512-leaf-t2-network,200,12.43338,12.812031999999999,16.00545796,3.477406,3.47415626,25.45703125,24.02734375,267.80859375,0,0.0,200,38166.92,399484347219683dce319075ea78057e1e8ffcce90859b513ec913109fec9398,request/read through verified acceptance
Pi_Ethernet,network,synthetic,512,leaf,3,0025-synthetic-n512-leaf-t3-network,200,10.7828235,12.51355015,14.87215863,3.4279159999999997,3.421281125,25.46875,24.04296875,267.80859375,0,0.0,200,38166.55,399484347219683dce319075ea78057e1e8ffcce90859b513ec913109fec9398,request/read through verified acceptance
Pi_Ethernet,network,synthetic,512,leaf,4,0048-synthetic-n512-leaf-t4-network,200,10.804654,12.44991345,14.093987290000001,3.3918239999999997,3.389508895,25.4609375,24.03125,269.86328125,0,0.0,200,38166.815,399484347219683dce319075ea78057e1e8ffcce90859b513ec913109fec9398,request/read through verified acceptance
Pi_Ethernet,network,synthetic,4096,ext_cached,0,0069-synthetic-n4096-ext_cached-t0-network,200,4.056991,4.15401565,4.348824859999999,0.6465095000000001,0.644967035,25.19140625,24.03125,277.3203125,0,0.0,200,5023.36,0687bb27f05141a424b31da9247a1c02625c10a06caaa5ff34a33daeb97eabec,request/read through verified acceptance
Pi_Ethernet,network,synthetic,4096,ext_cached,1,0001-synthetic-n4096-ext_cached-t1-network,200,4.0013555,4.12691375,4.4215357599999985,0.6429705,0.64104297,25.1953125,24.03125,133.40234375,0,0.0,200,5022.155,0687bb27f05141a424b31da9247a1c02625c10a06caaa5ff34a33daeb97eabec,request/read through verified acceptance
Pi_Ethernet,network,synthetic,4096,ext_cached,2,0037-synthetic-n4096-ext_cached-t2-network,200,4.046525,7.9746169,8.19918334,0.6395445,0.637102125,25.19140625,24.02734375,268.0078125,0,0.0,200,5023.58,0687bb27f05141a424b31da9247a1c02625c10a06caaa5ff34a33daeb97eabec,request/read through verified acceptance
Pi_Ethernet,network,synthetic,4096,ext_cached,3,0055-synthetic-n4096-ext_cached-t3-network,200,4.063905,7.997532049999999,8.07158692,0.644536,0.64340665,25.1953125,24.03515625,269.86328125,0,0.0,200,5023.435,0687bb27f05141a424b31da9247a1c02625c10a06caaa5ff34a33daeb97eabec,request/read through verified acceptance
Pi_Ethernet,network,synthetic,4096,ext_cached,4,0047-synthetic-n4096-ext_cached-t4-network,200,4.0672755,4.196791399999999,4.5887410499999985,0.6497025000000001,0.64940866,25.203125,24.0390625,269.86328125,0,0.0,200,5023.76,0687bb27f05141a424b31da9247a1c02625c10a06caaa5ff34a33daeb97eabec,request/read through verified acceptance
Pi_Ethernet,network,synthetic,4096,ext_rebuild,0,0036-synthetic-n4096-ext_rebuild-t0-network,200,602.5021295,604.46719175,605.21273273,0.7308859999999999,0.72153162,25.1953125,24.0390625,268.0078125,0,0.0,200,5037.36,0687bb27f05141a424b31da9247a1c02625c10a06caaa5ff34a33daeb97eabec,request/read through verified acceptance
Pi_Ethernet,network,synthetic,4096,ext_rebuild,1,0039-synthetic-n4096-ext_rebuild-t1-network,200,605.2180145,607.33124015,608.3149369299999,0.7263310000000001,0.716016545,25.19140625,24.03515625,269.375,0,0.0,200,5037.15,0687bb27f05141a424b31da9247a1c02625c10a06caaa5ff34a33daeb97eabec,request/read through verified acceptance
Pi_Ethernet,network,synthetic,4096,ext_rebuild,2,0020-synthetic-n4096-ext_rebuild-t2-network,200,603.4602695,606.1384983,608.3514594,0.7239789999999999,0.7160683,25.19140625,24.0390625,267.80859375,0,0.0,200,5037.51,0687bb27f05141a424b31da9247a1c02625c10a06caaa5ff34a33daeb97eabec,request/read through verified acceptance
Pi_Ethernet,network,synthetic,4096,ext_rebuild,3,0014-synthetic-n4096-ext_rebuild-t3-network,200,600.4415035,603.1618267499999,604.25609074,0.7245625,0.715745335,25.19140625,24.0390625,267.80859375,0,0.0,200,5037.37,0687bb27f05141a424b31da9247a1c02625c10a06caaa5ff34a33daeb97eabec,request/read through verified acceptance
Pi_Ethernet,network,synthetic,4096,ext_rebuild,4,0021-synthetic-n4096-ext_rebuild-t4-network,200,600.856655,602.962291,603.9103732799999,0.7266915,0.714205105,25.19921875,24.04296875,267.80859375,0,0.0,200,5037.76,0687bb27f05141a424b31da9247a1c02625c10a06caaa5ff34a33daeb97eabec,request/read through verified acceptance
Pi_Ethernet,network,synthetic,4096,full,0,0011-synthetic-n4096-full-t0-network,200,4.0122295,4.11579155,4.446315579999999,0.6392485,0.63835478,25.1875,24.03515625,267.80859375,0,0.0,200,5011.36,0687bb27f05141a424b31da9247a1c02625c10a06caaa5ff34a33daeb97eabec,request/read through verified acceptance
Pi_Ethernet,network,synthetic,4096,full,1,0054-synthetic-n4096-full-t1-network,200,4.04934,4.1178099999999995,4.499376499999999,0.649193,0.648575995,25.1875,24.03515625,269.86328125,0,0.0,200,5011.15,0687bb27f05141a424b31da9247a1c02625c10a06caaa5ff34a33daeb97eabec,request/read through verified acceptance
Pi_Ethernet,network,synthetic,4096,full,2,0022-synthetic-n4096-full-t2-network,200,4.0644145,4.173489899999999,4.364969999999998,0.649026,0.64650938,25.19140625,24.0390625,267.80859375,0,0.0,200,5011.51,0687bb27f05141a424b31da9247a1c02625c10a06caaa5ff34a33daeb97eabec,request/read through verified acceptance
Pi_Ethernet,network,synthetic,4096,full,3,0003-synthetic-n4096-full-t3-network,200,4.009513999999999,4.1128165999999995,4.367304609999999,0.6374525,0.63556359,25.19140625,24.0390625,250.1640625,0,0.0,200,5011.37,0687bb27f05141a424b31da9247a1c02625c10a06caaa5ff34a33daeb97eabec,request/read through verified acceptance
Pi_Ethernet,network,synthetic,4096,full,4,0019-synthetic-n4096-full-t4-network,200,4.039517,4.19096335,4.312221299999998,0.6480075000000001,0.645840815,25.19140625,24.0390625,267.80859375,0,0.0,200,5011.76,0687bb27f05141a424b31da9247a1c02625c10a06caaa5ff34a33daeb97eabec,request/read through verified acceptance
Pi_Ethernet,network,synthetic,4096,leaf,0,0018-synthetic-n4096-leaf-t0-network,200,67.068322,69.30240895,69.77042837,23.5061505,23.496229505,27.2578125,24.03515625,267.80859375,0,0.0,200,278302.38,0687bb27f05141a424b31da9247a1c02625c10a06caaa5ff34a33daeb97eabec,request/read through verified acceptance
Pi_Ethernet,network,synthetic,4096,leaf,1,0045-synthetic-n4096-leaf-t1-network,200,67.110795,69.3460984,69.65280167,22.706243999999998,22.704859535,27.28515625,24.03125,269.86328125,0,0.0,200,278302.285,0687bb27f05141a424b31da9247a1c02625c10a06caaa5ff34a33daeb97eabec,request/read through verified acceptance
Pi_Ethernet,network,synthetic,4096,leaf,2,0026-synthetic-n4096-leaf-t2-network,200,67.128984,69.219188,69.60839808999998,23.0622795,23.05268537,27.26171875,24.0390625,267.80859375,0,0.0,200,278302.54,0687bb27f05141a424b31da9247a1c02625c10a06caaa5ff34a33daeb97eabec,request/read through verified acceptance
Pi_Ethernet,network,synthetic,4096,leaf,3,0017-synthetic-n4096-leaf-t3-network,200,66.30428599999999,68.58787595,68.97947391999999,22.647395,22.636150165,27.28515625,24.03125,267.80859375,0,0.0,200,278302.385,0687bb27f05141a424b31da9247a1c02625c10a06caaa5ff34a33daeb97eabec,request/read through verified acceptance
Pi_Ethernet,network,synthetic,4096,leaf,4,0015-synthetic-n4096-leaf-t4-network,200,66.24228550000001,68.50174285,68.98103836,22.709051,22.713162045,27.25390625,24.03125,267.80859375,0,0.0,200,278302.775,0687bb27f05141a424b31da9247a1c02625c10a06caaa5ff34a33daeb97eabec,request/read through verified acceptance
Pi_Ethernet,original_e2,synthetic,512,B1_verified,0,original-n512-B1_verified-t0,200,0.39443,0.40550695000000003,0.42962885999999995,,,,,,,,,,,unchanged original E2 acceptance after in-process handoff
Pi_Ethernet,original_e2,synthetic,512,B1_verified,1,original-n512-B1_verified-t1,200,0.394772,0.42551624999999993,0.4762523699999997,,,,,,,,,,,unchanged original E2 acceptance after in-process handoff
Pi_Ethernet,original_e2,synthetic,512,B1_verified,2,original-n512-B1_verified-t2,200,0.3941515,0.404964,0.42589300999999996,,,,,,,,,,,unchanged original E2 acceptance after in-process handoff
Pi_Ethernet,original_e2,synthetic,512,B1_verified,3,original-n512-B1_verified-t3,200,0.391837,0.4055736,0.4381154,,,,,,,,,,,unchanged original E2 acceptance after in-process handoff
Pi_Ethernet,original_e2,synthetic,512,B1_verified,4,original-n512-B1_verified-t4,200,0.388911,0.40060965,0.44279736999999975,,,,,,,,,,,unchanged original E2 acceptance after in-process handoff
Pi_Ethernet,original_e2,synthetic,512,B2_full,0,original-n512-B2_full-t0,200,0.3943185,0.40506485,0.4266524799999997,,,,,,,,,,,unchanged original E2 acceptance after in-process handoff
Pi_Ethernet,original_e2,synthetic,512,B2_full,1,original-n512-B2_full-t1,200,0.394837,0.40809215,0.4264211099999999,,,,,,,,,,,unchanged original E2 acceptance after in-process handoff
Pi_Ethernet,original_e2,synthetic,512,B2_full,2,original-n512-B2_full-t2,200,0.3946145,0.4078502,0.4439458899999998,,,,,,,,,,,unchanged original E2 acceptance after in-process handoff
Pi_Ethernet,original_e2,synthetic,512,B2_full,3,original-n512-B2_full-t3,200,0.3914665,0.4051115,0.42520328999999973,,,,,,,,,,,unchanged original E2 acceptance after in-process handoff
Pi_Ethernet,original_e2,synthetic,512,B2_full,4,original-n512-B2_full-t4,200,0.3876335,0.4000039499999999,0.43286044999999995,,,,,,,,,,,unchanged original E2 acceptance after in-process handoff
Pi_Ethernet,original_e2,synthetic,512,B3_leaf,0,original-n512-B3_leaf-t0,200,2.677072,2.6982459999999997,2.7484760099999996,,,,,,,,,,,unchanged original E2 acceptance after in-process handoff
Pi_Ethernet,original_e2,synthetic,512,B3_leaf,1,original-n512-B3_leaf-t1,200,2.6664515,2.6944750499999994,2.8344668699999986,,,,,,,,,,,unchanged original E2 acceptance after in-process handoff
Pi_Ethernet,original_e2,synthetic,512,B3_leaf,2,original-n512-B3_leaf-t2,200,2.646758,2.66422055,2.70663903,,,,,,,,,,,unchanged original E2 acceptance after in-process handoff
Pi_Ethernet,original_e2,synthetic,512,B3_leaf,3,original-n512-B3_leaf-t3,200,2.665674,2.70715635,2.8710667699999988,,,,,,,,,,,unchanged original E2 acceptance after in-process handoff
Pi_Ethernet,original_e2,synthetic,512,B3_leaf,4,original-n512-B3_leaf-t4,200,2.6425265,2.6996636,2.9658142599999997,,,,,,,,,,,unchanged original E2 acceptance after in-process handoff
Pi_Ethernet,original_e2,synthetic,512,B4_ext,0,original-n512-B4_ext-t0,200,0.392606,0.40483635,0.4578338099999999,,,,,,,,,,,unchanged original E2 acceptance after in-process handoff
Pi_Ethernet,original_e2,synthetic,512,B4_ext,1,original-n512-B4_ext-t1,200,0.39339250000000003,0.40425485,0.42951441,,,,,,,,,,,unchanged original E2 acceptance after in-process handoff
Pi_Ethernet,original_e2,synthetic,512,B4_ext,2,original-n512-B4_ext-t2,200,0.39479050000000004,0.40623775,0.42403954999999965,,,,,,,,,,,unchanged original E2 acceptance after in-process handoff
Pi_Ethernet,original_e2,synthetic,512,B4_ext,3,original-n512-B4_ext-t3,200,0.391735,0.4045773999999999,0.4354556599999994,,,,,,,,,,,unchanged original E2 acceptance after in-process handoff
Pi_Ethernet,original_e2,synthetic,512,B4_ext,4,original-n512-B4_ext-t4,200,0.3885875,0.40010460000000003,0.4169572099999996,,,,,,,,,,,unchanged original E2 acceptance after in-process handoff
Pi_Ethernet,original_e2,synthetic,4096,B1_verified,0,original-n4096-B1_verified-t0,200,0.4048275,0.4184071,0.43735247,,,,,,,,,,,unchanged original E2 acceptance after in-process handoff
Pi_Ethernet,original_e2,synthetic,4096,B1_verified,1,original-n4096-B1_verified-t1,200,0.4051885,0.4179612,0.4393555899999999,,,,,,,,,,,unchanged original E2 acceptance after in-process handoff
Pi_Ethernet,original_e2,synthetic,4096,B1_verified,2,original-n4096-B1_verified-t2,200,0.4100585,0.42453655,0.4437378099999999,,,,,,,,,,,unchanged original E2 acceptance after in-process handoff
Pi_Ethernet,original_e2,synthetic,4096,B1_verified,3,original-n4096-B1_verified-t3,200,0.40571650000000004,0.4175944,0.4346551499999999,,,,,,,,,,,unchanged original E2 acceptance after in-process handoff
Pi_Ethernet,original_e2,synthetic,4096,B1_verified,4,original-n4096-B1_verified-t4,200,0.4108085,0.42700784999999997,0.44557647999999994,,,,,,,,,,,unchanged original E2 acceptance after in-process handoff
Pi_Ethernet,original_e2,synthetic,4096,B2_full,0,original-n4096-B2_full-t0,200,0.40679,0.4199501,0.44753102999999983,,,,,,,,,,,unchanged original E2 acceptance after in-process handoff
Pi_Ethernet,original_e2,synthetic,4096,B2_full,1,original-n4096-B2_full-t1,200,0.405059,0.41624059999999996,0.4328694799999999,,,,,,,,,,,unchanged original E2 acceptance after in-process handoff
Pi_Ethernet,original_e2,synthetic,4096,B2_full,2,original-n4096-B2_full-t2,200,0.4099665,0.42061339999999997,0.44430754999999994,,,,,,,,,,,unchanged original E2 acceptance after in-process handoff
Pi_Ethernet,original_e2,synthetic,4096,B2_full,3,original-n4096-B2_full-t3,200,0.4092445,0.4287165999999998,0.6389927699999994,,,,,,,,,,,unchanged original E2 acceptance after in-process handoff
Pi_Ethernet,original_e2,synthetic,4096,B2_full,4,original-n4096-B2_full-t4,200,0.411818,0.42341769999999995,0.44439354999999997,,,,,,,,,,,unchanged original E2 acceptance after in-process handoff
Pi_Ethernet,original_e2,synthetic,4096,B3_leaf,0,original-n4096-B3_leaf-t0,200,18.6022395,18.8776403,19.648210069999998,,,,,,,,,,,unchanged original E2 acceptance after in-process handoff
Pi_Ethernet,original_e2,synthetic,4096,B3_leaf,1,original-n4096-B3_leaf-t1,200,18.983715,19.208162549999997,19.68358506,,,,,,,,,,,unchanged original E2 acceptance after in-process handoff
Pi_Ethernet,original_e2,synthetic,4096,B3_leaf,2,original-n4096-B3_leaf-t2,200,18.935928,19.1594942,19.582914719999998,,,,,,,,,,,unchanged original E2 acceptance after in-process handoff
Pi_Ethernet,original_e2,synthetic,4096,B3_leaf,3,original-n4096-B3_leaf-t3,200,18.910584999999998,19.09487815,19.730070219999998,,,,,,,,,,,unchanged original E2 acceptance after in-process handoff
Pi_Ethernet,original_e2,synthetic,4096,B3_leaf,4,original-n4096-B3_leaf-t4,200,18.9504085,19.18905585,19.78275462,,,,,,,,,,,unchanged original E2 acceptance after in-process handoff
Pi_Ethernet,original_e2,synthetic,4096,B4_ext,0,original-n4096-B4_ext-t0,200,0.40713299999999997,0.41943015,0.4472973999999998,,,,,,,,,,,unchanged original E2 acceptance after in-process handoff
Pi_Ethernet,original_e2,synthetic,4096,B4_ext,1,original-n4096-B4_ext-t1,200,0.404976,0.41793665,0.4400610299999999,,,,,,,,,,,unchanged original E2 acceptance after in-process handoff
Pi_Ethernet,original_e2,synthetic,4096,B4_ext,2,original-n4096-B4_ext-t2,200,0.407466,0.42000509999999996,0.4756829999999998,,,,,,,,,,,unchanged original E2 acceptance after in-process handoff
Pi_Ethernet,original_e2,synthetic,4096,B4_ext,3,original-n4096-B4_ext-t3,200,0.406818,0.42181455,0.43821293,,,,,,,,,,,unchanged original E2 acceptance after in-process handoff
Pi_Ethernet,original_e2,synthetic,4096,B4_ext,4,original-n4096-B4_ext-t4,200,0.41114249999999997,0.42249449999999994,0.44126514999999994,,,,,,,,,,,unchanged original E2 acceptance after in-process handoff
Pi_WiFi,archive_retrieval,ethereum_rpc_finalized_json,69,archive,0,0012-ethereum_rpc_finalized_json-n69-archive-t0-archive_retrieval,200,17.05619,34.86275095,34.981666520000005,10.1728865,10.616509985,27.390625,23.96875,267.734375,0,0.0,200,0,b30fd288c6fd25990944a24194c89dc578c58e3c230cc8ec278c49dc890c3c38,request/read through verified acceptance
Pi_WiFi,archive_retrieval,ethereum_rpc_finalized_json,69,archive,1,0053-ethereum_rpc_finalized_json-n69-archive-t1-archive_retrieval,200,16.615758,33.80031505,33.960569629999995,9.362234,10.1977364,27.28515625,23.953125,269.546875,0,0.0,200,0,b30fd288c6fd25990944a24194c89dc578c58e3c230cc8ec278c49dc890c3c38,request/read through verified acceptance
Pi_WiFi,archive_retrieval,ethereum_rpc_finalized_json,69,archive,2,0056-ethereum_rpc_finalized_json-n69-archive-t2-archive_retrieval,200,17.493478,35.4388121,35.61272322,10.2368095,10.87582729,27.7265625,23.9609375,269.546875,0,0.0,200,0,b30fd288c6fd25990944a24194c89dc578c58e3c230cc8ec278c49dc890c3c38,request/read through verified acceptance
Pi_WiFi,archive_retrieval,ethereum_rpc_finalized_json,69,archive,3,0071-ethereum_rpc_finalized_json-n69-archive-t3-archive_retrieval,200,17.8819645,36.794609349999995,37.24353285,10.453158,10.97145179,28.1640625,23.96484375,276.0546875,0,0.0,200,0,b30fd288c6fd25990944a24194c89dc578c58e3c230cc8ec278c49dc890c3c38,request/read through verified acceptance
Pi_WiFi,archive_retrieval,ethereum_rpc_finalized_json,69,archive,4,0051-ethereum_rpc_finalized_json-n69-archive-t4-archive_retrieval,200,17.689679499999997,36.83123875,37.01752544,10.2547965,10.919963045,30.08984375,23.96484375,269.546875,0,0.0,200,0,b30fd288c6fd25990944a24194c89dc578c58e3c230cc8ec278c49dc890c3c38,request/read through verified acceptance
Pi_WiFi,archive_retrieval,synthetic,512,archive,0,0064-synthetic-n512-archive-t0-archive_retrieval,200,1.6263725,1.6665037999999999,1.7030411299999986,0.5644635,0.564128025,24.609375,23.9765625,271.1171875,0,0.0,200,0,399484347219683dce319075ea78057e1e8ffcce90859b513ec913109fec9398,request/read through verified acceptance
Pi_WiFi,archive_retrieval,synthetic,512,archive,1,0041-synthetic-n512-archive-t1-archive_retrieval,200,1.6057510000000002,1.68316955,2.042273529999999,0.5604629999999999,0.56317749,24.60546875,23.97265625,268.7265625,0,0.0,200,0,399484347219683dce319075ea78057e1e8ffcce90859b513ec913109fec9398,request/read through verified acceptance
Pi_WiFi,archive_retrieval,synthetic,512,archive,2,0063-synthetic-n512-archive-t2-archive_retrieval,200,1.6166045,1.6613580499999998,1.699218019999999,0.565084,0.56439307,24.60546875,23.97265625,271.1171875,0,0.0,200,0,399484347219683dce319075ea78057e1e8ffcce90859b513ec913109fec9398,request/read through verified acceptance
Pi_WiFi,archive_retrieval,synthetic,512,archive,3,0074-synthetic-n512-archive-t3-archive_retrieval,200,1.5916875,1.64340845,1.6695314799999996,0.5590835,0.55805994,24.6171875,23.98046875,276.0546875,0,0.0,200,0,399484347219683dce319075ea78057e1e8ffcce90859b513ec913109fec9398,request/read through verified acceptance
Pi_WiFi,archive_retrieval,synthetic,512,archive,4,0052-synthetic-n512-archive-t4-archive_retrieval,200,1.6022355,1.67122335,1.8203546599999996,0.5612135,0.561044155,24.5859375,23.96484375,269.546875,0,0.0,200,0,399484347219683dce319075ea78057e1e8ffcce90859b513ec913109fec9398,request/read through verified acceptance
Pi_WiFi,archive_retrieval,synthetic,4096,archive,0,0050-synthetic-n4096-archive-t0-archive_retrieval,200,1.6892625,1.7394280999999998,1.7866125499999996,0.5874634999999999,0.587157965,24.59375,23.97265625,269.546875,0,0.0,200,0,0687bb27f05141a424b31da9247a1c02625c10a06caaa5ff34a33daeb97eabec,request/read through verified acceptance
Pi_WiFi,archive_retrieval,synthetic,4096,archive,1,0065-synthetic-n4096-archive-t1-archive_retrieval,200,1.682733,1.8226158499999998,2.1327844799999993,0.592222,0.59375478,24.6015625,23.98046875,271.1171875,0,0.0,200,0,0687bb27f05141a424b31da9247a1c02625c10a06caaa5ff34a33daeb97eabec,request/read through verified acceptance
Pi_WiFi,archive_retrieval,synthetic,4096,archive,2,0040-synthetic-n4096-archive-t2-archive_retrieval,200,1.6942490000000001,1.7533822000000001,1.7906279799999991,0.5899715000000001,0.589590175,24.6015625,23.98046875,268.7265625,0,0.0,200,0,0687bb27f05141a424b31da9247a1c02625c10a06caaa5ff34a33daeb97eabec,request/read through verified acceptance
Pi_WiFi,archive_retrieval,synthetic,4096,archive,3,0073-synthetic-n4096-archive-t3-archive_retrieval,200,1.6948059999999998,1.7531183499999998,1.8331580299999994,0.585583,0.585224395,24.61328125,23.98046875,276.0546875,0,0.0,200,0,0687bb27f05141a424b31da9247a1c02625c10a06caaa5ff34a33daeb97eabec,request/read through verified acceptance
Pi_WiFi,archive_retrieval,synthetic,4096,archive,4,0031-synthetic-n4096-archive-t4-archive_retrieval,200,1.6960105,1.77405155,1.982344129999999,0.592518,0.593318305,24.609375,23.98046875,267.734375,0,0.0,200,0,0687bb27f05141a424b31da9247a1c02625c10a06caaa5ff34a33daeb97eabec,request/read through verified acceptance
Pi_WiFi,local,ethereum_rpc_finalized_json,69,archive,0,0012-ethereum_rpc_finalized_json-n69-archive-t0-local,200,10.339829,21.21111765,21.27330867,10.336273,10.78365634,26.8359375,23.97265625,267.734375,0,0.0,200,0,b30fd288c6fd25990944a24194c89dc578c58e3c230cc8ec278c49dc890c3c38,pre-delivered response acceptance only
Pi_WiFi,local,ethereum_rpc_finalized_json,69,archive,1,0053-ethereum_rpc_finalized_json-n69-archive-t1-local,200,9.4036965,18.932085700000002,19.02627295,9.3998725,10.22151339,27.12109375,23.98046875,269.546875,0,0.0,200,0,b30fd288c6fd25990944a24194c89dc578c58e3c230cc8ec278c49dc890c3c38,pre-delivered response acceptance only
Pi_WiFi,local,ethereum_rpc_finalized_json,69,archive,2,0056-ethereum_rpc_finalized_json-n69-archive-t2-local,200,10.306836,21.09102635,21.14562263,10.302864,11.088322395,26.734375,23.98046875,269.546875,0,0.0,200,0,b30fd288c6fd25990944a24194c89dc578c58e3c230cc8ec278c49dc890c3c38,pre-delivered response acceptance only
Pi_WiFi,local,ethereum_rpc_finalized_json,69,archive,3,0071-ethereum_rpc_finalized_json-n69-archive-t3-local,200,10.429556,21.0763278,21.15251118,10.4257505,11.033599665,27.2734375,23.98046875,276.0546875,0,0.0,200,0,b30fd288c6fd25990944a24194c89dc578c58e3c230cc8ec278c49dc890c3c38,pre-delivered response acceptance only
Pi_WiFi,local,ethereum_rpc_finalized_json,69,archive,4,0051-ethereum_rpc_finalized_json-n69-archive-t4-local,200,10.1470385,21.73572055,21.833593630000003,10.1427885,11.092846805,29.00390625,23.96875,269.546875,0,0.0,200,0,b30fd288c6fd25990944a24194c89dc578c58e3c230cc8ec278c49dc890c3c38,pre-delivered response acceptance only
Pi_WiFi,local,ethereum_rpc_finalized_json,69,ext_cached,0,0068-ethereum_rpc_finalized_json-n69-ext_cached-t0-local,200,10.3066055,21.0688692,21.14589307,10.3021055,10.75373469,26.8359375,23.9765625,276.0546875,0,0.0,200,0,b30fd288c6fd25990944a24194c89dc578c58e3c230cc8ec278c49dc890c3c38,pre-delivered response acceptance only
Pi_WiFi,local,ethereum_rpc_finalized_json,69,ext_cached,1,0007-ethereum_rpc_finalized_json-n69-ext_cached-t1-local,200,9.289548499999999,19.027584,19.092095590000003,9.2860865,10.16629922,27.1171875,23.9765625,267.734375,0,0.0,200,0,b30fd288c6fd25990944a24194c89dc578c58e3c230cc8ec278c49dc890c3c38,pre-delivered response acceptance only
Pi_WiFi,local,ethereum_rpc_finalized_json,69,ext_cached,2,0005-ethereum_rpc_finalized_json-n69-ext_cached-t2-local,200,10.267873999999999,21.059825449999998,21.1166337,10.263393,11.053558135,26.734375,23.9765625,266.625,0,0.0,200,0,b30fd288c6fd25990944a24194c89dc578c58e3c230cc8ec278c49dc890c3c38,pre-delivered response acceptance only
Pi_WiFi,local,ethereum_rpc_finalized_json,69,ext_cached,3,0004-ethereum_rpc_finalized_json-n69-ext_cached-t3-local,200,10.4789755,21.071348450000002,21.14316307,10.4747255,11.053742655,27.27734375,23.98046875,265.2265625,0,0.0,200,0,b30fd288c6fd25990944a24194c89dc578c58e3c230cc8ec278c49dc890c3c38,pre-delivered response acceptance only
Pi_WiFi,local,ethereum_rpc_finalized_json,69,ext_cached,4,0044-ethereum_rpc_finalized_json-n69-ext_cached-t4-local,200,10.1837935,21.8036982,21.92099912,10.1793125,11.11956624,29.0,23.96484375,269.546875,0,0.0,200,0,b30fd288c6fd25990944a24194c89dc578c58e3c230cc8ec278c49dc890c3c38,pre-delivered response acceptance only
Pi_WiFi,local,ethereum_rpc_finalized_json,69,ext_rebuild,0,0008-ethereum_rpc_finalized_json-n69-ext_rebuild-t0-local,200,10.297299500000001,21.0503845,21.10452389,10.292985,10.758035625,26.8359375,23.9765625,267.734375,0,0.0,200,0,b30fd288c6fd25990944a24194c89dc578c58e3c230cc8ec278c49dc890c3c38,pre-delivered response acceptance only
Pi_WiFi,local,ethereum_rpc_finalized_json,69,ext_rebuild,1,0006-ethereum_rpc_finalized_json-n69-ext_rebuild-t1-local,200,9.270783999999999,18.8048195,18.87293845,9.2678125,10.14983448,27.109375,23.97265625,267.33203125,0,0.0,200,0,b30fd288c6fd25990944a24194c89dc578c58e3c230cc8ec278c49dc890c3c38,pre-delivered response acceptance only
Pi_WiFi,local,ethereum_rpc_finalized_json,69,ext_rebuild,2,0072-ethereum_rpc_finalized_json-n69-ext_rebuild-t2-local,200,10.281086,21.123291299999998,21.205893939999996,10.276215,11.06602082,26.734375,23.98046875,276.0546875,0,0.0,200,0,b30fd288c6fd25990944a24194c89dc578c58e3c230cc8ec278c49dc890c3c38,pre-delivered response acceptance only
Pi_WiFi,local,ethereum_rpc_finalized_json,69,ext_rebuild,3,0058-ethereum_rpc_finalized_json-n69-ext_rebuild-t3-local,200,10.4653685,21.3050464,21.390613289999997,10.4615915,11.06325738,27.2734375,23.98046875,271.1171875,0,0.0,200,0,b30fd288c6fd25990944a24194c89dc578c58e3c230cc8ec278c49dc890c3c38,pre-delivered response acceptance only
Pi_WiFi,local,ethereum_rpc_finalized_json,69,ext_rebuild,4,0024-ethereum_rpc_finalized_json-n69-ext_rebuild-t4-local,200,10.1616075,21.748202900000003,21.85135592,10.157487,11.13484113,29.01953125,23.98046875,267.734375,0,0.0,200,0,b30fd288c6fd25990944a24194c89dc578c58e3c230cc8ec278c49dc890c3c38,pre-delivered response acceptance only
Pi_WiFi,local,ethereum_rpc_finalized_json,69,full,0,0029-ethereum_rpc_finalized_json-n69-full-t0-local,200,10.2585985,21.05951315,21.145613559999997,10.254496,10.722963245,26.83984375,23.9765625,267.734375,0,0.0,200,0,b30fd288c6fd25990944a24194c89dc578c58e3c230cc8ec278c49dc890c3c38,pre-delivered response acceptance only
Pi_WiFi,local,ethereum_rpc_finalized_json,69,full,1,0066-ethereum_rpc_finalized_json-n69-full-t1-local,200,9.3110945,19.056211649999998,19.10894729,9.3075855,10.229860155,27.10546875,23.96875,273.6171875,0,0.0,200,0,b30fd288c6fd25990944a24194c89dc578c58e3c230cc8ec278c49dc890c3c38,pre-delivered response acceptance only
Pi_WiFi,local,ethereum_rpc_finalized_json,69,full,2,0038-ethereum_rpc_finalized_json-n69-full-t2-local,200,10.2983405,20.326979849999983,21.298605950000002,10.2942475,11.07334608,27.234375,23.97265625,268.7265625,0,0.0,200,0,b30fd288c6fd25990944a24194c89dc578c58e3c230cc8ec278c49dc890c3c38,pre-delivered response acceptance only
Pi_WiFi,local,ethereum_rpc_finalized_json,69,full,3,0002-ethereum_rpc_finalized_json-n69-full-t3-local,200,10.7987285,21.09258585,21.1617113,10.795275,11.092387185,26.71875,23.96875,249.8125,0,0.0,200,0,b30fd288c6fd25990944a24194c89dc578c58e3c230cc8ec278c49dc890c3c38,pre-delivered response acceptance only
Pi_WiFi,local,ethereum_rpc_finalized_json,69,full,4,0009-ethereum_rpc_finalized_json-n69-full-t4-local,200,10.2130475,21.6579651,21.755920959999997,10.2097885,11.11081989,29.015625,23.9765625,267.734375,0,0.0,200,0,b30fd288c6fd25990944a24194c89dc578c58e3c230cc8ec278c49dc890c3c38,pre-delivered response acceptance only
Pi_WiFi,local,ethereum_rpc_finalized_json,69,leaf,0,0060-ethereum_rpc_finalized_json-n69-leaf-t0-local,200,11.158142000000002,21.82497575,21.92011063,11.153495,11.49827283,26.8359375,23.9609375,271.1171875,0,0.0,200,0,b30fd288c6fd25990944a24194c89dc578c58e3c230cc8ec278c49dc890c3c38,pre-delivered response acceptance only
Pi_WiFi,local,ethereum_rpc_finalized_json,69,leaf,1,0010-ethereum_rpc_finalized_json-n69-leaf-t1-local,200,10.049169,19.63010185,19.77154752,10.0457435,10.939177695,27.1875,23.97265625,267.734375,0,0.0,200,0,b30fd288c6fd25990944a24194c89dc578c58e3c230cc8ec278c49dc890c3c38,pre-delivered response acceptance only
Pi_WiFi,local,ethereum_rpc_finalized_json,69,leaf,2,0067-ethereum_rpc_finalized_json-n69-leaf-t2-local,200,11.025974000000001,20.91852635,20.982423299999997,11.022576,11.73120802,27.30859375,23.9765625,276.0546875,0,0.0,200,0,b30fd288c6fd25990944a24194c89dc578c58e3c230cc8ec278c49dc890c3c38,pre-delivered response acceptance only
Pi_WiFi,local,ethereum_rpc_finalized_json,69,leaf,3,0013-ethereum_rpc_finalized_json-n69-leaf-t3-local,200,11.3884585,21.865385399999997,22.093578360000002,11.383700000000001,11.90869312,27.34375,23.97265625,267.734375,0,0.0,200,0,b30fd288c6fd25990944a24194c89dc578c58e3c230cc8ec278c49dc890c3c38,pre-delivered response acceptance only
Pi_WiFi,local,ethereum_rpc_finalized_json,69,leaf,4,0057-ethereum_rpc_finalized_json-n69-leaf-t4-local,200,11.016047,22.43250485,22.668328069999998,11.0120655,11.895028755,29.078125,23.96875,270.64453125,0,0.0,200,0,b30fd288c6fd25990944a24194c89dc578c58e3c230cc8ec278c49dc890c3c38,pre-delivered response acceptance only
Pi_WiFi,local,synthetic,512,archive,0,0064-synthetic-n512-archive-t0-local,200,0.5321400000000001,0.5627527999999999,0.5775466999999991,0.5309554999999999,0.53235297,24.328125,23.9765625,271.1171875,0,0.0,200,0,399484347219683dce319075ea78057e1e8ffcce90859b513ec913109fec9398,pre-delivered response acceptance only
Pi_WiFi,local,synthetic,512,archive,1,0041-synthetic-n512-archive-t1-local,200,0.5318704999999999,0.55978105,0.58541811,0.530667,0.531163215,24.328125,23.9765625,268.7265625,0,0.0,200,0,399484347219683dce319075ea78057e1e8ffcce90859b513ec913109fec9398,pre-delivered response acceptance only
Pi_WiFi,local,synthetic,512,archive,2,0063-synthetic-n512-archive-t2-local,200,0.5344359999999999,0.56212655,0.5735762199999999,0.5330565,0.533920125,24.328125,23.98046875,271.1171875,0,0.0,200,0,399484347219683dce319075ea78057e1e8ffcce90859b513ec913109fec9398,pre-delivered response acceptance only
Pi_WiFi,local,synthetic,512,archive,3,0074-synthetic-n512-archive-t3-local,200,0.527427,0.55646975,0.5805938099999995,0.5261215,0.52687035,24.32421875,23.97265625,276.0546875,0,0.0,200,0,399484347219683dce319075ea78057e1e8ffcce90859b513ec913109fec9398,pre-delivered response acceptance only
Pi_WiFi,local,synthetic,512,archive,4,0052-synthetic-n512-archive-t4-local,200,0.5376125,0.5892809999999998,0.7073391499999998,0.536473,0.54107692,24.32421875,23.97265625,269.546875,0,0.0,200,0,399484347219683dce319075ea78057e1e8ffcce90859b513ec913109fec9398,pre-delivered response acceptance only
Pi_WiFi,local,synthetic,512,ext_cached,0,0023-synthetic-n512-ext_cached-t0-local,200,0.525279,0.5521761,0.5669025399999995,0.5239830000000001,0.524496585,24.328125,23.9765625,267.734375,0,0.0,200,0,399484347219683dce319075ea78057e1e8ffcce90859b513ec913109fec9398,pre-delivered response acceptance only
Pi_WiFi,local,synthetic,512,ext_cached,1,0016-synthetic-n512-ext_cached-t1-local,200,0.5294165,0.5648721,0.7008361799999998,0.5282595,0.5330864,24.31640625,23.96484375,267.734375,0,0.0,200,0,399484347219683dce319075ea78057e1e8ffcce90859b513ec913109fec9398,pre-delivered response acceptance only
Pi_WiFi,local,synthetic,512,ext_cached,2,0070-synthetic-n512-ext_cached-t2-local,200,0.5262880000000001,0.55277135,0.5709650999999997,0.5252235000000001,0.525828615,24.3046875,23.95703125,276.0546875,0,0.0,200,0,399484347219683dce319075ea78057e1e8ffcce90859b513ec913109fec9398,pre-delivered response acceptance only
Pi_WiFi,local,synthetic,512,ext_cached,3,0061-synthetic-n512-ext_cached-t3-local,200,0.5334635,0.5596358,0.5773013299999998,0.5323249999999999,0.533529435,24.33203125,23.98046875,271.1171875,0,0.0,200,0,399484347219683dce319075ea78057e1e8ffcce90859b513ec913109fec9398,pre-delivered response acceptance only
Pi_WiFi,local,synthetic,512,ext_cached,4,0032-synthetic-n512-ext_cached-t4-local,200,0.5226865,0.5486534000000001,0.5621711099999995,0.5214825,0.52207013,24.3125,23.9609375,267.734375,0,0.0,200,0,399484347219683dce319075ea78057e1e8ffcce90859b513ec913109fec9398,pre-delivered response acceptance only
Pi_WiFi,local,synthetic,512,ext_rebuild,0,0043-synthetic-n512-ext_rebuild-t0-local,200,0.536334,0.5613902,0.5743203399999999,0.5352595,0.535164285,24.3203125,23.96875,268.7265625,0,0.0,200,0,399484347219683dce319075ea78057e1e8ffcce90859b513ec913109fec9398,pre-delivered response acceptance only
Pi_WiFi,local,synthetic,512,ext_rebuild,1,0035-synthetic-n512-ext_rebuild-t1-local,200,0.5281765,0.5538120999999999,0.5934609599999997,0.526973,0.528074705,24.32421875,23.96875,267.734375,0,0.0,200,0,399484347219683dce319075ea78057e1e8ffcce90859b513ec913109fec9398,pre-delivered response acceptance only
Pi_WiFi,local,synthetic,512,ext_rebuild,2,0030-synthetic-n512-ext_rebuild-t2-local,200,0.5472045,0.573702,0.6253345399999998,0.5457235,0.54650865,24.31640625,23.9609375,267.734375,0,0.0,200,0,399484347219683dce319075ea78057e1e8ffcce90859b513ec913109fec9398,pre-delivered response acceptance only
Pi_WiFi,local,synthetic,512,ext_rebuild,3,0034-synthetic-n512-ext_rebuild-t3-local,200,0.5301395,0.5756289499999999,0.7083972900000001,0.5289265000000001,0.53454418,24.33203125,23.9765625,267.734375,0,0.0,200,0,399484347219683dce319075ea78057e1e8ffcce90859b513ec913109fec9398,pre-delivered response acceptance only
Pi_WiFi,local,synthetic,512,ext_rebuild,4,0046-synthetic-n512-ext_rebuild-t4-local,200,0.5363169999999999,0.5635776,0.5764091499999998,0.5351319999999999,0.53561057,24.32421875,23.96875,269.546875,0,0.0,200,0,399484347219683dce319075ea78057e1e8ffcce90859b513ec913109fec9398,pre-delivered response acceptance only
Pi_WiFi,local,synthetic,512,full,0,0033-synthetic-n512-full-t0-local,200,0.526038,0.5554396500000001,0.6261951899999996,0.5249455,0.52606042,24.33203125,23.97265625,267.734375,0,0.0,200,0,399484347219683dce319075ea78057e1e8ffcce90859b513ec913109fec9398,pre-delivered response acceptance only
Pi_WiFi,local,synthetic,512,full,1,0059-synthetic-n512-full-t1-local,200,0.5332785,0.5590748499999999,0.5813392199999998,0.5317235,0.531763475,24.33203125,23.9765625,271.1171875,0,0.0,200,0,399484347219683dce319075ea78057e1e8ffcce90859b513ec913109fec9398,pre-delivered response acceptance only
Pi_WiFi,local,synthetic,512,full,2,0000-synthetic-n512-full-t2-local,200,0.534243,0.56850315,0.5825692899999998,0.5328634999999999,0.53395689,24.33203125,23.97265625,109.46484375,0,0.0,200,0,399484347219683dce319075ea78057e1e8ffcce90859b513ec913109fec9398,pre-delivered response acceptance only
Pi_WiFi,local,synthetic,512,full,3,0049-synthetic-n512-full-t3-local,200,0.5432515,0.56891245,0.5867654699999995,0.542057,0.54229748,24.3203125,23.96484375,269.546875,0,0.0,200,0,399484347219683dce319075ea78057e1e8ffcce90859b513ec913109fec9398,pre-delivered response acceptance only
Pi_WiFi,local,synthetic,512,full,4,0042-synthetic-n512-full-t4-local,200,0.5320469999999999,0.5602296499999999,0.5875158699999992,0.5307135000000001,0.531733925,24.3046875,23.94921875,268.7265625,0,0.0,200,0,399484347219683dce319075ea78057e1e8ffcce90859b513ec913109fec9398,pre-delivered response acceptance only
Pi_WiFi,local,synthetic,512,leaf,0,0028-synthetic-n512-leaf-t0-local,200,3.3320685,3.3869887,3.5686952999999995,3.3296514999999998,3.32915929,24.66796875,23.97265625,267.734375,0,0.0,200,0,399484347219683dce319075ea78057e1e8ffcce90859b513ec913109fec9398,pre-delivered response acceptance only
Pi_WiFi,local,synthetic,512,leaf,1,0062-synthetic-n512-leaf-t1-local,200,3.2925325,3.342714,3.3797452199999998,3.289856,3.282172075,24.66796875,23.97265625,271.1171875,0,0.0,200,0,399484347219683dce319075ea78057e1e8ffcce90859b513ec913109fec9398,pre-delivered response acceptance only
Pi_WiFi,local,synthetic,512,leaf,2,0027-synthetic-n512-leaf-t2-local,200,3.3020414999999996,3.3449314,3.38209956,3.299708,3.293806315,24.66015625,23.96484375,267.734375,0,0.0,200,0,399484347219683dce319075ea78057e1e8ffcce90859b513ec913109fec9398,pre-delivered response acceptance only
Pi_WiFi,local,synthetic,512,leaf,3,0025-synthetic-n512-leaf-t3-local,200,3.267496,3.32359845,3.40949674,3.2652465,3.263152645,24.66015625,23.96484375,267.734375,0,0.0,200,0,399484347219683dce319075ea78057e1e8ffcce90859b513ec913109fec9398,pre-delivered response acceptance only
Pi_WiFi,local,synthetic,512,leaf,4,0048-synthetic-n512-leaf-t4-local,200,3.3298794999999997,3.3896005,3.4613125,3.3275924999999997,3.322097145,24.6640625,23.96875,269.546875,0,0.0,200,0,399484347219683dce319075ea78057e1e8ffcce90859b513ec913109fec9398,pre-delivered response acceptance only
Pi_WiFi,local,synthetic,4096,archive,0,0050-synthetic-n4096-archive-t0-local,200,0.5524085,0.6133319999999998,0.912738989999999,0.5511585,0.556865175,24.33203125,23.9765625,269.546875,0,0.0,200,0,0687bb27f05141a424b31da9247a1c02625c10a06caaa5ff34a33daeb97eabec,pre-delivered response acceptance only
Pi_WiFi,local,synthetic,4096,archive,1,0065-synthetic-n4096-archive-t1-local,200,0.5601025,0.58866905,0.5975162899999997,0.5589729999999999,0.559801525,24.3125,23.9609375,271.1171875,0,0.0,200,0,0687bb27f05141a424b31da9247a1c02625c10a06caaa5ff34a33daeb97eabec,pre-delivered response acceptance only
Pi_WiFi,local,synthetic,4096,archive,2,0040-synthetic-n4096-archive-t2-local,200,0.5525835,0.58146695,0.5956002499999996,0.551204,0.55203955,24.33203125,23.98046875,268.7265625,0,0.0,200,0,0687bb27f05141a424b31da9247a1c02625c10a06caaa5ff34a33daeb97eabec,pre-delivered response acceptance only
Pi_WiFi,local,synthetic,4096,archive,3,0073-synthetic-n4096-archive-t3-local,200,0.543454,0.5795488000000001,0.6504262399999993,0.5422695,0.54402841,24.3359375,23.98046875,276.0546875,0,0.0,200,0,0687bb27f05141a424b31da9247a1c02625c10a06caaa5ff34a33daeb97eabec,pre-delivered response acceptance only
Pi_WiFi,local,synthetic,4096,archive,4,0031-synthetic-n4096-archive-t4-local,200,0.5602130000000001,0.5852491,0.5937411399999998,0.5590285,0.559369075,24.3359375,23.98046875,267.734375,0,0.0,200,0,0687bb27f05141a424b31da9247a1c02625c10a06caaa5ff34a33daeb97eabec,pre-delivered response acceptance only
Pi_WiFi,local,synthetic,4096,ext_cached,0,0069-synthetic-n4096-ext_cached-t0-local,200,0.556917,0.60680835,0.7417846999999996,0.555658,0.56009646,24.3359375,23.9765625,276.0546875,0,0.0,200,0,0687bb27f05141a424b31da9247a1c02625c10a06caaa5ff34a33daeb97eabec,pre-delivered response acceptance only
Pi_WiFi,local,synthetic,4096,ext_cached,1,0001-synthetic-n4096-ext_cached-t1-local,200,0.5539185,0.58041155,0.6315635199999999,0.552659,0.55346077,24.33203125,23.97265625,133.3984375,0,0.0,200,0,0687bb27f05141a424b31da9247a1c02625c10a06caaa5ff34a33daeb97eabec,pre-delivered response acceptance only
Pi_WiFi,local,synthetic,4096,ext_cached,2,0037-synthetic-n4096-ext_cached-t2-local,200,0.559167,0.588725,0.6153477299999998,0.558046,0.55915896,24.3359375,23.9765625,267.734375,0,0.0,200,0,0687bb27f05141a424b31da9247a1c02625c10a06caaa5ff34a33daeb97eabec,pre-delivered response acceptance only
Pi_WiFi,local,synthetic,4096,ext_cached,3,0055-synthetic-n4096-ext_cached-t3-local,200,0.5511115,0.5937863,0.7303972199999998,0.5499179999999999,0.55573339,24.33203125,23.97265625,269.546875,0,0.0,200,0,0687bb27f05141a424b31da9247a1c02625c10a06caaa5ff34a33daeb97eabec,pre-delivered response acceptance only
Pi_WiFi,local,synthetic,4096,ext_cached,4,0047-synthetic-n4096-ext_cached-t4-local,200,0.559187,0.6064564,0.73233266,0.557742,0.562362175,24.33203125,23.9765625,269.546875,0,0.0,200,0,0687bb27f05141a424b31da9247a1c02625c10a06caaa5ff34a33daeb97eabec,pre-delivered response acceptance only
Pi_WiFi,local,synthetic,4096,ext_rebuild,0,0036-synthetic-n4096-ext_rebuild-t0-local,200,0.563259,0.6181074999999999,0.7209473599999998,0.561945,0.56618946,24.328125,23.96875,267.734375,0,0.0,200,0,0687bb27f05141a424b31da9247a1c02625c10a06caaa5ff34a33daeb97eabec,pre-delivered response acceptance only
Pi_WiFi,local,synthetic,4096,ext_rebuild,1,0039-synthetic-n4096-ext_rebuild-t1-local,200,0.5500185,0.5938093,0.7084542599999999,0.5488705,0.55325423,24.33203125,23.97265625,268.7265625,0,0.0,200,0,0687bb27f05141a424b31da9247a1c02625c10a06caaa5ff34a33daeb97eabec,pre-delivered response acceptance only
Pi_WiFi,local,synthetic,4096,ext_rebuild,2,0020-synthetic-n4096-ext_rebuild-t2-local,200,0.5581045,0.587778,0.6032411799999995,0.55703,0.558119745,24.328125,23.96875,267.734375,0,0.0,200,0,0687bb27f05141a424b31da9247a1c02625c10a06caaa5ff34a33daeb97eabec,pre-delivered response acceptance only
Pi_WiFi,local,synthetic,4096,ext_rebuild,3,0014-synthetic-n4096-ext_rebuild-t3-local,200,0.554944,0.5923917,0.73349522,0.5536665000000001,0.557472125,24.33203125,23.97265625,267.734375,0,0.0,200,0,0687bb27f05141a424b31da9247a1c02625c10a06caaa5ff34a33daeb97eabec,pre-delivered response acceptance only
Pi_WiFi,local,synthetic,4096,ext_rebuild,4,0021-synthetic-n4096-ext_rebuild-t4-local,200,0.551465,0.57845505,0.6045331499999999,0.5502885,0.55128444,24.328125,23.96875,267.734375,0,0.0,200,0,0687bb27f05141a424b31da9247a1c02625c10a06caaa5ff34a33daeb97eabec,pre-delivered response acceptance only
Pi_WiFi,local,synthetic,4096,full,0,0011-synthetic-n4096-full-t0-local,200,0.557722,0.60256405,0.6988562499999996,0.5565,0.560956045,24.33203125,23.96875,267.734375,0,0.0,200,0,0687bb27f05141a424b31da9247a1c02625c10a06caaa5ff34a33daeb97eabec,pre-delivered response acceptance only
Pi_WiFi,local,synthetic,4096,full,1,0054-synthetic-n4096-full-t1-local,200,0.560103,0.6050360999999997,0.74719327,0.5587690000000001,0.56397742,24.33203125,23.96875,269.546875,0,0.0,200,0,0687bb27f05141a424b31da9247a1c02625c10a06caaa5ff34a33daeb97eabec,pre-delivered response acceptance only
Pi_WiFi,local,synthetic,4096,full,2,0022-synthetic-n4096-full-t2-local,200,0.5507605,0.5753587499999999,0.6114594299999994,0.5497135,0.550669375,24.32421875,23.96484375,267.734375,0,0.0,200,0,0687bb27f05141a424b31da9247a1c02625c10a06caaa5ff34a33daeb97eabec,pre-delivered response acceptance only
Pi_WiFi,local,synthetic,4096,full,3,0003-synthetic-n4096-full-t3-local,200,0.5520565,0.57756365,0.5933527,0.5507605,0.551646225,24.328125,23.96875,249.8125,0,0.0,200,0,0687bb27f05141a424b31da9247a1c02625c10a06caaa5ff34a33daeb97eabec,pre-delivered response acceptance only
Pi_WiFi,local,synthetic,4096,full,4,0019-synthetic-n4096-full-t4-local,200,0.553281,0.5804935,0.5878396599999998,0.5521050000000001,0.552566295,24.3359375,23.97265625,267.734375,0,0.0,200,0,0687bb27f05141a424b31da9247a1c02625c10a06caaa5ff34a33daeb97eabec,pre-delivered response acceptance only
Pi_WiFi,local,synthetic,4096,leaf,0,0018-synthetic-n4096-leaf-t0-local,200,22.699915,23.024856850000003,23.177622279999998,22.696146499999998,22.703853735,26.078125,23.97265625,267.734375,0,0.0,200,0,0687bb27f05141a424b31da9247a1c02625c10a06caaa5ff34a33daeb97eabec,pre-delivered response acceptance only
Pi_WiFi,local,synthetic,4096,leaf,1,0045-synthetic-n4096-leaf-t1-local,200,22.587192,22.9639271,23.21940945,22.580572,22.57048811,26.078125,23.97265625,269.546875,0,0.0,200,0,0687bb27f05141a424b31da9247a1c02625c10a06caaa5ff34a33daeb97eabec,pre-delivered response acceptance only
Pi_WiFi,local,synthetic,4096,leaf,2,0026-synthetic-n4096-leaf-t2-local,200,22.567595,22.89026595,23.29161256,22.5639015,22.550444355,26.07421875,23.96875,267.734375,0,0.0,200,0,0687bb27f05141a424b31da9247a1c02625c10a06caaa5ff34a33daeb97eabec,pre-delivered response acceptance only
Pi_WiFi,local,synthetic,4096,leaf,3,0017-synthetic-n4096-leaf-t3-local,200,22.59988,22.9292287,23.22159361,22.5955095,22.583349545,26.0703125,23.96484375,267.734375,0,0.0,200,0,0687bb27f05141a424b31da9247a1c02625c10a06caaa5ff34a33daeb97eabec,pre-delivered response acceptance only
Pi_WiFi,local,synthetic,4096,leaf,4,0015-synthetic-n4096-leaf-t4-local,200,22.864462,23.360174400000002,23.418600989999998,22.860276499999998,22.89125547,26.078125,23.97265625,267.734375,0,0.0,200,0,0687bb27f05141a424b31da9247a1c02625c10a06caaa5ff34a33daeb97eabec,pre-delivered response acceptance only
Pi_WiFi,memory_pressure,ethereum_rpc_finalized_json,69,ext_cached,0,0068-ethereum_rpc_finalized_json-n69-ext_cached-t0-memory_pressure,200,10.245875,21.347907499999998,21.42174412,10.2424865,10.70538606,90.828125,87.9609375,276.0546875,256,64.0,200,0,b30fd288c6fd25990944a24194c89dc578c58e3c230cc8ec278c49dc890c3c38,pre-delivered response acceptance only
Pi_WiFi,memory_pressure,ethereum_rpc_finalized_json,69,ext_cached,1,0007-ethereum_rpc_finalized_json-n69-ext_cached-t1-memory_pressure,200,9.3682785,19.0291809,19.10757551,9.3647515,10.21638617,91.11328125,87.96875,267.734375,256,64.0,200,0,b30fd288c6fd25990944a24194c89dc578c58e3c230cc8ec278c49dc890c3c38,pre-delivered response acceptance only
Pi_WiFi,memory_pressure,ethereum_rpc_finalized_json,69,ext_cached,2,0005-ethereum_rpc_finalized_json-n69-ext_cached-t2-memory_pressure,200,10.289068,21.0491396,21.102936699999997,10.2850775,11.04840681,90.734375,87.97265625,266.625,256,64.0,200,0,b30fd288c6fd25990944a24194c89dc578c58e3c230cc8ec278c49dc890c3c38,pre-delivered response acceptance only
Pi_WiFi,memory_pressure,ethereum_rpc_finalized_json,69,ext_cached,3,0004-ethereum_rpc_finalized_json-n69-ext_cached-t3-memory_pressure,200,10.4801885,21.3033814,21.35202863,10.4758365,11.0885908,91.265625,87.96484375,265.2265625,256,64.0,200,0,b30fd288c6fd25990944a24194c89dc578c58e3c230cc8ec278c49dc890c3c38,pre-delivered response acceptance only
Pi_WiFi,memory_pressure,ethereum_rpc_finalized_json,69,ext_cached,4,0044-ethereum_rpc_finalized_json-n69-ext_cached-t4-memory_pressure,200,10.175710500000001,21.80152535,21.90387132,10.1723315,11.124798655,93.015625,87.97265625,269.546875,256,64.0,200,0,b30fd288c6fd25990944a24194c89dc578c58e3c230cc8ec278c49dc890c3c38,pre-delivered response acceptance only
Pi_WiFi,memory_pressure,ethereum_rpc_finalized_json,69,ext_rebuild,0,0008-ethereum_rpc_finalized_json-n69-ext_rebuild-t0-memory_pressure,200,10.2579665,21.322618950000003,21.42892392,10.2540595,10.702018095,90.84375,87.9765625,267.734375,256,64.0,200,0,b30fd288c6fd25990944a24194c89dc578c58e3c230cc8ec278c49dc890c3c38,pre-delivered response acceptance only
Pi_WiFi,memory_pressure,ethereum_rpc_finalized_json,69,ext_rebuild,1,0006-ethereum_rpc_finalized_json-n69-ext_rebuild-t1-memory_pressure,200,9.3597645,19.0277877,19.07748673,9.3564405,10.233756525,91.11328125,87.96875,267.33203125,256,64.0,200,0,b30fd288c6fd25990944a24194c89dc578c58e3c230cc8ec278c49dc890c3c38,pre-delivered response acceptance only
Pi_WiFi,memory_pressure,ethereum_rpc_finalized_json,69,ext_rebuild,2,0072-ethereum_rpc_finalized_json-n69-ext_rebuild-t2-memory_pressure,200,10.237281,20.999749400000002,21.052352629999998,10.233624,11.06098629,90.73828125,87.9765625,276.0546875,256,64.0,200,0,b30fd288c6fd25990944a24194c89dc578c58e3c230cc8ec278c49dc890c3c38,pre-delivered response acceptance only
Pi_WiFi,memory_pressure,ethereum_rpc_finalized_json,69,ext_rebuild,3,0058-ethereum_rpc_finalized_json-n69-ext_rebuild-t3-memory_pressure,200,10.436406,20.9896092,21.03441454,10.432906,11.01871827,91.2734375,87.97265625,271.1171875,256,64.0,200,0,b30fd288c6fd25990944a24194c89dc578c58e3c230cc8ec278c49dc890c3c38,pre-delivered response acceptance only
Pi_WiFi,memory_pressure,ethereum_rpc_finalized_json,69,ext_rebuild,4,0024-ethereum_rpc_finalized_json-n69-ext_rebuild-t4-memory_pressure,200,10.132089,21.51371885,21.584159919999998,10.128886,11.08282582,93.01171875,87.96875,267.734375,256,64.0,200,0,b30fd288c6fd25990944a24194c89dc578c58e3c230cc8ec278c49dc890c3c38,pre-delivered response acceptance only
Pi_WiFi,memory_pressure,ethereum_rpc_finalized_json,69,full,0,0029-ethereum_rpc_finalized_json-n69-full-t0-memory_pressure,200,10.253746,21.01742565,21.12509592,10.249302,10.695149995,90.84375,87.9609375,267.734375,256,64.0,200,0,b30fd288c6fd25990944a24194c89dc578c58e3c230cc8ec278c49dc890c3c38,pre-delivered response acceptance only
Pi_WiFi,memory_pressure,ethereum_rpc_finalized_json,69,full,1,0066-ethereum_rpc_finalized_json-n69-full-t1-memory_pressure,200,9.336417999999998,18.98490885,19.11041252,9.332862500000001,10.23082005,91.11328125,87.953125,273.6171875,256,64.0,200,0,b30fd288c6fd25990944a24194c89dc578c58e3c230cc8ec278c49dc890c3c38,pre-delivered response acceptance only
Pi_WiFi,memory_pressure,ethereum_rpc_finalized_json,69,full,2,0038-ethereum_rpc_finalized_json-n69-full-t2-memory_pressure,200,10.289452,21.19401835,21.25528948,10.286655,11.09510629,90.73828125,87.9609375,268.7265625,256,64.0,200,0,b30fd288c6fd25990944a24194c89dc578c58e3c230cc8ec278c49dc890c3c38,pre-delivered response acceptance only
Pi_WiFi,memory_pressure,ethereum_rpc_finalized_json,69,full,3,0002-ethereum_rpc_finalized_json-n69-full-t3-memory_pressure,200,10.4569735,21.020041999999997,21.08273097,10.4534555,11.04649644,91.265625,87.953125,249.8125,256,64.0,200,0,b30fd288c6fd25990944a24194c89dc578c58e3c230cc8ec278c49dc890c3c38,pre-delivered response acceptance only
Pi_WiFi,memory_pressure,ethereum_rpc_finalized_json,69,full,4,0009-ethereum_rpc_finalized_json-n69-full-t4-memory_pressure,200,10.191298,21.7322244,21.8840389,10.187955500000001,11.11843195,93.015625,87.9609375,267.734375,256,64.0,200,0,b30fd288c6fd25990944a24194c89dc578c58e3c230cc8ec278c49dc890c3c38,pre-delivered response acceptance only
Pi_WiFi,memory_pressure,ethereum_rpc_finalized_json,69,leaf,0,0060-ethereum_rpc_finalized_json-n69-leaf-t0-memory_pressure,200,10.9389885,20.7501948,20.94446756,10.934877499999999,11.40090504,90.88671875,87.953125,271.1171875,256,64.0,200,0,b30fd288c6fd25990944a24194c89dc578c58e3c230cc8ec278c49dc890c3c38,pre-delivered response acceptance only
Pi_WiFi,memory_pressure,ethereum_rpc_finalized_json,69,leaf,1,0010-ethereum_rpc_finalized_json-n69-leaf-t1-memory_pressure,200,10.262193499999999,19.78297475,19.84216011,10.2577865,10.996320585,91.05078125,87.9609375,267.734375,256,64.0,200,0,b30fd288c6fd25990944a24194c89dc578c58e3c230cc8ec278c49dc890c3c38,pre-delivered response acceptance only
Pi_WiFi,memory_pressure,ethereum_rpc_finalized_json,69,leaf,2,0067-ethereum_rpc_finalized_json-n69-leaf-t2-memory_pressure,200,11.053844,20.9343435,20.989076849999996,11.050426999999999,11.73115718,91.234375,87.953125,276.0546875,256,64.0,200,0,b30fd288c6fd25990944a24194c89dc578c58e3c230cc8ec278c49dc890c3c38,pre-delivered response acceptance only
Pi_WiFi,memory_pressure,ethereum_rpc_finalized_json,69,leaf,3,0013-ethereum_rpc_finalized_json-n69-leaf-t3-memory_pressure,200,11.5050495,21.8569574,21.902117150000002,11.501781000000001,11.89708739,90.80078125,87.9609375,267.734375,256,64.0,200,0,b30fd288c6fd25990944a24194c89dc578c58e3c230cc8ec278c49dc890c3c38,pre-delivered response acceptance only
Pi_WiFi,memory_pressure,ethereum_rpc_finalized_json,69,leaf,4,0057-ethereum_rpc_finalized_json-n69-leaf-t4-memory_pressure,200,11.065583,22.362815899999998,22.47231296,11.062435,11.899678215,92.9453125,87.9609375,270.64453125,256,64.0,200,0,b30fd288c6fd25990944a24194c89dc578c58e3c230cc8ec278c49dc890c3c38,pre-delivered response acceptance only
Pi_WiFi,memory_pressure,synthetic,512,ext_cached,0,0023-synthetic-n512-ext_cached-t0-memory_pressure,200,0.531909,0.5714615,0.7033959199999995,0.5306495,0.534154805,88.328125,87.9765625,267.734375,256,64.0,200,0,399484347219683dce319075ea78057e1e8ffcce90859b513ec913109fec9398,pre-delivered response acceptance only
Pi_WiFi,memory_pressure,synthetic,512,ext_cached,1,0016-synthetic-n512-ext_cached-t1-memory_pressure,200,0.5264264999999999,0.5545747,0.5760077499999992,0.525333,0.52629262,88.32421875,87.97265625,267.734375,256,64.0,200,0,399484347219683dce319075ea78057e1e8ffcce90859b513ec913109fec9398,pre-delivered response acceptance only
Pi_WiFi,memory_pressure,synthetic,512,ext_cached,2,0070-synthetic-n512-ext_cached-t2-memory_pressure,200,0.530538,0.5790724,0.7281915199999998,0.5289915000000001,0.533492705,88.3359375,87.984375,276.0546875,256,64.0,200,0,399484347219683dce319075ea78057e1e8ffcce90859b513ec913109fec9398,pre-delivered response acceptance only
Pi_WiFi,memory_pressure,synthetic,512,ext_cached,3,0061-synthetic-n512-ext_cached-t3-memory_pressure,200,0.534816,0.5820825499999999,0.6551938399999999,0.533585,0.53749185,88.3359375,87.984375,271.1171875,256,64.0,200,0,399484347219683dce319075ea78057e1e8ffcce90859b513ec913109fec9398,pre-delivered response acceptance only
Pi_WiFi,memory_pressure,synthetic,512,ext_cached,4,0032-synthetic-n512-ext_cached-t4-memory_pressure,200,0.526214,0.55019915,0.5642328699999991,0.5250565,0.525244975,88.33203125,87.984375,267.734375,256,64.0,200,0,399484347219683dce319075ea78057e1e8ffcce90859b513ec913109fec9398,pre-delivered response acceptance only
Pi_WiFi,memory_pressure,synthetic,512,ext_rebuild,0,0043-synthetic-n512-ext_rebuild-t0-memory_pressure,200,0.5363895,0.561584,0.5727776099999993,0.5351950000000001,0.53524845,88.3359375,87.98046875,268.7265625,256,64.0,200,0,399484347219683dce319075ea78057e1e8ffcce90859b513ec913109fec9398,pre-delivered response acceptance only
Pi_WiFi,memory_pressure,synthetic,512,ext_rebuild,1,0035-synthetic-n512-ext_rebuild-t1-memory_pressure,200,0.540214,0.5638757999999999,0.6188281099999997,0.5388985,0.538629355,88.33203125,87.98046875,267.734375,256,64.0,200,0,399484347219683dce319075ea78057e1e8ffcce90859b513ec913109fec9398,pre-delivered response acceptance only
Pi_WiFi,memory_pressure,synthetic,512,ext_rebuild,2,0030-synthetic-n512-ext_rebuild-t2-memory_pressure,200,0.534593,0.5601927,0.5912378099999999,0.5334639999999999,0.53406542,88.3359375,87.98046875,267.734375,256,64.0,200,0,399484347219683dce319075ea78057e1e8ffcce90859b513ec913109fec9398,pre-delivered response acceptance only
Pi_WiFi,memory_pressure,synthetic,512,ext_rebuild,3,0034-synthetic-n512-ext_rebuild-t3-memory_pressure,200,0.532482,0.5608846000000001,0.5939385699999996,0.5313435,0.532136115,88.3359375,87.98046875,267.734375,256,64.0,200,0,399484347219683dce319075ea78057e1e8ffcce90859b513ec913109fec9398,pre-delivered response acceptance only
Pi_WiFi,memory_pressure,synthetic,512,ext_rebuild,4,0046-synthetic-n512-ext_rebuild-t4-memory_pressure,200,0.5411125,0.5640129,0.5776459899999998,0.5397795000000001,0.539370065,88.3203125,87.96875,269.546875,256,64.0,200,0,399484347219683dce319075ea78057e1e8ffcce90859b513ec913109fec9398,pre-delivered response acceptance only
Pi_WiFi,memory_pressure,synthetic,512,full,0,0033-synthetic-n512-full-t0-memory_pressure,200,0.530436,0.5588139,0.5906450599999995,0.5291305,0.53015452,88.3359375,87.98046875,267.734375,256,64.0,200,0,399484347219683dce319075ea78057e1e8ffcce90859b513ec913109fec9398,pre-delivered response acceptance only
Pi_WiFi,memory_pressure,synthetic,512,full,1,0059-synthetic-n512-full-t1-memory_pressure,200,0.529853,0.5578712499999999,0.5899422199999999,0.528705,0.529462045,88.328125,87.97265625,271.1171875,256,64.0,200,0,399484347219683dce319075ea78057e1e8ffcce90859b513ec913109fec9398,pre-delivered response acceptance only
Pi_WiFi,memory_pressure,synthetic,512,full,2,0000-synthetic-n512-full-t2-memory_pressure,200,0.5315945,0.5590202999999999,0.6016594699999998,0.5304745,0.531701085,88.33203125,87.98046875,109.46484375,256,64.0,200,0,399484347219683dce319075ea78057e1e8ffcce90859b513ec913109fec9398,pre-delivered response acceptance only
Pi_WiFi,memory_pressure,synthetic,512,full,3,0049-synthetic-n512-full-t3-memory_pressure,200,0.5347975,0.5634009,0.5875714299999997,0.5334274999999999,0.53512123,88.328125,87.9765625,269.546875,256,64.0,200,0,399484347219683dce319075ea78057e1e8ffcce90859b513ec913109fec9398,pre-delivered response acceptance only
Pi_WiFi,memory_pressure,synthetic,512,full,4,0042-synthetic-n512-full-t4-memory_pressure,200,0.537806,0.5637675499999999,0.58109137,0.5366115,0.537361185,88.33203125,87.98046875,268.7265625,256,64.0,200,0,399484347219683dce319075ea78057e1e8ffcce90859b513ec913109fec9398,pre-delivered response acceptance only
Pi_WiFi,memory_pressure,synthetic,512,leaf,0,0028-synthetic-n512-leaf-t0-memory_pressure,200,3.2703284999999997,3.31861,3.3643559599999997,3.2681065,3.262620155,88.69140625,87.98046875,267.734375,256,64.0,200,0,399484347219683dce319075ea78057e1e8ffcce90859b513ec913109fec9398,pre-delivered response acceptance only
Pi_WiFi,memory_pressure,synthetic,512,leaf,1,0062-synthetic-n512-leaf-t1-memory_pressure,200,3.310365,3.3687191,3.44868778,3.308236,3.303878145,88.6953125,87.98046875,271.1171875,256,64.0,200,0,399484347219683dce319075ea78057e1e8ffcce90859b513ec913109fec9398,pre-delivered response acceptance only
Pi_WiFi,memory_pressure,synthetic,512,leaf,2,0027-synthetic-n512-leaf-t2-memory_pressure,200,3.336726,3.4030873500000003,3.5347933299999994,3.3348560000000003,3.332532235,88.671875,87.9609375,267.734375,256,64.0,200,0,399484347219683dce319075ea78057e1e8ffcce90859b513ec913109fec9398,pre-delivered response acceptance only
Pi_WiFi,memory_pressure,synthetic,512,leaf,3,0025-synthetic-n512-leaf-t3-memory_pressure,200,3.2331915,3.2889806,3.3783173300000002,3.231275,3.23106093,88.671875,87.9609375,267.734375,256,64.0,200,0,399484347219683dce319075ea78057e1e8ffcce90859b513ec913109fec9398,pre-delivered response acceptance only
Pi_WiFi,memory_pressure,synthetic,512,leaf,4,0048-synthetic-n512-leaf-t4-memory_pressure,200,3.284269,3.34859085,3.3995927,3.281287,3.280648075,88.6953125,87.984375,269.546875,256,64.0,200,0,399484347219683dce319075ea78057e1e8ffcce90859b513ec913109fec9398,pre-delivered response acceptance only
Pi_WiFi,memory_pressure,synthetic,4096,ext_cached,0,0069-synthetic-n4096-ext_cached-t0-memory_pressure,200,0.5599815,0.5904017,0.6120339899999994,0.5588245000000001,0.560317965,88.33984375,87.98046875,276.0546875,256,64.0,200,0,0687bb27f05141a424b31da9247a1c02625c10a06caaa5ff34a33daeb97eabec,pre-delivered response acceptance only
Pi_WiFi,memory_pressure,synthetic,4096,ext_cached,1,0001-synthetic-n4096-ext_cached-t1-memory_pressure,200,0.5490295000000001,0.58382645,0.72214504,0.547724,0.55140113,88.3359375,87.98046875,133.3984375,256,64.0,200,0,0687bb27f05141a424b31da9247a1c02625c10a06caaa5ff34a33daeb97eabec,pre-delivered response acceptance only
Pi_WiFi,memory_pressure,synthetic,4096,ext_cached,2,0037-synthetic-n4096-ext_cached-t2-memory_pressure,200,0.547315,0.5745335,0.582604019999999,0.5461395,0.546767325,88.33984375,87.98046875,267.734375,256,64.0,200,0,0687bb27f05141a424b31da9247a1c02625c10a06caaa5ff34a33daeb97eabec,pre-delivered response acceptance only
Pi_WiFi,memory_pressure,synthetic,4096,ext_cached,3,0055-synthetic-n4096-ext_cached-t3-memory_pressure,200,0.549112,0.5753060999999999,0.5978634699999992,0.5479645,0.54835444,88.31640625,87.95703125,269.546875,256,64.0,200,0,0687bb27f05141a424b31da9247a1c02625c10a06caaa5ff34a33daeb97eabec,pre-delivered response acceptance only
Pi_WiFi,memory_pressure,synthetic,4096,ext_cached,4,0047-synthetic-n4096-ext_cached-t4-memory_pressure,200,0.559955,0.5835059,0.5943328299999991,0.5587515000000001,0.559358925,88.33203125,87.97265625,269.546875,256,64.0,200,0,0687bb27f05141a424b31da9247a1c02625c10a06caaa5ff34a33daeb97eabec,pre-delivered response acceptance only
Pi_WiFi,memory_pressure,synthetic,4096,ext_rebuild,0,0036-synthetic-n4096-ext_rebuild-t0-memory_pressure,200,0.554732,0.58307105,0.6126572899999995,0.553445,0.554309275,88.34375,87.98046875,267.734375,256,64.0,200,0,0687bb27f05141a424b31da9247a1c02625c10a06caaa5ff34a33daeb97eabec,pre-delivered response acceptance only
Pi_WiFi,memory_pressure,synthetic,4096,ext_rebuild,1,0039-synthetic-n4096-ext_rebuild-t1-memory_pressure,200,0.5538615,0.58230085,0.5902427399999997,0.552676,0.553269695,88.3359375,87.98046875,268.7265625,256,64.0,200,0,0687bb27f05141a424b31da9247a1c02625c10a06caaa5ff34a33daeb97eabec,pre-delivered response acceptance only
Pi_WiFi,memory_pressure,synthetic,4096,ext_rebuild,2,0020-synthetic-n4096-ext_rebuild-t2-memory_pressure,200,0.55829,0.6325834499999999,0.75407333,0.557114,0.565152755,88.33203125,87.97265625,267.734375,256,64.0,200,0,0687bb27f05141a424b31da9247a1c02625c10a06caaa5ff34a33daeb97eabec,pre-delivered response acceptance only
Pi_WiFi,memory_pressure,synthetic,4096,ext_rebuild,3,0014-synthetic-n4096-ext_rebuild-t3-memory_pressure,200,0.55787,0.5839038999999998,0.6113479899999995,0.556583,0.556984535,88.33203125,87.97265625,267.734375,256,64.0,200,0,0687bb27f05141a424b31da9247a1c02625c10a06caaa5ff34a33daeb97eabec,pre-delivered response acceptance only
Pi_WiFi,memory_pressure,synthetic,4096,ext_rebuild,4,0021-synthetic-n4096-ext_rebuild-t4-memory_pressure,200,0.554937,0.58885665,0.6388545499999999,0.5538995,0.555838765,88.33203125,87.97265625,267.734375,256,64.0,200,0,0687bb27f05141a424b31da9247a1c02625c10a06caaa5ff34a33daeb97eabec,pre-delivered response acceptance only
Pi_WiFi,memory_pressure,synthetic,4096,full,0,0011-synthetic-n4096-full-t0-memory_pressure,200,0.551704,0.5807523,0.5977901799999997,0.55037,0.55155811,88.33203125,87.97265625,267.734375,256,64.0,200,0,0687bb27f05141a424b31da9247a1c02625c10a06caaa5ff34a33daeb97eabec,pre-delivered response acceptance only
Pi_WiFi,memory_pressure,synthetic,4096,full,1,0054-synthetic-n4096-full-t1-memory_pressure,200,0.559585,0.58724915,0.6071630699999998,0.5582605,0.559146415,88.34375,87.984375,269.546875,256,64.0,200,0,0687bb27f05141a424b31da9247a1c02625c10a06caaa5ff34a33daeb97eabec,pre-delivered response acceptance only
Pi_WiFi,memory_pressure,synthetic,4096,full,2,0022-synthetic-n4096-full-t2-memory_pressure,200,0.5496955,0.57656365,0.6231512599999998,0.5484275000000001,0.549356855,88.3359375,87.9765625,267.734375,256,64.0,200,0,0687bb27f05141a424b31da9247a1c02625c10a06caaa5ff34a33daeb97eabec,pre-delivered response acceptance only
Pi_WiFi,memory_pressure,synthetic,4096,full,3,0003-synthetic-n4096-full-t3-memory_pressure,200,0.55539,0.5819254,0.5979752199999999,0.554103,0.555124445,88.3359375,87.9765625,249.8125,256,64.0,200,0,0687bb27f05141a424b31da9247a1c02625c10a06caaa5ff34a33daeb97eabec,pre-delivered response acceptance only
Pi_WiFi,memory_pressure,synthetic,4096,full,4,0019-synthetic-n4096-full-t4-memory_pressure,200,0.557466,0.6004829999999999,0.7088680599999994,0.5560959999999999,0.56042567,88.32421875,87.96484375,267.734375,256,64.0,200,0,0687bb27f05141a424b31da9247a1c02625c10a06caaa5ff34a33daeb97eabec,pre-delivered response acceptance only
Pi_WiFi,memory_pressure,synthetic,4096,leaf,0,0018-synthetic-n4096-leaf-t0-memory_pressure,200,23.028576,23.5101547,23.89112067,23.02478,23.04453216,90.08203125,87.9765625,267.734375,256,64.0,200,0,0687bb27f05141a424b31da9247a1c02625c10a06caaa5ff34a33daeb97eabec,pre-delivered response acceptance only
Pi_WiFi,memory_pressure,synthetic,4096,leaf,1,0045-synthetic-n4096-leaf-t1-memory_pressure,200,22.7706885,23.05256815,23.137102589999998,22.766892,22.722980995,90.07421875,87.96875,269.546875,256,64.0,200,0,0687bb27f05141a424b31da9247a1c02625c10a06caaa5ff34a33daeb97eabec,pre-delivered response acceptance only
Pi_WiFi,memory_pressure,synthetic,4096,leaf,2,0026-synthetic-n4096-leaf-t2-memory_pressure,200,23.1714185,23.46813105,23.766449569999995,23.1674655,23.0849083,90.0703125,87.96484375,267.734375,256,64.0,200,0,0687bb27f05141a424b31da9247a1c02625c10a06caaa5ff34a33daeb97eabec,pre-delivered response acceptance only
Pi_WiFi,memory_pressure,synthetic,4096,leaf,3,0017-synthetic-n4096-leaf-t3-memory_pressure,200,22.904819,23.127960249999997,23.34215147,22.9005325,22.825737365,90.078125,87.97265625,267.734375,256,64.0,200,0,0687bb27f05141a424b31da9247a1c02625c10a06caaa5ff34a33daeb97eabec,pre-delivered response acceptance only
Pi_WiFi,memory_pressure,synthetic,4096,leaf,4,0015-synthetic-n4096-leaf-t4-memory_pressure,200,22.7626665,23.05457355,23.3220508,22.758824,22.73895917,90.0859375,87.9765625,267.734375,256,64.0,200,0,0687bb27f05141a424b31da9247a1c02625c10a06caaa5ff34a33daeb97eabec,pre-delivered response acceptance only
Pi_WiFi,network,ethereum_rpc_finalized_json,69,ext_cached,0,0068-ethereum_rpc_finalized_json-n69-ext_cached-t0-network,200,82.3852685,148.14149909999995,181.54082147999998,10.16969,10.57199537,28.078125,24.01953125,276.0546875,0,0.0,200,632567.605,b30fd288c6fd25990944a24194c89dc578c58e3c230cc8ec278c49dc890c3c38,request/read through verified acceptance
Pi_WiFi,network,ethereum_rpc_finalized_json,69,ext_cached,1,0007-ethereum_rpc_finalized_json-n69-ext_cached-t1-network,200,83.45167599999999,152.15113674999998,175.01108215999997,9.446601,10.19660934,28.58203125,24.03125,267.734375,0,0.0,200,606714.505,b30fd288c6fd25990944a24194c89dc578c58e3c230cc8ec278c49dc890c3c38,request/read through verified acceptance
Pi_WiFi,network,ethereum_rpc_finalized_json,69,ext_cached,2,0005-ethereum_rpc_finalized_json-n69-ext_cached-t2-network,200,85.37902249999999,149.32002419999992,179.27485817,10.264344999999999,10.87361999,27.97265625,24.03515625,266.625,0,0.0,200,649745.005,b30fd288c6fd25990944a24194c89dc578c58e3c230cc8ec278c49dc890c3c38,request/read through verified acceptance
Pi_WiFi,network,ethereum_rpc_finalized_json,69,ext_cached,3,0004-ethereum_rpc_finalized_json-n69-ext_cached-t3-network,200,80.7481785,156.44810174999998,172.70194234999985,10.177422499999999,10.90438187,28.23046875,24.03125,265.2265625,0,0.0,200,652725.16,b30fd288c6fd25990944a24194c89dc578c58e3c230cc8ec278c49dc890c3c38,request/read through verified acceptance
Pi_WiFi,network,ethereum_rpc_finalized_json,69,ext_cached,4,0044-ethereum_rpc_finalized_json-n69-ext_cached-t4-network,200,79.17689899999999,157.70052964999996,182.58386226999997,10.25583,10.85918616,30.0546875,24.02734375,269.546875,0,0.0,200,649418.22,b30fd288c6fd25990944a24194c89dc578c58e3c230cc8ec278c49dc890c3c38,request/read through verified acceptance
Pi_WiFi,network,ethereum_rpc_finalized_json,69,ext_rebuild,0,0008-ethereum_rpc_finalized_json-n69-ext_rebuild-t0-network,200,350.30884000000003,416.4925378,467.3504439999999,10.273353499999999,10.61116679,28.0859375,24.03515625,267.734375,0,0.0,200,632578.68,b30fd288c6fd25990944a24194c89dc578c58e3c230cc8ec278c49dc890c3c38,request/read through verified acceptance
Pi_WiFi,network,ethereum_rpc_finalized_json,69,ext_rebuild,1,0006-ethereum_rpc_finalized_json-n69-ext_rebuild-t1-network,200,345.70115350000003,411.71221569999994,431.98515631999993,9.391105499999998,10.226843955,28.57421875,24.03125,267.33203125,0,0.0,200,606724.96,b30fd288c6fd25990944a24194c89dc578c58e3c230cc8ec278c49dc890c3c38,request/read through verified acceptance
Pi_WiFi,network,ethereum_rpc_finalized_json,69,ext_rebuild,2,0072-ethereum_rpc_finalized_json-n69-ext_rebuild-t2-network,200,349.81728150000004,413.61155245,420.44213472999996,10.189068500000001,10.88081817,27.95703125,24.02734375,276.0546875,0,0.0,200,649755.72,b30fd288c6fd25990944a24194c89dc578c58e3c230cc8ec278c49dc890c3c38,request/read through verified acceptance
Pi_WiFi,network,ethereum_rpc_finalized_json,69,ext_rebuild,3,0058-ethereum_rpc_finalized_json-n69-ext_rebuild-t3-network,200,353.48046250000004,424.23718264999997,440.8974248399999,10.20289,10.90990456,28.21875,24.02734375,271.1171875,0,0.0,200,652736.48,b30fd288c6fd25990944a24194c89dc578c58e3c230cc8ec278c49dc890c3c38,request/read through verified acceptance
Pi_WiFi,network,ethereum_rpc_finalized_json,69,ext_rebuild,4,0024-ethereum_rpc_finalized_json-n69-ext_rebuild-t4-network,200,353.20860849999997,425.57969084999996,432.06397497,10.157875,10.887033425,30.046875,24.02734375,267.734375,0,0.0,200,649428.99,b30fd288c6fd25990944a24194c89dc578c58e3c230cc8ec278c49dc890c3c38,request/read through verified acceptance
Pi_WiFi,network,ethereum_rpc_finalized_json,69,full,0,0029-ethereum_rpc_finalized_json-n69-full-t0-network,200,81.63838150000001,150.14795504999998,182.57848725999992,10.108702000000001,10.567558985,28.07421875,24.02734375,267.734375,0,0.0,200,632555.445,b30fd288c6fd25990944a24194c89dc578c58e3c230cc8ec278c49dc890c3c38,request/read through verified acceptance
Pi_WiFi,network,ethereum_rpc_finalized_json,69,full,1,0066-ethereum_rpc_finalized_json-n69-full-t1-network,200,74.7131665,137.12509435,161.58577086999998,9.476536,10.195661825,28.58203125,24.04296875,273.6171875,0,0.0,200,606702.295,b30fd288c6fd25990944a24194c89dc578c58e3c230cc8ec278c49dc890c3c38,request/read through verified acceptance
Pi_WiFi,network,ethereum_rpc_finalized_json,69,full,2,0038-ethereum_rpc_finalized_json-n69-full-t2-network,200,85.3522285,150.7942414,187.90970111999997,10.227295,10.873685735,27.95703125,24.03125,268.7265625,0,0.0,200,649732.98,b30fd288c6fd25990944a24194c89dc578c58e3c230cc8ec278c49dc890c3c38,request/read through verified acceptance
Pi_WiFi,network,ethereum_rpc_finalized_json,69,full,3,0002-ethereum_rpc_finalized_json-n69-full-t3-network,200,82.16905299999999,155.43715569999998,179.99907803000002,10.238124,10.91046811,28.23046875,24.0390625,249.8125,0,0.0,200,652713.335,b30fd288c6fd25990944a24194c89dc578c58e3c230cc8ec278c49dc890c3c38,request/read through verified acceptance
Pi_WiFi,network,ethereum_rpc_finalized_json,69,full,4,0009-ethereum_rpc_finalized_json-n69-full-t4-network,200,81.221976,158.1120761,194.6571600599998,10.145881,10.857682035,30.0546875,24.03515625,267.734375,0,0.0,200,649406.135,b30fd288c6fd25990944a24194c89dc578c58e3c230cc8ec278c49dc890c3c38,request/read through verified acceptance
Pi_WiFi,network,ethereum_rpc_finalized_json,69,leaf,0,0060-ethereum_rpc_finalized_json-n69-leaf-t0-network,200,84.004671,149.77659344999992,177.22984148999998,10.9385715,11.39608427,28.0625,24.0390625,271.1171875,0,0.0,200,640466.565,b30fd288c6fd25990944a24194c89dc578c58e3c230cc8ec278c49dc890c3c38,request/read through verified acceptance
Pi_WiFi,network,ethereum_rpc_finalized_json,69,leaf,1,0010-ethereum_rpc_finalized_json-n69-leaf-t1-network,200,78.2238675,144.39193995,152.25048985,10.2623045,11.004765045,29.24609375,24.0390625,267.734375,0,0.0,200,614613.075,b30fd288c6fd25990944a24194c89dc578c58e3c230cc8ec278c49dc890c3c38,request/read through verified acceptance
Pi_WiFi,network,ethereum_rpc_finalized_json,69,leaf,2,0067-ethereum_rpc_finalized_json-n69-leaf-t2-network,200,87.970767,153.23450579999997,178.60336072999988,10.995326,11.66586941,28.44140625,24.03515625,276.0546875,0,0.0,200,657644.55,b30fd288c6fd25990944a24194c89dc578c58e3c230cc8ec278c49dc890c3c38,request/read through verified acceptance
Pi_WiFi,network,ethereum_rpc_finalized_json,69,leaf,3,0013-ethereum_rpc_finalized_json-n69-leaf-t3-network,200,82.677001,159.8851901999999,191.75901136999994,11.021103499999999,11.67457102,28.671875,24.02734375,267.734375,0,0.0,200,660624.505,b30fd288c6fd25990944a24194c89dc578c58e3c230cc8ec278c49dc890c3c38,request/read through verified acceptance
Pi_WiFi,network,ethereum_rpc_finalized_json,69,leaf,4,0057-ethereum_rpc_finalized_json-n69-leaf-t4-network,200,81.33204699999999,152.55322829999997,171.64496310999988,11.0357225,11.664233995,30.3046875,24.0390625,270.64453125,0,0.0,200,657317.29,b30fd288c6fd25990944a24194c89dc578c58e3c230cc8ec278c49dc890c3c38,request/read through verified acceptance
Pi_WiFi,network,synthetic,512,ext_cached,0,0023-synthetic-n512-ext_cached-t0-network,200,15.763739000000001,18.774230899999996,20.50503092999998,0.654647,0.653197305,25.1953125,24.0390625,267.734375,0,0.0,200,4729.785,399484347219683dce319075ea78057e1e8ffcce90859b513ec913109fec9398,request/read through verified acceptance
Pi_WiFi,network,synthetic,512,ext_cached,1,0016-synthetic-n512-ext_cached-t1-network,200,14.6282125,17.2641509,18.360159199999988,0.660257,0.659080355,25.19140625,24.0390625,267.734375,0,0.0,200,4729.77,399484347219683dce319075ea78057e1e8ffcce90859b513ec913109fec9398,request/read through verified acceptance
Pi_WiFi,network,synthetic,512,ext_cached,2,0070-synthetic-n512-ext_cached-t2-network,200,14.6838495,17.99493975,19.002718729999994,0.6588225000000001,0.65729539,25.1953125,24.0390625,276.0546875,0,0.0,200,4729.77,399484347219683dce319075ea78057e1e8ffcce90859b513ec913109fec9398,request/read through verified acceptance
Pi_WiFi,network,synthetic,512,ext_cached,3,0061-synthetic-n512-ext_cached-t3-network,200,14.589672,17.241688749999994,18.849077979999997,0.6613694999999999,0.66004804,25.19140625,24.0390625,271.1171875,0,0.0,200,4729.545,399484347219683dce319075ea78057e1e8ffcce90859b513ec913109fec9398,request/read through verified acceptance
Pi_WiFi,network,synthetic,512,ext_cached,4,0032-synthetic-n512-ext_cached-t4-network,200,14.871910499999998,17.324532149999996,19.530599119999994,0.659786,0.658292215,25.1953125,24.0390625,267.734375,0,0.0,200,4729.79,399484347219683dce319075ea78057e1e8ffcce90859b513ec913109fec9398,request/read through verified acceptance
Pi_WiFi,network,synthetic,512,ext_rebuild,0,0043-synthetic-n512-ext_rebuild-t0-network,200,92.158778,95.52001785,127.65671785999993,0.684072,0.682138685,25.1875,24.03515625,268.7265625,0,0.0,200,4739.805,399484347219683dce319075ea78057e1e8ffcce90859b513ec913109fec9398,request/read through verified acceptance
Pi_WiFi,network,synthetic,512,ext_rebuild,1,0035-synthetic-n512-ext_rebuild-t1-network,200,92.308077,95.65201095,107.3051511699999,0.677128,0.67724673,25.1796875,24.03125,267.734375,0,0.0,200,4739.77,399484347219683dce319075ea78057e1e8ffcce90859b513ec913109fec9398,request/read through verified acceptance
Pi_WiFi,network,synthetic,512,ext_rebuild,2,0030-synthetic-n512-ext_rebuild-t2-network,200,92.251818,95.20318765,99.05749492999998,0.6843505000000001,0.684076405,25.18359375,24.03515625,267.734375,0,0.0,200,4739.76,399484347219683dce319075ea78057e1e8ffcce90859b513ec913109fec9398,request/read through verified acceptance
Pi_WiFi,network,synthetic,512,ext_rebuild,3,0034-synthetic-n512-ext_rebuild-t3-network,200,93.704208,98.4938873,103.74912982999987,0.6799985,0.6779001,25.1796875,24.03125,267.734375,0,0.0,200,4739.525,399484347219683dce319075ea78057e1e8ffcce90859b513ec913109fec9398,request/read through verified acceptance
Pi_WiFi,network,synthetic,512,ext_rebuild,4,0046-synthetic-n512-ext_rebuild-t4-network,200,91.6953565,93.53026354999999,102.40405426999993,0.6828704999999999,0.6796419,25.1875,24.0390625,269.546875,0,0.0,200,4739.775,399484347219683dce319075ea78057e1e8ffcce90859b513ec913109fec9398,request/read through verified acceptance
Pi_WiFi,network,synthetic,512,full,0,0033-synthetic-n512-full-t0-network,200,14.9279645,17.486234,19.350064599999993,0.6607485,0.65822835,25.17578125,24.0234375,267.734375,0,0.0,200,4717.78,399484347219683dce319075ea78057e1e8ffcce90859b513ec913109fec9398,request/read through verified acceptance
Pi_WiFi,network,synthetic,512,full,1,0059-synthetic-n512-full-t1-network,200,14.846947,17.25748575,18.49286357999998,0.6610914999999999,0.659020035,25.1875,24.03515625,271.1171875,0,0.0,200,4717.77,399484347219683dce319075ea78057e1e8ffcce90859b513ec913109fec9398,request/read through verified acceptance
Pi_WiFi,network,synthetic,512,full,2,0000-synthetic-n512-full-t2-network,200,14.769488500000001,19.971186849999995,21.280765949999996,0.65863,0.65846496,25.1875,24.03515625,109.46484375,0,0.0,200,4717.775,399484347219683dce319075ea78057e1e8ffcce90859b513ec913109fec9398,request/read through verified acceptance
Pi_WiFi,network,synthetic,512,full,3,0049-synthetic-n512-full-t3-network,200,14.982149,17.50030315,20.294639609999997,0.66637,0.66332797,25.16796875,24.015625,269.546875,0,0.0,200,4717.535,399484347219683dce319075ea78057e1e8ffcce90859b513ec913109fec9398,request/read through verified acceptance
Pi_WiFi,network,synthetic,512,full,4,0042-synthetic-n512-full-t4-network,200,14.681025,17.2993902,19.264039899999993,0.6637854999999999,0.662985085,25.1875,24.03515625,268.7265625,0,0.0,200,4717.79,399484347219683dce319075ea78057e1e8ffcce90859b513ec913109fec9398,request/read through verified acceptance
Pi_WiFi,network,synthetic,512,leaf,0,0028-synthetic-n512-leaf-t0-network,200,20.915636,24.240243299999996,25.35128344999998,3.445863,3.4390765,25.45703125,24.01953125,267.734375,0,0.0,200,38167.76,399484347219683dce319075ea78057e1e8ffcce90859b513ec913109fec9398,request/read through verified acceptance
Pi_WiFi,network,synthetic,512,leaf,1,0062-synthetic-n512-leaf-t1-network,200,19.8229325,22.5210723,23.689200999999997,3.4334925,3.428993035,25.47265625,24.03515625,271.1171875,0,0.0,200,38167.74,399484347219683dce319075ea78057e1e8ffcce90859b513ec913109fec9398,request/read through verified acceptance
Pi_WiFi,network,synthetic,512,leaf,2,0027-synthetic-n512-leaf-t2-network,200,21.301620999999997,25.75299735,28.332363609999998,3.471946,3.46257063,25.47265625,24.03515625,267.734375,0,0.0,200,38167.72,399484347219683dce319075ea78057e1e8ffcce90859b513ec913109fec9398,request/read through verified acceptance
Pi_WiFi,network,synthetic,512,leaf,3,0025-synthetic-n512-leaf-t3-network,200,21.7005015,24.69871595,30.666534409999986,3.423253,3.41755101,25.46875,24.03515625,267.734375,0,0.0,200,38167.51,399484347219683dce319075ea78057e1e8ffcce90859b513ec913109fec9398,request/read through verified acceptance
Pi_WiFi,network,synthetic,512,leaf,4,0048-synthetic-n512-leaf-t4-network,200,21.6117425,26.205952399999997,28.52661736999997,3.441007,3.435819005,25.47265625,24.03515625,269.546875,0,0.0,200,38167.76,399484347219683dce319075ea78057e1e8ffcce90859b513ec913109fec9398,request/read through verified acceptance
Pi_WiFi,network,synthetic,4096,ext_cached,0,0069-synthetic-n4096-ext_cached-t0-network,200,14.953299000000001,17.398618849999995,19.099499849999994,0.6846555000000001,0.683262315,25.18359375,24.02734375,276.0546875,0,0.0,200,5023.38,0687bb27f05141a424b31da9247a1c02625c10a06caaa5ff34a33daeb97eabec,request/read through verified acceptance
Pi_WiFi,network,synthetic,4096,ext_cached,1,0001-synthetic-n4096-ext_cached-t1-network,200,15.1303915,18.0272647,19.005813009999994,0.6835465000000001,0.680989725,25.1953125,24.03515625,133.3984375,0,0.0,200,5023.22,0687bb27f05141a424b31da9247a1c02625c10a06caaa5ff34a33daeb97eabec,request/read through verified acceptance
Pi_WiFi,network,synthetic,4096,ext_cached,2,0037-synthetic-n4096-ext_cached-t2-network,200,14.8626085,17.76521445,19.371033419999996,0.6840165,0.68256414,25.17578125,24.015625,267.734375,0,0.0,200,5023.57,0687bb27f05141a424b31da9247a1c02625c10a06caaa5ff34a33daeb97eabec,request/read through verified acceptance
Pi_WiFi,network,synthetic,4096,ext_cached,3,0055-synthetic-n4096-ext_cached-t3-network,200,13.953402,15.481258599999997,16.927547409999974,0.6822675,0.680540535,25.18359375,24.0234375,269.546875,0,0.0,200,5023.41,0687bb27f05141a424b31da9247a1c02625c10a06caaa5ff34a33daeb97eabec,request/read through verified acceptance
Pi_WiFi,network,synthetic,4096,ext_cached,4,0047-synthetic-n4096-ext_cached-t4-network,200,14.876126,17.327668149999994,18.88876328,0.6853055,0.683635935,25.19140625,24.03125,269.546875,0,0.0,200,5023.8,0687bb27f05141a424b31da9247a1c02625c10a06caaa5ff34a33daeb97eabec,request/read through verified acceptance
Pi_WiFi,network,synthetic,4096,ext_rebuild,0,0036-synthetic-n4096-ext_rebuild-t0-network,200,625.446213,629.74352175,635.04839134,0.7345895,0.724972195,25.19140625,24.0390625,267.734375,0,0.0,200,5037.36,0687bb27f05141a424b31da9247a1c02625c10a06caaa5ff34a33daeb97eabec,request/read through verified acceptance
Pi_WiFi,network,synthetic,4096,ext_rebuild,1,0039-synthetic-n4096-ext_rebuild-t1-network,200,625.7452000000001,628.70537885,634.1534186699997,0.7349695,0.72562405,25.19140625,24.0390625,268.7265625,0,0.0,200,5037.15,0687bb27f05141a424b31da9247a1c02625c10a06caaa5ff34a33daeb97eabec,request/read through verified acceptance
Pi_WiFi,network,synthetic,4096,ext_rebuild,2,0020-synthetic-n4096-ext_rebuild-t2-network,200,624.705676,629.2823801,634.7521331299998,0.7391570000000001,0.728261085,25.19140625,24.0390625,267.734375,0,0.0,200,5037.51,0687bb27f05141a424b31da9247a1c02625c10a06caaa5ff34a33daeb97eabec,request/read through verified acceptance
Pi_WiFi,network,synthetic,4096,ext_rebuild,3,0014-synthetic-n4096-ext_rebuild-t3-network,200,622.3533335,628.6536113999999,653.5222851999999,0.73908,0.729685975,25.1875,24.03515625,267.734375,0,0.0,200,5037.37,0687bb27f05141a424b31da9247a1c02625c10a06caaa5ff34a33daeb97eabec,request/read through verified acceptance
Pi_WiFi,network,synthetic,4096,ext_rebuild,4,0021-synthetic-n4096-ext_rebuild-t4-network,200,624.3696709999999,628.8757111,631.87897104,0.735313,0.72801617,25.1875,24.03515625,267.734375,0,0.0,200,5037.76,0687bb27f05141a424b31da9247a1c02625c10a06caaa5ff34a33daeb97eabec,request/read through verified acceptance
Pi_WiFi,network,synthetic,4096,full,0,0011-synthetic-n4096-full-t0-network,200,15.156509,17.7420194,18.736936409999988,0.6898035,0.688017295,25.18359375,24.0390625,267.734375,0,0.0,200,5011.395,0687bb27f05141a424b31da9247a1c02625c10a06caaa5ff34a33daeb97eabec,request/read through verified acceptance
Pi_WiFi,network,synthetic,4096,full,1,0054-synthetic-n4096-full-t1-network,200,14.226049,15.64265865,18.732999179999997,0.6882775,0.687380145,25.17578125,24.02734375,269.546875,0,0.0,200,5011.18,0687bb27f05141a424b31da9247a1c02625c10a06caaa5ff34a33daeb97eabec,request/read through verified acceptance
Pi_WiFi,network,synthetic,4096,full,2,0022-synthetic-n4096-full-t2-network,200,15.288154500000001,18.407094649999998,23.020297509999935,0.6854905,0.682923915,25.1796875,24.03515625,267.734375,0,0.0,200,5011.55,0687bb27f05141a424b31da9247a1c02625c10a06caaa5ff34a33daeb97eabec,request/read through verified acceptance
Pi_WiFi,network,synthetic,4096,full,3,0003-synthetic-n4096-full-t3-network,200,15.047021,17.815185849999995,20.20548188,0.6860919999999999,0.68522757,25.1796875,24.03515625,249.8125,0,0.0,200,5011.425,0687bb27f05141a424b31da9247a1c02625c10a06caaa5ff34a33daeb97eabec,request/read through verified acceptance
Pi_WiFi,network,synthetic,4096,full,4,0019-synthetic-n4096-full-t4-network,200,15.435777999999999,19.334221449999998,21.58636412,0.68677,0.685698605,25.18359375,24.0390625,267.734375,0,0.0,200,5011.8,0687bb27f05141a424b31da9247a1c02625c10a06caaa5ff34a33daeb97eabec,request/read through verified acceptance
Pi_WiFi,network,synthetic,4096,leaf,0,0018-synthetic-n4096-leaf-t0-network,200,73.598046,77.87732795,79.40400273,22.900378500000002,22.8763893,27.00390625,24.04296875,267.734375,0,0.0,200,278303.1,0687bb27f05141a424b31da9247a1c02625c10a06caaa5ff34a33daeb97eabec,request/read through verified acceptance
Pi_WiFi,network,synthetic,4096,leaf,1,0045-synthetic-n4096-leaf-t1-network,200,71.5136555,75.79602955,76.69490406999999,23.003525500000002,22.97148732,27.50390625,24.0390625,269.546875,0,0.0,200,278303.365,0687bb27f05141a424b31da9247a1c02625c10a06caaa5ff34a33daeb97eabec,request/read through verified acceptance
Pi_WiFi,network,synthetic,4096,leaf,2,0026-synthetic-n4096-leaf-t2-network,200,74.074247,79.22766499999999,84.21719913999995,22.9496435,22.939107965,27.0,24.0390625,267.734375,0,0.0,200,278303.36,0687bb27f05141a424b31da9247a1c02625c10a06caaa5ff34a33daeb97eabec,request/read through verified acceptance
Pi_WiFi,network,synthetic,4096,leaf,3,0017-synthetic-n4096-leaf-t3-network,200,73.3846635,79.5401266,182.94712581,23.381375,23.344875245,27.484375,24.02734375,267.734375,0,0.0,200,278303.005,0687bb27f05141a424b31da9247a1c02625c10a06caaa5ff34a33daeb97eabec,request/read through verified acceptance
Pi_WiFi,network,synthetic,4096,leaf,4,0015-synthetic-n4096-leaf-t4-network,200,73.7445165,79.42294585,82.05395114999999,22.943117,22.901128605,26.99609375,24.0390625,267.734375,0,0.0,200,278304.155,0687bb27f05141a424b31da9247a1c02625c10a06caaa5ff34a33daeb97eabec,request/read through verified acceptance
Pi_WiFi,original_e2,synthetic,512,B1_verified,0,original-n512-B1_verified-t0,200,0.393308,0.40758289999999997,0.45178144999999986,,,,,,,,,,,unchanged original E2 acceptance after in-process handoff
Pi_WiFi,original_e2,synthetic,512,B1_verified,1,original-n512-B1_verified-t1,200,0.394244,0.40935665,0.44354982,,,,,,,,,,,unchanged original E2 acceptance after in-process handoff
Pi_WiFi,original_e2,synthetic,512,B1_verified,2,original-n512-B1_verified-t2,200,0.39368800000000004,0.4070643,0.42619433999999995,,,,,,,,,,,unchanged original E2 acceptance after in-process handoff
Pi_WiFi,original_e2,synthetic,512,B1_verified,3,original-n512-B1_verified-t3,200,0.391188,0.42891775,0.51981496,,,,,,,,,,,unchanged original E2 acceptance after in-process handoff
Pi_WiFi,original_e2,synthetic,512,B1_verified,4,original-n512-B1_verified-t4,200,0.387077,0.40022805,0.4341014099999997,,,,,,,,,,,unchanged original E2 acceptance after in-process handoff
Pi_WiFi,original_e2,synthetic,512,B2_full,0,original-n512-B2_full-t0,200,0.393049,0.40433349999999996,0.4221520399999999,,,,,,,,,,,unchanged original E2 acceptance after in-process handoff
Pi_WiFi,original_e2,synthetic,512,B2_full,1,original-n512-B2_full-t1,200,0.3933455,0.40431464999999994,0.4252705899999998,,,,,,,,,,,unchanged original E2 acceptance after in-process handoff
Pi_WiFi,original_e2,synthetic,512,B2_full,2,original-n512-B2_full-t2,200,0.3942715,0.42813329999999994,0.45811629999999864,,,,,,,,,,,unchanged original E2 acceptance after in-process handoff
Pi_WiFi,original_e2,synthetic,512,B2_full,3,original-n512-B2_full-t3,200,0.3919285,0.40785154999999995,0.44199929000000004,,,,,,,,,,,unchanged original E2 acceptance after in-process handoff
Pi_WiFi,original_e2,synthetic,512,B2_full,4,original-n512-B2_full-t4,200,0.38924349999999996,0.40184600000000004,0.44352747999999986,,,,,,,,,,,unchanged original E2 acceptance after in-process handoff
Pi_WiFi,original_e2,synthetic,512,B3_leaf,0,original-n512-B3_leaf-t0,200,2.683559,2.7382367,3.0225153399999964,,,,,,,,,,,unchanged original E2 acceptance after in-process handoff
Pi_WiFi,original_e2,synthetic,512,B3_leaf,1,original-n512-B3_leaf-t1,200,2.69054,2.7516401999999998,3.009168789999996,,,,,,,,,,,unchanged original E2 acceptance after in-process handoff
Pi_WiFi,original_e2,synthetic,512,B3_leaf,2,original-n512-B3_leaf-t2,200,2.7017165,2.7275253999999998,2.78618755,,,,,,,,,,,unchanged original E2 acceptance after in-process handoff
Pi_WiFi,original_e2,synthetic,512,B3_leaf,3,original-n512-B3_leaf-t3,200,2.7015865000000003,2.7247844,2.7877531899999997,,,,,,,,,,,unchanged original E2 acceptance after in-process handoff
Pi_WiFi,original_e2,synthetic,512,B3_leaf,4,original-n512-B3_leaf-t4,200,2.6559855,2.6801998499999997,2.71744963,,,,,,,,,,,unchanged original E2 acceptance after in-process handoff
Pi_WiFi,original_e2,synthetic,512,B4_ext,0,original-n512-B4_ext-t0,200,0.392633,0.4043266,0.43871502999999984,,,,,,,,,,,unchanged original E2 acceptance after in-process handoff
Pi_WiFi,original_e2,synthetic,512,B4_ext,1,original-n512-B4_ext-t1,200,0.3947715,0.40875395,0.42647173999999993,,,,,,,,,,,unchanged original E2 acceptance after in-process handoff
Pi_WiFi,original_e2,synthetic,512,B4_ext,2,original-n512-B4_ext-t2,200,0.3933645,0.40431725,0.42177629999999966,,,,,,,,,,,unchanged original E2 acceptance after in-process handoff
Pi_WiFi,original_e2,synthetic,512,B4_ext,3,original-n512-B4_ext-t3,200,0.39070649999999996,0.4058677,0.440869829999999,,,,,,,,,,,unchanged original E2 acceptance after in-process handoff
Pi_WiFi,original_e2,synthetic,512,B4_ext,4,original-n512-B4_ext-t4,200,0.388188,0.4005953,0.41597869999999976,,,,,,,,,,,unchanged original E2 acceptance after in-process handoff
Pi_WiFi,original_e2,synthetic,4096,B1_verified,0,original-n4096-B1_verified-t0,200,0.4065305,0.417753,0.4375391899999999,,,,,,,,,,,unchanged original E2 acceptance after in-process handoff
Pi_WiFi,original_e2,synthetic,4096,B1_verified,1,original-n4096-B1_verified-t1,200,0.4063735,0.42959664999999997,0.8787297399999997,,,,,,,,,,,unchanged original E2 acceptance after in-process handoff
Pi_WiFi,original_e2,synthetic,4096,B1_verified,2,original-n4096-B1_verified-t2,200,0.41178950000000003,0.42314565,0.44045353999999953,,,,,,,,,,,unchanged original E2 acceptance after in-process handoff
Pi_WiFi,original_e2,synthetic,4096,B1_verified,3,original-n4096-B1_verified-t3,200,0.405808,0.41901615,0.47359857999999977,,,,,,,,,,,unchanged original E2 acceptance after in-process handoff
Pi_WiFi,original_e2,synthetic,4096,B1_verified,4,original-n4096-B1_verified-t4,200,0.41043799999999997,0.42463639999999997,0.4524404199999991,,,,,,,,,,,unchanged original E2 acceptance after in-process handoff
Pi_WiFi,original_e2,synthetic,4096,B2_full,0,original-n4096-B2_full-t0,200,0.406077,0.43439044999999993,0.4810029199999995,,,,,,,,,,,unchanged original E2 acceptance after in-process handoff
Pi_WiFi,original_e2,synthetic,4096,B2_full,1,original-n4096-B2_full-t1,200,0.40528949999999997,0.418204,0.43957299999999994,,,,,,,,,,,unchanged original E2 acceptance after in-process handoff
Pi_WiFi,original_e2,synthetic,4096,B2_full,2,original-n4096-B2_full-t2,200,0.41006750000000003,0.4239255,0.44612166999999997,,,,,,,,,,,unchanged original E2 acceptance after in-process handoff
Pi_WiFi,original_e2,synthetic,4096,B2_full,3,original-n4096-B2_full-t3,200,0.4073175,0.41934960000000004,0.43863861999999965,,,,,,,,,,,unchanged original E2 acceptance after in-process handoff
Pi_WiFi,original_e2,synthetic,4096,B2_full,4,original-n4096-B2_full-t4,200,0.4131325,0.44486125,0.5451560099999986,,,,,,,,,,,unchanged original E2 acceptance after in-process handoff
Pi_WiFi,original_e2,synthetic,4096,B3_leaf,0,original-n4096-B3_leaf-t0,200,19.039333,19.535601399999997,20.470998689999995,,,,,,,,,,,unchanged original E2 acceptance after in-process handoff
Pi_WiFi,original_e2,synthetic,4096,B3_leaf,1,original-n4096-B3_leaf-t1,200,18.609987500000003,19.108205449999996,19.84873946,,,,,,,,,,,unchanged original E2 acceptance after in-process handoff
Pi_WiFi,original_e2,synthetic,4096,B3_leaf,2,original-n4096-B3_leaf-t2,200,18.685561,19.16332825,20.072600369999996,,,,,,,,,,,unchanged original E2 acceptance after in-process handoff
Pi_WiFi,original_e2,synthetic,4096,B3_leaf,3,original-n4096-B3_leaf-t3,200,18.5696365,18.88246205,19.44496701,,,,,,,,,,,unchanged original E2 acceptance after in-process handoff
Pi_WiFi,original_e2,synthetic,4096,B3_leaf,4,original-n4096-B3_leaf-t4,200,18.8313175,19.10008195,19.961820569999997,,,,,,,,,,,unchanged original E2 acceptance after in-process handoff
Pi_WiFi,original_e2,synthetic,4096,B4_ext,0,original-n4096-B4_ext-t0,200,0.40491900000000003,0.41716555,0.44167580999999967,,,,,,,,,,,unchanged original E2 acceptance after in-process handoff
Pi_WiFi,original_e2,synthetic,4096,B4_ext,1,original-n4096-B4_ext-t1,200,0.40457699999999996,0.41854389999999997,0.43658191999999996,,,,,,,,,,,unchanged original E2 acceptance after in-process handoff
Pi_WiFi,original_e2,synthetic,4096,B4_ext,2,original-n4096-B4_ext-t2,200,0.4103735,0.4225693,0.44786499999999996,,,,,,,,,,,unchanged original E2 acceptance after in-process handoff
Pi_WiFi,original_e2,synthetic,4096,B4_ext,3,original-n4096-B4_ext-t3,200,0.4072715,0.42028765,0.4393003,,,,,,,,,,,unchanged original E2 acceptance after in-process handoff
Pi_WiFi,original_e2,synthetic,4096,B4_ext,4,original-n4096-B4_ext-t4,200,0.4108355,0.42293430000000004,0.44483283999999995,,,,,,,,,,,unchanged original E2 acceptance after in-process handoff
